ndb_no,name,calories_kcal,protein_g,carbs_g,fat_g,fiber_g
01001,"Butter, salted",717.0,0.85,0.06,81.11,0.0
01002,"Butter, whipped, with salt",718.0,0.49,2.87,78.3,0.0
01003,"Butter oil, anhydrous",876.0,0.28,0.0,99.48,0.0
01004,"Cheese, blue",353.0,21.4,2.34,28.74,0.0
01005,"Cheese, brick",371.0,23.24,2.79,29.68,0.0
01006,"Cheese, brie",334.0,20.75,0.45,27.68,0.0
01007,"Cheese, camembert",300.0,19.8,0.46,24.26,0.0
01008,"Cheese, caraway",376.0,25.18,3.06,29.2,0.0
01009,"Cheese, cheddar",404.0,22.87,3.09,33.31,0.0
01010,"Cheese, cheshire",387.0,23.37,4.78,30.6,0.0
01011,"Cheese, colby",394.0,23.76,2.57,32.11,0.0
01012,"Cheese, cottage, creamed, large or small curd",98.0,11.12,3.38,4.3,0.0
01013,"Cheese, cottage, creamed, with fruit",97.0,10.69,4.61,3.85,0.2
01014,"Cheese, cottage, nonfat, uncreamed, dry, large or small curd",72.0,10.34,6.66,0.29,0.0
01015,"Cheese, cottage, lowfat, 2% milkfat",81.0,10.45,4.76,2.27,0.0
01016,"Cheese, cottage, lowfat, 1% milkfat",72.0,12.39,2.72,1.02,0.0
01017,"Cheese, cream",350.0,6.15,5.52,34.44,0.0
01018,"Cheese, edam",357.0,24.99,1.43,27.8,0.0
01019,"Cheese, feta",264.0,14.21,4.09,21.28,0.0
01020,"Cheese, fontina",389.0,25.6,1.55,31.14,0.0
01021,"Cheese, gjetost",466.0,9.65,42.65,29.51,0.0
01022,"Cheese, gouda",356.0,24.94,2.22,27.44,0.0
01023,"Cheese, gruyere",413.0,29.81,0.36,32.34,0.0
01024,"Cheese, limburger",327.0,20.05,0.49,27.25,0.0
01025,"Cheese, monterey",373.0,24.48,0.68,30.28,0.0
01026,"Cheese, mozzarella, whole milk",300.0,22.17,2.19,22.35,0.0
01027,"Cheese, mozzarella, whole milk, low moisture",318.0,21.6,2.47,24.64,0.0
01028,"Cheese, mozzarella, part skim milk",254.0,24.26,2.77,15.92,0.0
01029,"Cheese, mozzarella, low moisture, part-skim",295.0,23.75,5.58,19.78,0.0
01030,"Cheese, muenster",368.0,23.41,1.12,30.04,0.0
01031,"Cheese, neufchatel",253.0,9.15,3.59,22.78,0.0
01032,"Cheese, parmesan, grated",420.0,28.42,13.91,27.84,0.0
01033,"Cheese, parmesan, hard",392.0,35.75,3.22,25.83,0.0
01034,"Cheese, port de salut",352.0,23.78,0.57,28.2,0.0
01035,"Cheese, provolone",351.0,25.58,2.14,26.62,0.0
01036,"Cheese, ricotta, whole milk",174.0,11.26,3.04,12.98,0.0
01037,"Cheese, ricotta, part skim milk",138.0,11.39,5.14,7.91,0.0
01038,"Cheese, romano",387.0,31.8,3.63,26.94,0.0
01039,"Cheese, roquefort",369.0,21.54,2.0,30.64,0.0
01040,"Cheese, swiss",393.0,26.96,1.44,30.99,0.0
01041,"Cheese, tilsit",340.0,24.41,1.88,25.98,0.0
01042,"Cheese, pasteurized process, American, fortified with vitamin D",366.0,18.13,4.78,30.71,0.0
01043,"Cheese, pasteurized process, pimento",375.0,22.13,1.73,31.2,0.1
01044,"Cheese, pasteurized process, swiss",334.0,24.73,2.1,25.01,0.0
01045,"Cheese food, cold pack, American",331.0,19.66,8.32,24.46,0.0
01046,"Cheese food, pasteurized process, American, vitamin D fortified",330.0,16.86,8.56,25.63,0.0
01047,"Cheese food, pasteurized process, swiss",323.0,21.92,4.5,24.14,0.0
01048,"Cheese spread, pasteurized process, American",290.0,16.41,8.73,21.23,0.0
01049,"Cream, fluid, half and half",123.0,3.13,4.73,10.39,0.0
01050,"Cream, fluid, light (coffee cream or table cream)",191.0,2.96,2.82,19.1,0.0
01052,"Cream, fluid, light whipping",292.0,2.17,2.96,30.91,0.0
01053,"Cream, fluid, heavy whipping",340.0,2.84,2.74,36.08,0.0
01054,"Cream, whipped, cream topping, pressurized",257.0,3.2,12.49,22.22,0.0
01055,"Cream, sour, reduced fat, cultured",135.0,2.94,4.26,12.0,0.0
01056,"Cream, sour, cultured",198.0,2.44,4.63,19.35,0.0
01057,Eggnog,88.0,4.55,8.05,4.19,0.0
01058,"Sour dressing, non-butterfat, cultured, filled cream-type",178.0,3.25,4.68,16.57,0.0
01059,"Milk, filled, fluid, with blend of hydrogenated vegetable oils",63.0,3.33,4.74,3.46,0.0
01060,"Milk, filled, fluid, with lauric acid oil",63.0,3.33,4.74,3.4,0.0
01061,"Cheese, American, nonfat or fat free",126.0,21.05,10.53,0.0,0.0
01067,"Cream substitute, liquid, with hydrogenated vegetable oil and soy protein",136.0,1.0,11.38,9.97,0.0
01068,"Cream substitute, liquid, with lauric acid oil and sodium caseinate",136.0,1.0,11.38,9.97,0.0
01069,"Cream substitute, powdered",529.0,2.48,59.29,32.92,0.0
01070,"Dessert topping, powdered",577.0,4.9,52.54,39.92,0.0
01071,"Dessert topping, powdered, 1.5 ounce prepared with 1/2 cup milk",194.0,3.61,17.13,12.72,0.0
01072,"Dessert topping, pressurized",264.0,0.98,16.07,22.3,0.0
01073,"Dessert topping, semi solid, frozen",318.0,1.25,23.05,25.31,0.0
01074,"Sour cream, imitation, cultured",208.0,2.4,6.63,19.52,0.0
01076,"Milk substitutes, fluid, with lauric acid oil",61.0,1.75,6.16,3.41,0.0
01077,"Milk, whole, 3.25% milkfat, with added vitamin D",61.0,3.15,4.8,3.25,0.0
01078,"Milk, producer, fluid, 3.7% milkfat",64.0,3.28,4.65,3.66,0.0
01079,"Milk, reduced fat, fluid, 2% milkfat, with added vitamin A and vitamin D",50.0,3.3,4.8,1.98,0.0
01080,"Milk, reduced fat, fluid, 2% milkfat, with added nonfat milk solids and vitamin A and vitamin D",51.0,3.48,4.97,1.92,0.0
01081,"Milk, reduced fat, fluid, 2% milkfat, protein fortified, with added vitamin A and vitamin D",56.0,3.95,5.49,1.98,0.0
01082,"Milk, lowfat, fluid, 1% milkfat, with added vitamin A and vitamin D",42.0,3.37,4.99,0.97,0.0
01083,"Milk, lowfat, fluid, 1% milkfat, with added nonfat milk solids, vitamin A and vitamin D",43.0,3.48,4.97,0.97,0.0
01084,"Milk, lowfat, fluid, 1% milkfat, protein fortified, with added vitamin A and vitamin D",48.0,3.93,5.52,1.17,0.0
01085,"Milk, nonfat, fluid, with added vitamin A and vitamin D (fat free or skim)",34.0,3.37,4.96,0.08,0.0
01086,"Milk, nonfat, fluid, with added nonfat milk solids, vitamin A and vitamin D (fat free or skim)",37.0,3.57,5.02,0.25,0.0
01087,"Milk, nonfat, fluid, protein fortified, with added vitamin A and vitamin D (fat free and skim)",41.0,3.96,5.56,0.25,0.0
01088,"Milk, buttermilk, fluid, cultured, lowfat",40.0,3.31,4.79,0.88,0.0
01089,"Milk, low sodium, fluid",61.0,3.1,4.46,3.46,0.0
01090,"Milk, dry, whole, with added vitamin D",496.0,26.32,38.42,26.71,0.0
01091,"Milk, dry, nonfat, regular, without added vitamin A and vitamin D",362.0,36.16,51.98,0.77,0.0
01092,"Milk, dry, nonfat, instant, with added vitamin A and vitamin D",358.0,35.1,52.19,0.72,0.0
01093,"Milk, dry, nonfat, calcium reduced",354.0,35.5,51.8,0.2,0.0
01094,"Milk, buttermilk, dried",387.0,34.3,49.0,5.78,0.0
01095,"Milk, canned, condensed, sweetened",321.0,7.91,54.4,8.7,0.0
01096,"Milk, canned, evaporated, with added vitamin D and without added vitamin A",134.0,6.81,10.04,7.56,0.0
01097,"Milk, canned, evaporated, nonfat, with added vitamin A and vitamin D",78.0,7.55,11.35,0.2,0.0
01102,"Milk, chocolate, fluid, commercial, whole, with added vitamin A and vitamin D",83.0,3.17,10.34,3.39,0.8
01103,"Milk, chocolate, fluid, commercial, reduced fat, with added vitamin A and vitamin D",76.0,2.99,12.13,1.9,0.7
01104,"Milk, chocolate, lowfat, with added vitamin A and vitamin D",62.0,3.46,9.86,1.0,0.1
01105,"Milk, chocolate beverage, hot cocoa, homemade",77.0,3.52,10.74,2.34,1.0
01106,"Milk, goat, fluid, with added vitamin D",69.0,3.56,4.45,4.14,0.0
01107,"Milk, human, mature, fluid",70.0,1.03,6.89,4.38,0.0
01108,"Milk, indian buffalo, fluid",97.0,3.75,5.18,6.89,0.0
01109,"Milk, sheep, fluid",108.0,5.98,5.36,7.0,0.0
01110,"Milk shakes, thick chocolate",119.0,3.05,21.15,2.7,0.3
01111,"Milk shakes, thick vanilla",112.0,3.86,17.75,3.03,0.0
01112,"Whey, acid, fluid",24.0,0.76,5.12,0.09,0.0
01113,"Whey, acid, dried",339.0,11.73,73.45,0.54,0.0
01114,"Whey, sweet, fluid",27.0,0.85,5.14,0.36,0.0
01115,"Whey, sweet, dried",353.0,12.93,74.46,1.07,0.0
01116,"Yogurt, plain, whole milk, 8 grams protein per 8 ounce",61.0,3.47,4.66,3.25,0.0
01117,"Yogurt, plain, low fat, 12 grams protein per 8 ounce",63.0,5.25,7.04,1.55,0.0
01118,"Yogurt, plain, skim milk, 13 grams protein per 8 ounce",56.0,5.73,7.68,0.18,0.0
01119,"Yogurt, vanilla, low fat, 11 grams protein per 8 ounce",85.0,4.93,13.8,1.25,0.0
01120,"Yogurt, fruit, low fat, 9 grams protein per 8 ounce",99.0,3.98,18.64,1.15,0.0
01121,"Yogurt, fruit, low fat, 10 grams protein per 8 ounce",102.0,4.37,19.05,1.08,0.0
01122,"Yogurt, fruit, low fat, 11 grams protein per 8 ounce",105.0,4.86,18.6,1.41,0.0
01123,"Egg, whole, raw, fresh",143.0,12.56,0.72,9.51,0.0
01124,"Egg, white, raw, fresh",52.0,10.9,0.73,0.17,0.0
01125,"Egg, yolk, raw, fresh",322.0,15.86,3.59,26.54,0.0
01126,"Egg, yolk, raw, frozen, pasteurized",296.0,15.53,0.81,25.6,0.0
01127,"Egg, yolk, raw, frozen, sugared, pasteurized",307.0,13.87,10.95,22.82,0.0
01128,"Egg, whole, cooked, fried",196.0,13.61,0.83,14.84,0.0
01129,"Egg, whole, cooked, hard-boiled",155.0,12.58,1.12,10.61,0.0
01130,"Egg, whole, cooked, omelet",154.0,10.57,0.64,11.66,0.0
01131,"Egg, whole, cooked, poached",143.0,12.51,0.71,9.47,0.0
01132,"Egg, whole, cooked, scrambled",149.0,9.99,1.61,10.98,0.0
01133,"Egg, whole, dried",592.0,48.05,1.13,43.9,0.0
01134,"Egg, whole, dried, stabilized, glucose reduced",615.0,48.17,2.38,43.95,0.0
01135,"Egg, white, dried, flakes, stabilized, glucose reduced",351.0,76.92,4.17,0.04,0.0
01136,"Egg, white, dried, powder, stabilized, glucose reduced",376.0,82.4,4.47,0.04,0.0
01137,"Egg, yolk, dried",669.0,33.63,0.66,59.13,0.0
01138,"Egg, duck, whole, fresh, raw",185.0,12.81,1.45,13.77,0.0
01139,"Egg, goose, whole, fresh, raw",185.0,13.87,1.35,13.27,0.0
01140,"Egg, quail, whole, fresh, raw",158.0,13.05,0.41,11.09,0.0
01141,"Egg, turkey, whole, fresh, raw",171.0,13.68,1.15,11.88,0.0
01144,"Egg substitute, powder",444.0,55.5,21.8,13.0,0.0
01145,"Butter, without salt",717.0,0.85,0.06,81.11,0.0
01146,"Cheese, parmesan, shredded",415.0,37.86,3.41,27.34,0.0
01151,"Milk, nonfat, fluid, without added vitamin A and vitamin D (fat free or skim)",34.0,3.37,4.96,0.08,0.0
01152,"Milk, reduced fat, fluid, 2% milkfat, with added nonfat milk solids, without added vitamin A",56.0,3.95,5.49,1.98,0.0
01153,"Milk, canned, evaporated, with added vitamin A",134.0,6.81,10.04,7.56,0.0
01154,"Milk, dry, nonfat, regular, with added vitamin A and vitamin D",362.0,36.16,51.98,0.77,0.0
01155,"Milk, dry, nonfat, instant, without added vitamin A and vitamin D",358.0,35.1,52.19,0.72,0.0
01156,"Cheese, goat, hard type",452.0,30.52,2.17,35.59,0.0
01157,"Cheese, goat, semisoft type",364.0,21.58,0.12,29.84,0.0
01159,"Cheese, goat, soft type",264.0,18.52,0.0,21.08,0.0
01160,"Egg, yolk, raw, frozen, salted, pasteurized",275.0,14.07,1.77,22.93,0.0
01161,"Cheese substitute, mozzarella",248.0,11.47,23.67,12.22,0.0
01164,"Cheese sauce, prepared from recipe",197.0,10.33,5.48,14.92,0.1
01165,"Cheese, mexican, queso anejo",373.0,21.44,4.63,29.98,0.0
01166,"Cheese, mexican, queso asadero",356.0,22.6,2.87,28.26,0.0
01167,"Cheese, mexican, queso chihuahua",374.0,21.56,5.56,29.68,0.0
01168,"Cheese, low fat, cheddar or colby",173.0,24.35,1.91,7.0,0.0
01169,"Cheese, low-sodium, cheddar or colby",398.0,24.35,1.91,32.62,0.0
01171,"Egg, whole, raw, frozen, pasteurized",147.0,12.33,1.01,9.95,0.0
01172,"Egg, white, raw, frozen, pasteurized",48.0,10.2,1.04,0.0,0.0
01173,"Egg, white, dried",382.0,81.1,7.8,0.0,0.0
01174,"Milk, reduced fat, fluid, 2% milkfat, without added vitamin A and vitamin D",50.0,3.3,4.8,1.98,0.0
01175,"Milk, fluid, 1% fat, without added vitamin A and vitamin D",42.0,3.37,4.99,0.97,0.0
01178,"Sour cream, reduced fat",181.0,7.0,7.0,14.1,0.0
01179,"Sour cream, light",136.0,3.5,7.1,10.6,0.0
01180,"Sour cream, fat free",74.0,3.1,15.6,0.0,0.0
01182,"USDA Commodity, cheese, cheddar, reduced fat",282.0,27.2,2.0,18.3,0.0
01184,"Yogurt, vanilla or lemon flavor, nonfat milk, sweetened with low-calorie sweetener",43.0,3.86,7.5,0.18,0.0
01185,"Parmesan cheese topping, fat free",370.0,40.0,40.0,5.0,0.0
01186,"Cheese, cream, fat free",105.0,15.69,7.66,1.0,0.0
01187,"Yogurt, chocolate, nonfat milk",112.0,3.53,23.53,0.0,1.2
01188,KRAFT CHEEZ WHIZ Pasteurized Process Cheese Sauce,276.0,12.0,9.2,21.0,0.3
01189,KRAFT CHEEZ WHIZ LIGHT Pasteurized Process Cheese Product,215.0,16.3,16.2,9.5,0.2
01190,KRAFT FREE Singles American Nonfat Pasteurized Process Cheese Product,148.0,22.7,11.7,1.0,0.2
01191,KRAFT VELVEETA Pasteurized Process Cheese Spread,303.0,16.3,9.8,22.0,0.0
01192,KRAFT VELVEETA LIGHT Reduced Fat Pasteurized Process Cheese Product,222.0,19.6,11.8,10.6,0.0
01193,KRAFT BREAKSTONE'S Reduced Fat Sour Cream,152.0,4.5,6.5,12.0,0.1
01194,KRAFT BREAKSTONE'S FREE Fat Free Sour Cream,91.0,4.7,15.1,1.3,0.0
01199,"Cream, half and half, fat free",59.0,2.6,9.0,1.4,0.0
01200,Reddi Wip Fat Free Whipped Topping,149.0,3.0,25.0,5.0,0.4
01202,"Milk, chocolate, fluid, commercial, reduced fat, with added calcium",78.0,2.99,12.13,1.9,0.7
01203,"Yogurt, fruit, lowfat, with low calorie sweetener",105.0,4.86,18.6,1.41,0.0
01204,"Cheese, parmesan, dry grated, reduced fat",265.0,20.0,1.37,20.0,0.0
01205,"Cream substitute, flavored, liquid",251.0,0.69,35.07,13.5,1.1
01206,"Cream substitute, flavored, powdered",482.0,0.68,75.42,21.47,1.2
01208,"Cheese, provolone, reduced fat",274.0,24.7,3.5,17.6,0.0
01209,"Cheese, Mexican, blend, reduced fat",282.0,24.69,3.41,19.4,0.0
01210,"Egg Mix, USDA Commodity",555.0,35.6,23.97,34.5,
01211,"Milk, whole, 3.25% milkfat, without added vitamin A and vitamin D",61.0,3.15,4.78,3.27,0.0
01212,"Milk, dry, whole, without added vitamin D",496.0,26.32,38.42,26.71,0.0
01214,"Milk, canned, evaporated, without added vitamin A and vitamin D",135.0,6.81,10.04,7.56,0.0
01215,"Cheese product, pasteurized process, American, reduced fat, fortified with vitamin D",240.0,17.6,10.6,14.1,0.0
01216,"Yogurt, fruit, low fat, 9 grams protein per 8 ounce, fortified with vitamin D",99.0,3.98,18.64,1.15,0.0
01217,"Yogurt, fruit, low fat, 10 grams protein per 8 ounce, fortified with vitamin D",102.0,4.37,19.05,1.08,0.0
01218,"Yogurt, fruit variety, nonfat, fortified with vitamin D",95.0,4.4,19.0,0.2,0.0
01219,"Yogurt, fruit, lowfat, with low calorie sweetener, fortified with vitamin D",105.0,4.86,18.6,1.41,0.0
01220,"Yogurt, vanilla, low fat, 11 grams protein per 8 ounce, fortified with vitamin D",85.0,4.93,13.8,1.25,0.0
01221,"Yogurt, vanilla or lemon flavor, nonfat milk, sweetened with low-calorie sweetener, fortified with vitamin D",43.0,3.86,7.5,0.18,0.0
01222,"Yogurt, chocolate, nonfat milk, fortified with vitamin D",112.0,3.53,23.53,0.0,1.2
01223,"Protein supplement, milk based, Muscle Milk, powder",411.0,45.71,18.5,17.14,7.1
01224,"Protein supplement, milk based, Muscle Milk Light, powder",396.0,50.0,22.0,12.0,2.0
01225,Dulce de Leche,315.0,6.84,55.35,7.35,0.0
01226,"Egg substitute, liquid or frozen, fat free",48.0,10.0,2.0,0.0,0.0
01227,"Cheese, dry white, queso seco",325.0,24.51,2.04,24.35,
01228,"Cheese, fresh, queso fresco",299.0,18.09,2.98,23.82,0.0
01229,"Cheese, white, queso blanco",310.0,20.38,2.53,24.31,
01230,"Milk, buttermilk, fluid, whole",62.0,3.21,4.88,3.31,0.0
01231,"Yogurt, vanilla flavor, lowfat milk, sweetened with low calorie sweetener",86.0,4.93,13.8,1.25,0.0
01235,"Yogurt, frozen, flavors not chocolate, nonfat milk, with low-calorie sweetener",104.0,4.4,19.7,0.8,2.0
01236,"Ice cream, soft serve, chocolate",222.0,4.1,22.2,13.0,0.7
01237,"Ice cream, bar or stick, chocolate covered",331.0,4.1,24.5,24.1,0.8
01238,Ice cream sandwich,237.0,4.29,37.14,8.57,0.0
01239,Ice cream cookie sandwich,240.0,3.7,39.6,7.4,1.2
01240,"Ice cream cone, chocolate covered, with nuts, flavors other than chocolate",354.0,5.21,34.38,21.88,1.0
01241,"Ice cream sandwich, made with light ice cream, vanilla",186.0,4.29,39.64,3.04,0.0
01242,"Ice cream sandwich, vanilla, light, no sugar added",200.0,5.71,42.86,2.86,7.1
01243,"Fat free ice cream, no sugar added, flavors other than chocolate",129.0,4.41,27.94,0.0,7.4
01244,"Milk dessert bar, frozen, made from lowfat milk",147.0,4.41,33.09,1.47,6.6
01250,"Nutritional supplement for people with diabetes, liquid",88.0,4.4,11.88,3.08,2.2
01251,"Cheese, Mexican blend",358.0,23.54,1.75,28.51,0.0
01252,"Cheese product, pasteurized process, American, vitamin D fortified",312.0,17.12,8.8,23.11,0.0
01253,"Cheese, pasteurized process, American, without added vitamin D",371.0,18.13,3.7,31.79,0.0
01254,"Cheese food, pasteurized process, American, without added vitamin D",330.0,16.86,8.56,25.63,0.0
01255,"Egg, whole, raw, frozen, salted, pasteurized",138.0,10.97,0.83,10.07,0.0
01256,"Yogurt, Greek, plain, nonfat",59.0,10.19,3.6,0.39,0.0
01258,"Egg, white, dried, stabilized, glucose reduced",357.0,84.08,4.51,0.32,0.0
01259,"Cheese spread, American or Cheddar cheese base, reduced fat",176.0,13.41,10.71,8.88,0.0
01260,"Cheese, cheddar, reduced fat",309.0,27.35,4.06,20.41,0.0
01263,"Ice cream, light, soft serve, chocolate",141.0,3.36,23.15,3.69,0.0
01264,"Ice cream bar, stick or nugget, with crunch coating",358.0,2.11,37.12,25.26,1.1
01265,"Cheese, cheddar, nonfat or fat free",157.0,32.14,7.14,0.0,0.0
01266,"Cheese, Swiss, nonfat or fat free",127.0,28.4,3.4,0.0,0.0
01267,"Cheese, mexican, queso cotija",366.0,20.0,3.97,30.0,0.0
01270,"Cheese, cheddar, sharp, sliced",410.0,24.25,2.13,33.82,0.0
01271,"Cheese, mozzarella, low moisture, part-skim, shredded",304.0,23.63,8.06,19.72,0.0
01275,"Yogurt, Greek, nonfat, vanilla, CHOBANI",71.0,9.07,8.09,0.22,0.3
01276,"Yogurt, Greek, strawberry, DANNON OIKOS",106.0,8.25,11.67,2.92,1.0
01278,"Yogurt, Greek, nonfat, vanilla, DANNON OIKOS",85.0,8.12,12.72,0.14,0.5
01280,"Yogurt, Greek, nonfat, strawberry, DANNON OIKOS",84.0,8.03,12.53,0.22,0.4
01281,"Yogurt, Greek, nonfat, strawberry, CHOBANI",80.0,8.03,11.62,0.12,0.7
01284,"Yogurt, Greek, strawberry, lowfat",103.0,8.17,11.89,2.57,1.0
01285,"Yogurt, Greek, strawberry, nonfat",82.0,8.05,12.07,0.15,0.6
01286,"Yogurt, Greek, vanilla, nonfat",78.0,8.64,10.37,0.18,0.5
01287,"Yogurt, Greek, plain, lowfat",73.0,9.95,3.94,1.92,0.0
01289,"Kefir, lowfat, plain, LIFEWAY",41.0,3.79,4.48,0.93,0.0
01290,"Kefir, lowfat, strawberry, LIFEWAY",62.0,3.39,10.2,0.9,0.0
01291,"Milk, evaporated, 2% fat, with added vitamin A and vitamin D",107.0,6.67,15.74,2.0,0.0
01292,"Milk, chocolate, fat free, with added vitamin A and vitamin D",67.0,3.39,13.46,0.0,0.0
01293,"Yogurt, Greek, plain, whole milk",97.0,9.0,3.98,5.0,0.0
01294,"Yogurt, Greek, fruit, whole milk",106.0,7.33,12.29,3.0,0.0
01295,"Yogurt, vanilla, non-fat",78.0,2.94,17.04,0.0,0.0
01297,"Yogurt, Greek, vanilla, lowfat",95.0,8.64,9.54,2.5,0.0
01298,"Yogurt, frozen, flavors other than chocolate, lowfat",139.0,8.0,21.0,2.5,0.0
01300,"Ice cream bar, covered with chocolate and nuts",303.0,5.62,11.89,25.84,1.1
01301,Ice cream sundae cone,254.0,3.0,28.89,14.0,1.0
01302,"Light ice cream, Creamsicle",165.0,1.54,32.75,3.08,0.0
01303,"Cream, half and half, lowfat",72.0,3.33,3.33,5.0,0.0
01305,"Milk, chocolate, lowfat, reduced sugar",54.0,3.43,7.68,1.04,0.0
01306,"Ice cream, lowfat, no sugar added, cone, added peanuts and chocolate sauce",265.0,5.33,40.01,9.33,9.3
02001,"Spices, allspice, ground",263.0,6.09,72.12,8.69,21.6
02002,"Spices, anise seed",337.0,17.6,50.02,15.9,14.6
02003,"Spices, basil, dried",233.0,22.98,47.75,4.07,37.7
02004,"Spices, bay leaf",313.0,7.61,74.97,8.36,26.3
02005,"Spices, caraway seed",333.0,19.77,49.9,14.59,38.0
02006,"Spices, cardamom",311.0,10.76,68.47,6.7,28.0
02007,"Spices, celery seed",392.0,18.07,41.35,25.27,11.8
02008,"Spices, chervil, dried",237.0,23.2,49.1,3.9,11.3
02009,"Spices, chili powder",282.0,13.46,49.7,14.28,34.8
02010,"Spices, cinnamon, ground",247.0,3.99,80.59,1.24,53.1
02011,"Spices, cloves, ground",274.0,5.97,65.53,13.0,33.9
02012,"Spices, coriander leaf, dried",279.0,21.93,52.1,4.78,10.4
02013,"Spices, coriander seed",298.0,12.37,54.99,17.77,41.9
02014,"Spices, cumin seed",375.0,17.81,44.24,22.27,10.5
02015,"Spices, curry powder",325.0,14.29,55.83,14.01,53.2
02016,"Spices, dill seed",305.0,15.98,55.17,14.54,21.1
02017,"Spices, dill weed, dried",253.0,19.96,55.82,4.36,13.6
02018,"Spices, fennel seed",345.0,15.8,52.29,14.87,39.8
02019,"Spices, fenugreek seed",323.0,23.0,58.35,6.41,24.6
02020,"Spices, garlic powder",331.0,16.55,72.73,0.73,9.0
02021,"Spices, ginger, ground",335.0,8.98,71.62,4.24,14.1
02022,"Spices, mace, ground",475.0,6.71,50.5,32.38,20.2
02023,"Spices, marjoram, dried",271.0,12.66,60.56,7.04,40.3
02024,"Spices, mustard seed, ground",508.0,26.08,28.09,36.24,12.2
02025,"Spices, nutmeg, ground",525.0,5.84,49.29,36.31,20.8
02026,"Spices, onion powder",341.0,10.41,79.12,1.04,15.2
02027,"Spices, oregano, dried",265.0,9.0,68.92,4.28,42.5
02028,"Spices, paprika",282.0,14.14,53.99,12.89,34.9
02029,"Spices, parsley, dried",292.0,26.63,50.64,5.48,26.7
02030,"Spices, pepper, black",251.0,10.39,63.95,3.26,25.3
02031,"Spices, pepper, red or cayenne",318.0,12.01,56.63,17.27,27.2
02032,"Spices, pepper, white",296.0,10.4,68.61,2.12,26.2
02033,"Spices, poppy seed",525.0,17.99,28.13,41.56,19.5
02034,"Spices, poultry seasoning",307.0,9.59,65.59,7.53,11.3
02035,"Spices, pumpkin pie spice",342.0,5.76,69.28,12.6,14.8
02036,"Spices, rosemary, dried",331.0,4.88,64.06,15.22,42.6
02037,"Spices, saffron",310.0,11.43,65.37,5.85,3.9
02038,"Spices, sage, ground",315.0,10.63,60.73,12.75,40.3
02039,"Spices, savory, ground",272.0,6.73,68.73,5.91,45.7
02041,"Spices, tarragon, dried",295.0,22.77,50.22,7.24,7.4
02042,"Spices, thyme, dried",276.0,9.11,63.94,7.43,37.0
02043,"Spices, turmeric, ground",312.0,9.68,67.14,3.25,22.7
02044,"Basil, fresh",23.0,3.15,2.65,0.64,1.6
02045,"Dill weed, fresh",43.0,3.46,7.02,1.12,2.1
02046,"Mustard, prepared, yellow",60.0,3.74,5.83,3.34,4.0
02047,"Salt, table",0.0,0.0,0.0,0.0,0.0
02048,"Vinegar, cider",21.0,0.0,0.93,0.0,0.0
02049,"Thyme, fresh",101.0,5.56,24.45,1.68,14.0
02050,Vanilla extract,288.0,0.06,12.65,0.06,0.0
02051,"Vanilla extract, imitation, alcohol",237.0,0.05,2.41,0.0,0.0
02052,"Vanilla extract, imitation, no alcohol",56.0,0.03,14.4,0.0,0.0
02053,"Vinegar, distilled",18.0,0.0,0.04,0.0,0.0
02054,"Capers, canned",23.0,2.36,4.89,0.86,3.2
02055,"Horseradish, prepared",48.0,1.18,11.29,0.69,3.3
02063,"Rosemary, fresh",131.0,3.31,20.7,5.86,14.1
02064,"Peppermint, fresh",70.0,3.75,14.89,0.94,8.0
02065,"Spearmint, fresh",44.0,3.29,8.41,0.73,6.8
02066,"Spearmint, dried",285.0,19.93,52.04,6.03,29.8
02068,"Vinegar, red wine",19.0,0.04,0.27,0.0,0.0
02069,"Vinegar, balsamic",88.0,0.49,17.03,0.0,
02073,"PACE, Dry Taco Seasoning Mix",188.0,0.0,56.29,0.0,18.8
02074,"Seasoning mix, dry, sazon, coriander & annatto",0.0,0.0,0.0,0.0,0.0
02075,"Seasoning mix, dry, taco, original",322.0,4.5,58.0,0.0,13.3
02076,"Seasoning mix, dry, chili, original",335.0,10.82,56.56,7.3,10.8
03000,Clif Z bar,409.0,5.55,74.72,9.72,8.3
03001,"Babyfood, juice treats, fruit medley, toddler",347.0,0.0,86.68,0.02,0.0
03002,"Babyfood, meat, beef, strained",81.0,12.03,2.43,2.52,0.0
03003,"Babyfood, meat, beef, junior",81.0,12.03,2.43,2.52,0.0
03005,"Babyfood, meat, veal, strained",81.0,13.12,1.51,2.45,0.0
03007,"Babyfood, meat, pork, strained",124.0,14.0,0.0,7.1,0.0
03008,"Babyfood, meat, ham, strained",97.0,11.3,3.7,3.8,0.0
03009,"Babyfood, meat, ham, junior",97.0,11.3,3.7,3.8,0.0
03010,"Babyfood, meat, lamb, strained",87.0,14.07,0.85,3.41,0.0
03011,"Babyfood, meat, lamb, junior",112.0,15.2,0.0,5.2,0.0
03012,"Babyfood, meat, chicken, strained",130.0,13.7,0.1,7.9,0.0
03013,"Babyfood, meat, chicken, junior",146.0,14.0,0.0,9.6,0.0
03014,"Babyfood, meat, chicken sticks, junior",188.0,14.6,1.5,14.4,0.2
03015,"Babyfood, meat, turkey, strained",111.0,11.5,1.4,6.2,0.0
03016,"Babyfood, meat, turkey, junior",111.0,11.5,1.4,6.2,0.0
03017,"Babyfood, meat, turkey sticks, junior",188.0,13.7,1.4,14.2,0.5
03019,"Babyfood, snack, GERBER GRADUATE FRUIT  STRIPS, Real Fruit Bars",330.0,0.82,76.61,2.24,2.0
03021,"Babyfood, meat, meat sticks, junior",184.0,13.4,1.1,14.6,0.2
03022,"Babyfood, GERBER, 2nd Foods, apple, carrot and squash, organic",64.0,1.1,14.82,0.0,1.2
03023,"Finger snacks, GERBER GRADUATE PUFFS, apple and cinnamon",389.0,6.19,85.79,2.3,3.8
03024,"Babyfood, water, bottled, GERBER, without added fluoride.",0.0,0.0,0.0,0.0,0.0
03025,"Babyfood, GERBER, 3rd Foods, apple, mango and kiwi",53.0,0.47,12.88,0.0,2.0
03026,"Babyfood, tropical fruit medley",51.0,0.31,12.22,0.14,1.3
03041,"Babyfood, dinner, vegetables and dumplings and beef, strained",48.0,2.0,7.7,0.9,
03042,"Babyfood, dinner, vegetables and dumplings and beef, junior",48.0,2.1,8.0,0.8,
03043,"Babyfood, dinner, beef lasagna, toddler",77.0,4.2,10.0,2.1,
03044,"Babyfood, dinner, macaroni and tomato and beef, strained",61.0,2.36,9.45,1.47,1.2
03045,"Babyfood, dinner, macaroni and tomato and beef, junior",59.0,2.5,9.4,1.1,1.1
03046,"Babyfood, ravioli, cheese filled, with tomato sauce",99.0,3.6,16.3,2.2,0.1
03047,"Babyfood, dinner, beef noodle, strained",63.0,2.44,8.18,2.26,1.3
03048,"Babyfood, macaroni and cheese, toddler",82.0,3.5,11.2,2.6,0.5
03049,"Babyfood, dinner, beef and rice, toddler",82.0,5.0,8.8,2.9,
03050,"Babyfood, dinner, spaghetti and tomato and meat, junior",68.0,2.57,11.42,1.37,1.1
03051,"Babyfood, dinner, spaghetti and tomato and meat, toddler",75.0,5.3,10.8,1.0,
03052,"Babyfood, dinner, beef stew, toddler",51.0,5.1,5.5,1.2,1.1
03053,"Babyfood, dinner, vegetables and beef, strained",77.0,2.21,8.84,3.6,1.3
03054,"Babyfood, dinner, vegetables and beef, junior",77.0,2.21,8.84,3.6,1.3
03055,"Babyfood, dinner, beef with vegetables",96.0,2.03,6.36,6.93,1.8
03059,"Babyfood, dinner, vegetables and bacon, strained",69.0,1.92,8.81,2.95,1.7
03061,"Babyfood, dinner, vegetables and ham, strained",59.0,2.19,7.8,2.14,1.6
03062,"Babyfood, dinner, vegetables and ham, junior",60.0,2.02,8.64,1.89,1.0
03066,"Babyfood, dinner, vegetables and lamb, strained",52.0,2.0,6.9,2.0,1.1
03067,"Babyfood, dinner, vegetables and lamb, junior",51.0,2.1,7.1,1.7,1.1
03068,"Babyfood, dinner, chicken noodle, strained",66.0,2.69,9.08,2.06,2.1
03069,"Babyfood, dinner, chicken noodle, junior",55.0,2.37,8.79,1.18,0.9
03070,"Babyfood, dinner, chicken soup, strained",50.0,1.6,7.2,1.7,1.1
03072,"Babyfood, dinner, chicken stew, toddler",78.0,5.2,6.4,3.7,0.6
03073,"Babyfood, dinner, vegetables chicken, strained",59.0,2.47,8.42,1.73,2.1
03075,"Babyfood, dinner, vegetables, noodles and chicken, strained",63.0,2.0,7.9,2.5,1.1
03076,"Babyfood, dinner, vegetables, noodles and chicken, junior",64.0,1.7,9.1,2.2,1.1
03077,"Babyfood, dinner, pasta with vegetables",60.0,1.7,8.4,2.1,1.5
03079,"Babyfood, dinner, vegetables and noodles and turkey, strained",44.0,1.2,6.8,1.2,1.1
03081,"Babyfood, dinner, vegetables and noodles and turkey, junior",52.0,1.8,7.6,1.5,1.1
03082,"Babyfood, dinner, turkey and rice, strained",52.0,2.27,7.94,1.24,0.9
03083,"Babyfood, dinner, turkey and rice, junior",56.0,2.37,9.57,0.92,1.0
03084,"Babyfood, dinner, vegetables and turkey, strained",48.0,2.32,7.62,0.9,1.5
03085,"Babyfood, dinner, vegetables and turkey, junior",53.0,1.72,7.55,1.74,0.9
03089,"Babyfood, dinner, macaroni and cheese, strained",67.0,3.14,8.95,2.11,0.7
03090,"Babyfood, dinner, macaroni and cheese, junior",61.0,2.6,8.2,2.0,0.3
03091,"Babyfood, vegetables, green beans, strained",27.0,1.2,6.29,0.17,2.2
03092,"Babyfood, vegetables, green beans, junior",24.0,1.2,5.8,0.1,1.9
03093,"Babyfood, green beans, dices, toddler",29.0,1.2,5.7,0.2,1.3
03096,"Babyfood, vegetable, green beans and potatoes",62.0,2.2,9.0,1.9,1.4
03098,"Babyfood, vegetables, beets, strained",34.0,1.3,7.7,0.1,1.9
03099,"Babyfood, vegetables, carrots, strained",26.0,0.8,6.0,0.1,1.7
03100,"Babyfood, vegetables, carrots, junior",32.0,0.8,7.2,0.2,1.7
03104,"Babyfood, vegetables, squash, strained",28.0,0.81,5.73,0.2,0.9
03105,"Babyfood, vegetables, squash, junior",24.0,0.81,5.73,0.2,0.9
03108,"Babyfood, vegetables, sweet potatoes strained",57.0,1.1,13.2,0.1,1.5
03109,"Babyfood, vegetables, sweet potatoes, junior",60.0,1.1,14.0,0.1,1.5
03112,"Babyfood, potatoes, toddler",52.0,1.0,11.73,0.1,0.9
03114,"Babyfood, vegetable, butternut squash and corn",50.0,2.0,9.26,0.6,2.0
03115,"Babyfood, apples, dices, toddler",51.0,0.2,12.1,0.1,0.9
03116,"Babyfood, fruit, applesauce, strained",41.0,0.2,10.8,0.2,1.7
03117,"Babyfood, fruit, applesauce, junior",37.0,0.0,10.3,0.0,1.7
03118,"Babyfood, fruit, apricot with tapioca, strained",60.0,0.3,16.3,0.0,1.5
03119,"Babyfood, vegetables, corn, creamed, strained",57.0,1.4,14.1,0.4,2.1
03120,"Babyfood, vegetables, corn, creamed, junior",65.0,1.4,16.25,0.4,2.1
03121,"Babyfood, vegetables, peas, strained",50.0,3.27,8.36,0.43,2.0
03122,"Babyfood, peas, dices, toddler",64.0,3.9,10.3,0.8,3.9
03127,"Babyfood, vegetables, spinach, creamed, strained",37.0,2.5,5.7,1.3,1.8
03128,"Babyfood, fruit, apricot with tapioca, junior",63.0,0.3,17.3,0.0,1.5
03129,"Babyfood, fruit, bananas with tapioca, strained",56.0,0.4,15.3,0.1,1.6
03130,"Babyfood, fruit, peaches, strained",65.0,0.94,14.48,0.33,1.3
03131,"Babyfood, fruit, peaches, junior",65.0,0.94,14.48,0.33,1.3
03132,"Babyfood, fruit, pears, strained",42.0,0.3,10.8,0.2,2.8
03133,"Babyfood, fruit, pears, junior",44.0,0.3,11.6,0.1,2.8
03134,"Babyfood, fruit, plums with tapioca, without ascorbic acid, strained",71.0,0.1,19.7,0.0,1.2
03135,"Babyfood, fruit, plums with tapioca, without ascorbic acid, junior",74.0,0.1,20.5,0.0,1.2
03136,"Babyfood, fruit, prunes with tapioca, without ascorbic acid, strained",69.0,0.6,18.5,0.1,2.7
03137,"Babyfood, fruit, prunes with tapioca, without ascorbic acid, junior",70.0,0.6,18.7,0.1,2.7
03139,"Babyfood, prunes, without vitamin c, strained",100.0,1.0,23.52,0.2,2.7
03140,"Babyfood, fruit dessert, mango with tapioca",70.0,0.3,19.0,0.2,1.1
03141,"Babyfood, pears, dices, toddler",57.0,0.3,13.6,0.1,1.2
03142,"Babyfood, fruit, applesauce and apricots, strained",44.0,0.2,11.64,0.2,1.8
03143,"Babyfood, fruit, applesauce and apricots, junior",47.0,0.2,12.4,0.2,1.8
03144,"Babyfood, fruit, applesauce and cherries, strained",51.0,0.0,14.1,0.0,1.1
03145,"Babyfood, fruit, applesauce and cherries, junior",51.0,0.0,14.1,0.0,1.1
03147,"Babyfood, fruit, applesauce with banana, junior",66.0,0.37,16.16,0.1,1.6
03150,"Babyfood, fruit, applesauce and pineapple, strained",37.0,0.1,10.1,0.1,1.5
03151,"Babyfood, fruit, applesauce and pineapple, junior",39.0,0.1,10.5,0.1,1.5
03152,"Babyfood, fruit, apple and raspberry, strained",58.0,0.2,15.6,0.2,2.1
03153,"Babyfood, fruit, apple and raspberry, junior",58.0,0.2,15.4,0.2,2.1
03154,"Babyfood, fruit and vegetable, apple and sweet potato",64.0,0.3,15.3,0.22,1.4
03156,"Babyfood, fruit, bananas and pineapple with tapioca, junior",68.0,0.2,18.4,0.1,1.6
03157,"Babyfood, fruit, bananas and pineapple with tapioca, strained",65.0,0.2,17.8,0.0,1.6
03158,"Babyfood, fruit, pears and pineapple, strained",41.0,0.3,10.9,0.1,2.6
03159,"Babyfood, fruit, pears and pineapple, junior",44.0,0.3,11.4,0.2,2.6
03160,"Babyfood, fruit, guava and papaya with tapioca, strained",63.0,0.2,17.0,0.1,
03161,"Babyfood, peaches, dices, toddler",51.0,0.5,11.8,0.2,0.8
03162,"Babyfood, fruit, papaya and applesauce with tapioca, strained",70.0,0.2,18.9,0.1,1.4
03163,"Babyfood, fruit, bananas with apples and pears, strained",83.0,0.9,19.31,0.22,1.4
03164,"Babyfood, fruit, apple and blueberry, strained",61.0,0.2,16.3,0.2,1.8
03165,"Babyfood, fruit, apple and blueberry, junior",62.0,0.2,16.6,0.2,1.8
03166,"Babyfood, juice, apple",47.0,0.0,11.7,0.1,0.1
03167,"Babyfood, apple-banana juice",51.0,0.2,12.3,0.1,0.2
03168,"Babyfood, juice, apple and peach",43.0,0.2,10.5,0.1,0.1
03169,"Babyfood, apple-cranberry juice",46.0,0.0,11.49,0.02,0.0
03170,"Babyfood, juice, apple and plum",49.0,0.1,12.3,0.0,0.1
03171,"Babyfood, juice, apple and prune",72.0,0.2,18.1,0.1,0.1
03172,"Babyfood, juice, orange",45.0,0.6,10.2,0.3,0.1
03173,"Babyfood, juice, orange and apple",43.0,0.4,10.1,0.2,
03174,"Babyfood, juice, orange and apple and banana",47.0,0.4,11.5,0.1,0.1
03175,"Babyfood, juice, orange and apricot",46.0,0.8,10.9,0.1,0.1
03176,"Babyfood, juice, orange and banana",50.0,0.7,11.9,0.1,
03177,"Babyfood, juice, orange and pineapple",48.0,0.5,11.7,0.1,0.1
03178,"Babyfood, juice, prune and orange",70.0,0.6,16.8,0.3,
03179,"Babyfood, juice, mixed fruit",47.0,0.1,11.7,0.1,0.1
03181,"Babyfood, cereal, barley, dry fortified",376.0,13.2,69.4,6.6,6.6
03184,"Babyfood, cereal, whole wheat, with apples, dry fortified",402.0,12.6,77.2,4.8,12.2
03185,"Babyfood, cereal, mixed, dry fortified",379.0,12.2,73.4,4.4,7.5
03186,"Babyfood, cereal, mixed, with bananas, dry",391.0,10.7,77.1,4.6,7.8
03187,"Babyfood, cereal, mixed, with applesauce and bananas, strained",82.0,1.2,18.0,0.5,1.2
03188,"Babyfood, cereal, mixed, with applesauce and bananas, junior",83.0,1.2,18.4,0.4,1.2
03189,"Babyfood, cereal, oatmeal, dry fortified",394.0,10.99,73.47,6.39,7.3
03190,"Babyfood, cereal, oatmeal, with bananas, dry",393.0,12.0,73.4,6.0,5.2
03191,"Babyfood, cereal, oatmeal, with applesauce and bananas, strained",74.0,1.3,15.4,0.7,0.8
03192,"Babyfood, cereal, oatmeal, with applesauce and bananas, junior",75.0,1.3,15.8,0.7,0.8
03193,"Babyfood, cereal, oatmeal, with honey, dry",391.0,13.5,69.3,7.0,
03194,"Babyfood, cereal, rice, dry fortified",390.0,6.65,83.14,2.19,1.3
03195,"Babyfood, cereal, rice, with applesauce and bananas, strained",80.0,1.2,17.1,0.4,1.0
03197,"Babyfood, cereal, with egg yolks, strained",51.0,1.9,7.0,1.8,0.9
03198,"Babyfood, cereal, with egg yolks, junior",52.0,1.9,7.1,1.8,0.9
03199,"Babyfood, cereal, with eggs, strained",58.0,2.2,8.0,1.5,
03201,"Babyfood, cereal, egg yolks and bacon, junior",79.0,2.5,6.2,5.0,0.9
03205,"Babyfood, oatmeal cereal with fruit, dry, instant, toddler fortified",402.0,10.5,74.1,7.05,7.8
03206,"Babyfood, cookie, baby, fruit",435.0,6.8,73.7,12.6,3.4
03209,"Babyfood, crackers, vegetable",477.0,8.4,66.85,19.6,4.0
03211,"Babyfood, cereal, high protein, with apple and orange, dry",374.0,25.4,57.6,6.5,7.1
03212,"Babyfood, cereal, rice, with bananas, dry",404.0,8.7,79.9,4.2,1.0
03213,"Babyfood, cookies",433.0,11.8,67.1,13.2,0.2
03214,"Babyfood, cookies, arrowroot",424.0,7.6,75.4,10.0,0.2
03215,"Babyfood, pretzels",397.0,10.8,82.2,2.0,2.3
03216,"Babyfood, teething biscuits",392.0,10.7,76.4,4.2,1.4
03217,Zwieback,426.0,10.1,74.2,9.7,2.5
03220,"Babyfood, dessert, dutch apple, strained",75.0,0.2,19.74,0.4,1.4
03221,"Babyfood, dessert, dutch apple, junior",79.0,0.2,19.18,0.16,1.4
03222,"Babyfood, cherry cobbler, junior",78.0,0.3,19.2,0.1,0.2
03224,"Babyfood, dessert, cherry vanilla pudding, strained",68.0,0.2,17.8,0.3,0.3
03225,"Babyfood, dessert, cherry vanilla pudding, junior",69.0,0.2,18.4,0.2,0.3
03226,"Babyfood, dessert, fruit pudding, orange, strained",80.0,1.1,17.7,0.9,0.6
03227,"Babyfood, dessert, peach cobbler, strained",65.0,0.3,17.8,0.0,0.7
03228,"Babyfood, dessert, peach cobbler, junior",67.0,0.3,18.3,0.0,0.7
03229,"Babyfood, dessert, peach melba, strained",60.0,0.2,16.5,0.0,
03230,"Babyfood, dessert, peach melba, junior",60.0,0.3,16.4,0.0,
03233,"Babyfood, dessert, fruit pudding, pineapple, strained",81.0,1.3,20.3,0.3,0.7
03235,"Babyfood, dessert, fruit dessert, without ascorbic acid, strained",59.0,0.3,16.0,0.0,0.6
03236,"Babyfood, dessert, fruit dessert, without ascorbic acid, junior",63.0,0.3,17.2,0.0,0.6
03238,"Babyfood, dessert, tropical fruit, junior",60.0,0.2,16.4,0.0,
03245,"Babyfood, dessert, custard pudding, vanilla, strained",85.0,1.6,16.0,2.0,0.0
03246,"Babyfood, dessert, custard pudding, vanilla, junior",86.0,1.76,17.58,0.98,0.2
03265,"Babyfood, juice, apple and grape",46.0,0.1,11.34,0.2,0.1
03267,"Babyfood, juice, fruit punch, with calcium",52.0,0.2,12.7,0.1,0.4
03268,"Babyfood, juice, apple and cherry",41.0,0.1,9.9,0.2,0.1
03269,"Babyfood, juice, apple, with calcium",46.0,0.06,11.1,0.1,0.4
03274,"Babyfood, dinner, vegetables and chicken, junior",53.0,2.04,8.66,1.12,1.1
03278,"Babyfood, dinner, mixed vegetable, strained",41.0,1.2,9.5,0.1,
03279,"Babyfood, dinner, mixed vegetable, junior",34.0,1.01,7.88,0.11,1.0
03280,"Babyfood, fruit, bananas with tapioca, junior",67.0,0.4,17.8,0.2,1.6
03282,"Babyfood, vegetables, mix vegetables junior",36.0,1.4,8.2,0.4,1.5
03283,"Babyfood, vegetables, garden vegetable, strained",32.0,2.3,6.8,0.2,1.5
03286,"Babyfood, vegetables, mix vegetables strained",36.0,1.0,8.25,0.5,1.5
03287,"Babyfood, dinner, beef noodle, junior",57.0,2.5,7.3,1.9,1.1
03289,"Babyfood, apples with ham, strained",62.0,2.6,10.9,0.9,1.8
03290,"Babyfood, carrots and beef, strained",59.0,3.4,5.7,2.5,2.6
03293,"Babyfood, plums, bananas and rice, strained",57.0,1.1,12.7,0.3,1.3
03296,"Babyfood, dinner, turkey, rice, and vegetables, toddler",60.0,3.8,7.5,1.6,0.8
03297,"Babyfood, dinner, apples and chicken, strained",65.0,2.16,10.88,1.38,1.8
03298,"Babyfood, dinner, broccoli and chicken, junior",62.0,3.59,6.34,2.48,1.4
03301,"Babyfood, beverage, GERBER GRADUATE FRUIT SPLASHERS",31.0,0.0,7.4,0.0,0.0
03302,"Babyfood, snack, GERBER GRADUATE YOGURT MELTS",429.0,14.29,71.43,4.0,2.3
03303,"Babyfood, dinner, sweet potatoes and chicken, strained",74.0,2.51,11.04,2.17,1.3
03304,"Babyfood, dinner, potatoes with cheese and ham, toddler",78.0,3.5,11.97,2.0,1.2
03681,"Babyfood, cereal, barley, prepared with whole milk",84.0,3.73,9.94,3.26,0.6
03682,"Babyfood, cereal, high protein, prepared with whole milk",111.0,8.7,11.6,3.8,
03685,"Babyfood, cereal, mixed, prepared with whole milk",96.0,4.14,12.3,3.38,0.8
03686,"Babyfood, cereal, mixed, with bananas, prepared with whole milk",86.0,3.82,10.0,3.46,0.4
03689,"Babyfood, cereal, oatmeal, prepared with whole milk",116.0,5.0,15.3,4.1,1.1
03690,"Babyfood, cereal, oatmeal, with bananas, prepared with whole milk",86.0,3.82,10.0,3.46,0.4
03693,"Babyfood, cereal, oatmeal, with honey, prepared with whole milk",115.0,5.0,15.3,3.9,
03694,"Babyfood, cereal, rice, prepared with whole milk",85.0,3.45,10.31,3.38,0.0
03696,"Babyfood, cereal, rice, with honey, prepared with whole milk",115.0,3.9,17.1,3.3,
03704,"Babyfood, cereal, mixed, with honey, prepared with whole milk",115.0,5.0,15.9,3.6,
03711,"Babyfood, cereal, high protein, with apple and orange, prepared with whole milk",112.0,6.9,13.4,3.9,
03712,"Babyfood, cereal, rice, with bananas, prepared with whole milk",86.0,3.57,10.49,3.32,0.1
03800,"Infant formula, NESTLE, GOOD START SUPREME, with iron, ready-to-feed",66.0,1.45,7.39,3.37,0.0
03801,"Infant formula, NESTLE, GOOD START SUPREME, with iron, liquid concentrate, not reconstituted",127.0,2.79,14.2,6.5,0.0
03802,"Infant formula, NESTLE, GOOD START SUPREME, with iron, powder",509.0,11.3,57.32,26.1,0.0
03803,"Infant formula, MEAD JOHNSON, ENFAMIL, with iron, ready-to-feed",63.0,1.38,7.2,3.5,0.0
03805,"Infant formula, MEAD JOHNSON, ENFAMIL, with iron, powder",520.0,10.8,56.2,27.0,0.0
03806,"Infant formula, MEAD JOHNSON, ENFAMIL, low iron, ready-to-feed",63.0,1.38,7.18,3.5,0.0
03808,"Infant formula, MEAD JOHNSON, ENFAMIL, LIPIL, with iron, powder, with ARA and DHA",511.0,10.8,56.2,27.0,0.0
03809,"Infant formula, MEAD JOHNSON, ENFAMIL, low iron, powder, not reconstituted",511.0,10.8,56.2,27.0,0.0
03812,"Infant formula, MEAD JOHNSON, ENFAMIL, LIPIL, with iron, liquid concentrate, with ARA and DHA",131.0,2.76,14.34,6.96,0.0
03813,"Infant formula, MEAD JOHNSON, ENFAMIL, NUTRAMIGEN, with iron, ready-to-feed",66.0,1.83,6.81,3.5,0.0
03814,"Infant formula, MEAD JOHNSON, ENFAMIL, NUTRAMIGEN, with iron, powder, not reconstituted",502.0,14.2,55.0,25.0,0.0
03815,"Infant formula, MEAD JOHNSON, ENFAMIL LIPIL, with iron, ready-to-feed, with ARA and DHA",64.0,1.38,7.1,3.5,0.0
03816,"Infant formula, MEAD JOHNSON, ENFAMIL, NUTRAMIGEN, with iron, liquid concentrate, not reconstituted",127.0,3.53,13.12,6.73,0.0
03818,"Infant formula, MEAD JOHNSON, ENFAMIL, LIPIL, low iron, liquid concentrate, with ARA and DHA",131.0,2.76,14.24,7.16,0.0
03819,"Child formula, MEAD JOHNSON, PORTAGEN, with iron, powder, not reconstituted",483.0,16.5,54.8,22.0,0.0
03820,"Child formula, MEAD JOHNSON, PORTAGEN, with iron, prepared from powder",88.0,3.33,8.57,4.48,0.0
03821,"Infant formula, MEAD JOHNSON, PREGESTIMIL, with iron, powder, not reconstituted",519.0,14.0,52.8,28.0,0.0
03822,"Infant formula, MEAD JOHNSON, PREGESTIMIL, with iron, prepared from powder",67.0,1.82,6.63,3.65,0.0
03823,"Infant formula, MEAD JOHNSON, PROSOBEE, with iron, ready-to-feed",63.0,1.64,6.11,3.5,0.0
03824,"Infant formula, MEAD JOHNSON, PROSOBEE, with iron, liquid concentrate, not reconstituted",131.0,3.19,13.58,7.13,0.0
03825,"Infant formula, MEAD JOHNSON, ENFAMIL, LIPIL, low iron, ready to feed, with ARA and DHA",64.0,1.38,7.18,3.5,0.0
03826,"Infant formula, MEAD JOHNSON, ENFAMIL, PROSOBEE, with iron, powder, not reconstituted",510.0,12.5,54.3,27.0,0.0
03827,"Infant formula, MEAD JOHNSON, ENFAMIL, LACTOFREE LIPIL, with iron, powder, with ARA and DHA",521.0,10.9,56.3,28.0,0.0
03830,"Infant formula, MEAD JOHNSON, ENFAMIL, LACTOFREE, LIPIL, with iron, liquid concentrate, not reconstituted, with ARA and DHA",132.0,2.68,14.42,7.11,0.0
03832,"Infant formula, MEAD JOHNSON, ENFAMIL, LIPIL, ready-to-feed, with ARA and DHA",66.0,1.38,6.44,3.5,0.0
03837,"Infant formula, ABBOTT NUTRITION, SIMILAC, PM 60/40, powder not reconstituted",524.0,11.4,54.94,28.71,0.0
03838,"Infant formula, MEAD JOHNSON, ENFAMIL, NUTRAMIGEN LIPIL, with iron, powder, not reconstituted, with ARA and DHA",494.0,13.9,51.0,26.0,0.0
03839,"Infant formula, ABBOTT NUTRITION, SIMILAC, NATURAL CARE, ADVANCE, ready-to-feed, with ARA and DHA",78.0,2.12,8.2,4.24,0.0
03840,"Infant formula, ABBOTT NUTRITION, SIMILAC, SPECIAL CARE, ADVANCE 24, with iron, ready-to-feed, with ARA and DHA",71.0,1.8,8.73,3.26,0.0
03841,"Infant formula, ABBOTT NUTRITION, SIMILAC, ISOMIL, with iron, ready-to-feed",66.0,1.61,6.7,3.59,0.0
03842,"Infant formula, ABBOTT NUTRITION, SIMILAC, ISOMIL, with iron, liquid concentrate",128.0,3.13,13.21,6.98,0.0
03843,"Infant formula, ABBOTT NUTRITION, SIMILAC, ISOMIL, with iron, powder, not reconstituted",517.0,12.6,53.57,28.09,0.0
03844,"Infant formula, MEAD JOHNSON, ENFAMIL, NUTRAMIGEN, LIPIL, with iron, liquid concentrate not reconstituted, with ARA and DHA",126.0,3.53,13.12,6.73,0.0
03845,"Infant formula, MEAD JOHNSON, ENFAMIL, NUTRAMIGEN, LIPIL, with iron, ready-to-feed, with ARA and DHA",66.0,1.83,6.81,3.5,0.0
03846,"Infant formula, ABBOTT NUTRITION, SIMILAC, ALIMENTUM, with iron, ready-to-feed",66.0,1.8,6.77,3.63,0.0
03849,"Infant formula, MEAD JOHNSON, ENFAMIL, ENFACARE LIPIL, with iron, powder, with ARA and DHA",514.0,12.5,56.0,27.0,0.0
03850,"Infant formula, ABBOTT NUTRITION, SIMILAC, with iron, ready-to-feed",65.0,1.36,6.92,3.55,0.0
03851,"Infant formula, ABBOTT NUTRITION, SIMILAC, with iron, liquid concentrate, not reconstituted",127.0,2.64,13.76,6.89,0.0
03852,"Infant formula, MEAD JOHNSON, ENFAMIL, PROSOBEE LIPIL, with iron, powder, not reconstituted, with ARA and DHA",510.0,12.5,53.0,27.0,0.0
03853,"Infant formula, ABBOTT NUTRITION, SIMILAC, with iron, powder, not reconstituted",522.0,10.89,54.73,28.87,0.0
03854,"Infant formula, MEAD JOHNSON, ENFAMIL, PROSOBEE, LIPIL, liquid concentrate, not reconstituted, with ARA and DHA",131.0,3.19,13.58,7.11,0.0
03855,"Infant formula, ABBOTT NUTRITION, SIMILAC, low iron, ready-to-feed",65.0,1.36,6.93,3.55,0.0
03856,"Infant formula, ABBOTT NUTRITION, SIMILAC, low iron, liquid concentrate, not reconstituted",127.0,2.64,13.76,6.89,0.0
03857,"Infant formula, MEAD JOHNSON, PROSOBEE LIPIL, with iron, ready to feed, with ARA and DHA",64.0,1.64,6.11,3.5,0.0
03858,"Infant formula, ABBOTT NUTRITION, SIMILAC, low iron, powder, not reconstituted",522.0,10.85,54.78,28.87,0.0
03859,"Infant formula, NESTLE, GOOD START SOY, with DHA and ARA, ready-to-feed",64.0,1.6,7.13,3.28,0.0
03860,"Child formula, ABBOTT NUTRITION, PEDIASURE, ready-to-feed",99.0,2.86,11.15,4.77,0.0
03861,"Infant formula, MEAD JOHNSON, NEXT STEP, PROSOBEE LIPIL, powder, with ARA and DHA",480.0,15.6,57.1,21.0,0.0
03864,"Infant formula, MEAD JOHNSON, NEXT STEP, PROSOBEE, LIPIL, ready to feed, with ARA and DHA",67.0,2.14,8.09,2.91,0.0
03867,"Infant formula, NESTLE, GOOD START SOY, with ARA and DHA, powder",503.0,12.5,55.6,25.6,0.0
03868,"Infant formula, MEAD JOHNSON, ENFAMIL, LACTOFREE, ready-to-feed",63.0,1.38,7.18,3.5,0.0
03869,"Infant formula, MEAD JOHNSON, ENFAMIL, LACTOFREE, with iron, powder, not reconstituted",521.0,10.85,57.0,28.0,0.0
03870,"Child formula, ABBOTT NUTRITION, PEDIASURE, ready-to-feed, with iron and fiber",99.0,2.8,11.28,4.7,0.5
03900,"Infant formula, NESTLE, GOOD START 2 ESSENTIALS, with iron, ready-to-feed",65.0,1.7,8.54,2.7,0.0
03901,"Infant formula, NESTLE, GOOD START 2 ESSENTIALS, with iron, liquid concentrate, not reconstituted",125.0,3.25,16.5,5.13,0.0
03913,"Infant formula, NESTLE, GOOD START 2 ESSENTIALS, with iron, powder",471.0,12.2,62.23,19.3,0.0
03925,"Infant formula, NESTLE, GOOD START ESSENTIALS SOY, with iron, ready-to-feed",65.0,1.63,7.17,3.3,0.0
03926,"Infant formula, NESTLE, GOOD START ESSENTIALS SOY, with iron, liquid concentrate, not reconstituted",128.0,3.2,14.1,6.5,0.0
03928,"Infant formula, NESTLE, GOOD START ESSENTIALS SOY, with iron, powder",502.0,12.5,55.7,25.5,0.0
03929,"Infant formula, MEAD JOHNSON, NEXT STEP PROSOBEE, powder, not reconstituted",480.0,15.6,57.1,21.0,0.0
03930,"Infant formula, MEAD JOHNSON,NEXT STEP PROSOBEE, prepared from powder",67.0,2.14,8.08,2.91,0.0
03934,"Babyfood, corn and sweet potatoes, strained",68.0,1.26,15.23,0.28,1.8
03935,"Infant formula, ABBOTT NUTRITION, SIMILAC, ALIMENTUM, ADVANCE, ready-to-feed, with ARA and DHA",67.0,1.8,6.77,3.63,0.0
03936,"Infant formula, PBM PRODUCTS, store brand, ready-to-feed",63.0,1.4,6.39,3.5,0.0
03937,"Infant formula, PBM PRODUCTS, store brand, liquid concentrate, not reconstituted",130.0,2.9,13.9,7.0,0.0
03938,"Infant formula, PBM PRODUCTS, store brand, powder",524.0,12.0,56.0,28.0,0.0
03939,"Infant formula, PBM PRODUCTS, store brand, soy, ready-to-feed",63.0,1.8,6.09,3.5,0.0
03940,"Infant formula, PBM PRODUCTS, store brand, soy, liquid concentrate, not reconstituted",126.0,3.6,12.18,7.0,0.0
03941,"Infant formula, PBM PRODUCTS, store brand, soy, powder",508.0,13.6,52.2,27.2,0.0
03942,"Infant formula, MEAD JOHNSON, ENFAMIL, AR LIPIL, ready-to-feed, with ARA and DHA",68.0,1.71,7.53,3.49,0.0
03943,"Infant formula, MEAD JOHNSON, ENFAMIL, AR LIPIL, powder, with ARA and DHA",509.0,12.73,56.03,25.97,0.0
03944,"Infant formula, ABBOTT NUTRITION, SIMILAC NEOSURE, ready-to-feed, with ARA and DHA",69.0,1.92,6.94,3.77,0.0
03945,"Infant formula, ABBOTT NUTRITION, SIMILAC, NEOSURE, powder, with ARA and DHA",520.0,14.42,51.75,28.33,0.0
03946,"Infant formula, ABBOTT NUTRITION, SIMILAC, SENSITIVE (LACTOSE FREE) ready-to-feed, with ARA and DHA",68.0,1.48,7.4,3.74,0.0
03947,"Infant formula, ABBOTT NUTRITION, SIMILAC, SENSITIVE, (LACTOSE FREE), liquid concentrate, with ARA and DHA",128.0,2.73,13.64,6.95,0.0
03948,"Infant formula, ABBOTT NUTRITION, SIMILAC, SENSITIVE, (LACTOSE FREE), powder, with ARA and DHA",520.0,11.13,55.67,28.14,0.0
03949,"Infant formula, ABBOTT NUTRITION, SIMILAC, ADVANCE, with iron, ready-to-feed",66.0,1.36,6.77,3.7,0.0
03950,"Infant formula, ABBOTT NUTRITION, SIMILAC, ADVANCE, with iron, powder, not reconstituted",522.0,10.89,54.73,28.87,0.0
03951,"Infant formula, ABBOTT NUTRITION, SIMILAC, ADVANCE, with iron, liquid concentrate, not reconstituted",127.0,2.64,13.52,6.89,0.0
03952,"Infant formula, ABBOTT NUTRITION, SIMILAC, ISOMIL, ADVANCE with iron, liquid concentrate",128.0,3.13,13.21,6.98,0.0
03953,"Infant formula, ABBOTT NUTRITION, SIMILAC, ISOMIL, ADVANCE with iron, ready-to-feed",66.0,1.61,6.7,3.59,0.0
03954,"Infant formula, ABBOTT NUTRITION, SIMILAC, ISOMIL, ADVANCE with iron, powder, not reconstituted",517.0,12.6,53.57,28.09,0.0
03955,"Infant Formula, MEAD JOHNSON, ENFAMIL, ENFACARE LIPIL, ready-to-feed, with ARA and DHA",71.0,2.0,7.4,3.8,0.0
03956,"Babyfood, yogurt, whole milk, with fruit, multigrain cereal and added DHA fortified",98.0,3.4,13.22,3.53,0.3
03957,"Infant formula, ABBOTT NUTRITION, ALIMENTUM ADVANCE, with iron, powder, not reconstituted, with DHA and ARA",517.0,13.99,51.91,28.19,0.0
03959,"Babyfood, mashed cheddar potatoes and broccoli, toddlers",48.0,1.11,7.47,1.47,1.2
03960,"Infant formula, NESTLE, GOOD START SUPREME, with iron, DHA and ARA, ready-to-feed",66.0,1.45,7.39,3.37,0.0
03961,"Infant formula, NESTLE, GOOD START SUPREME, with iron, DHA and ARA, prepared from liquid concentrate",66.0,1.45,7.39,3.37,0.0
03963,"Infant Formula, MEAD JOHNSON, ENFAMIL GENTLEASE LIPIL, with iron, prepared from powder",63.0,1.52,6.39,3.5,0.0
03964,"Babyfood, fortified cereal bar, fruit filling",344.0,5.43,68.63,5.3,1.7
03965,"Babyfood, yogurt, whole milk, with fruit, multigrain cereal and added iron fortified",92.0,3.05,13.0,3.08,0.6
03966,"Infant formula, NESTLE, GOOD START SOY, with DHA and ARA, liquid concentrate",132.0,3.31,14.71,6.67,0.0
03967,"Toddler formula, MEAD JOHNSON, ENFAGROW, PREMIUM (formerly ENFAMIL, LIPIL, NEXT STEP), powder",501.0,13.0,56.0,26.9,0.0
03968,"Toddler formula, MEAD JOHNSON, ENFAGROW PREMIUM (formerly ENFAMIL, LIPIL, NEXT STEP), ready-to-feed",64.0,1.78,7.18,3.63,0.0
03980,"Infant Formula, MEAD JOHNSON, ENFAMIL, GENTLEASE, powder",514.0,11.8,56.0,27.0,0.0
03981,"Infant formula, MEAD JOHNSON, ENFAMIL, ENFAGROW, GENTLEASE, Toddler, ready-to-feed",66.0,1.71,6.9,3.5,0.0
03982,"Infant formula, MEAD JOHNSON, ENFAMIL, Enfagrow, Soy, Toddler ready-to-feed",65.0,2.17,7.64,2.89,0.0
03983,"Infant formula, MEAD JOHNSON, ENFAMIL, NUTRAMIGEN AA, ready-to-feed",66.0,1.84,6.76,3.48,0.0
03984,"Infant formula, MEAD JOHNSON, ENFAMIL, Premature, 20 calories ready-to-feed",66.0,1.97,7.21,3.34,0.0
03985,"Infant formula, MEAD JOHNSON, ENFAMIL, Premature, 24 calo ready-to-feed",67.0,1.97,7.19,3.34,0.0
03986,"Infant Formula, MEAD JOHNSON, ENFAMIL, Premium, Newborn, ready-to-feed",66.0,1.38,7.39,3.48,0.0
03987,"Infant formula, GERBER, GOOD START 2 Soy, with iron, ready-to-feed",65.0,1.84,7.15,3.28,0.0
03988,"Infant formula, GERBER, GOOD START, PROTECT PLUS, ready-to-feed",65.0,1.44,7.17,3.36,0.0
03989,"Infant Formula, GERBER GOOD START 2, GENTLE PLUS, ready-to-feed",66.0,1.44,7.61,3.34,0.0
03990,"Infant formula, GERBER, GOOD START 2, PROTECT PLUS, ready-to-feed",66.0,1.44,7.39,3.37,0.0
03991,"Infant formula, ABBOTT NUTRITION, SIMILAC, GO AND GROW, ready-to-feed, with ARA and DHA",66.0,1.97,6.69,3.54,0.0
03992,"Infant formula, ABBOTT NUTRITION, SIMILAC, Expert Care, Diarrhea, ready- to- feed with ARA and DHA",66.0,1.76,6.67,3.6,0.7
03993,"Infant formula, ABBOTT NUTRITION, SIMILAC, For Spit Up, ready-to-feed, with ARA and DHA",66.0,1.4,7.19,3.54,0.0
03994,"Babyfood, fruit, banana and strawberry, junior",109.0,0.71,25.78,0.37,1.4
03995,"Babyfood, banana with mixed berries, strained",92.0,1.01,21.31,0.36,1.0
03996,"Babyfood, Multigrain whole grain cereal, dry fortified",405.0,6.25,80.89,6.25,6.7
03997,"Babyfood, Baby MUM MUM Rice Biscuits",391.0,12.5,83.21,0.87,0.0
03998,"Babyfood, Snack, GERBER, GRADUATES, LIL CRUNCHIES, baked whole grain corn snack",503.0,0.0,61.59,28.57,0.0
03999,"Infant formula, ABBOTT NUTRITION, SIMILAC, For Spit Up, powder, with ARA and DHA",514.0,11.0,55.0,27.75,0.0
04001,"Fat, beef tallow",902.0,0.0,0.0,100.0,0.0
04002,Lard,902.0,0.0,0.0,100.0,0.0
04011,"Salad dressing, KRAFT Mayo Light Mayonnaise",334.0,0.6,8.5,32.9,0.1
04013,"Salad dressing, KRAFT Mayo Fat Free Mayonnaise Dressing",64.0,0.2,15.8,0.0,2.0
04014,"Salad dressing, KRAFT MIRACLE WHIP FREE Nonfat Dressing",84.0,0.2,15.5,2.7,1.9
04015,"Salad dressing, russian dressing",355.0,0.69,31.9,26.18,0.7
04016,"Salad dressing, sesame seed dressing, regular",443.0,3.1,8.6,45.2,1.0
04017,"Salad dressing, thousand island, commercial, regular",379.0,1.09,14.64,35.06,0.8
04018,"Salad dressing, mayonnaise type, regular, with salt",250.0,0.65,14.78,21.6,0.0
04020,"Salad dressing, french dressing, reduced fat",222.0,0.58,31.22,11.52,1.5
04021,"Salad dressing, italian dressing, commercial, reduced fat",102.0,0.39,9.99,6.68,0.0
04022,"Salad dressing, russian dressing, low calorie",141.0,0.5,27.6,4.0,0.3
04023,"Salad dressing, thousand island dressing, reduced fat",195.0,0.83,24.06,11.32,1.2
04025,"Salad dressing, mayonnaise, regular",680.0,0.96,0.57,74.85,0.0
04026,"Salad dressing, mayonnaise, soybean and safflower oil, with salt",717.0,1.1,2.7,79.4,0.0
04027,"Salad dressing, mayonnaise, imitation, soybean",232.0,0.3,16.0,19.2,0.0
04028,"Salad dressing, mayonnaise, imitation, milk cream",97.0,2.1,11.1,5.1,0.0
04029,"Salad dressing, mayonnaise, imitation, soybean without cholesterol",482.0,0.1,15.8,47.7,0.0
04030,"Sandwich spread, with chopped pickle, regular, unspecified oils",389.0,0.9,22.4,34.0,0.4
04031,"Shortening, household, soybean (partially hydrogenated)-cottonseed (partially hydrogenated)",884.0,0.0,0.0,100.0,0.0
04034,"Oil, soybean, salad or cooking, (partially hydrogenated)",884.0,0.0,0.0,100.0,0.0
04037,"Oil, rice bran",884.0,0.0,0.0,100.0,0.0
04038,"Oil, wheat germ",884.0,0.0,0.0,100.0,0.0
04042,"Oil, peanut, salad or cooking",884.0,0.0,0.0,100.0,0.0
04044,"Oil, soybean, salad or cooking",884.0,0.0,0.0,100.0,0.0
04047,"Oil, coconut",892.0,0.0,0.0,99.06,0.0
04053,"Oil, olive, salad or cooking",884.0,0.0,0.0,100.0,0.0
04055,"Oil, palm",884.0,0.0,0.0,100.0,0.0
04058,"Oil, sesame, salad or cooking",884.0,0.0,0.0,100.0,0.0
04060,"Oil, sunflower, linoleic (less than 60%)",884.0,0.0,0.0,100.0,0.0
04073,"Margarine, regular, hard, soybean (hydrogenated)",719.0,0.9,0.9,80.5,0.0
04114,"Salad dressing, italian dressing, commercial, regular",240.0,0.41,12.12,21.12,0.0
04120,"Salad dressing, french dressing, commercial, regular",457.0,0.77,15.58,44.81,0.0
04128,"Margarine-like, vegetable oil spread, unspecified oils, approximately 37% fat, with salt",339.0,0.51,0.66,37.77,0.0
04133,"Salad dressing, french, home recipe",631.0,0.1,3.4,70.2,0.0
04135,"Salad dressing, home recipe, vinegar and oil",449.0,0.0,2.5,50.1,0.0
04141,"Salad dressing, french dressing, commercial, regular, without salt",459.0,0.77,15.58,44.81,0.0
04142,"Salad dressing, french dressing, reduced fat, without salt",233.0,0.58,29.28,13.46,1.1
04143,"Salad dressing, italian dressing, commercial, regular, without salt",292.0,0.38,10.43,28.37,0.0
04144,"Salad dressing, italian dressing, reduced fat, without salt",76.0,0.47,4.57,6.38,0.0
04145,"Salad dressing, mayonnaise, soybean oil, without salt",717.0,1.1,2.7,79.4,0.0
04146,"Salad dressing, french, cottonseed, oil, home recipe",631.0,0.1,3.4,70.2,0.0
04367,"Salad dressing, french dressing, fat-free",132.0,0.2,32.14,0.27,2.2
04501,"Oil, cocoa butter",884.0,0.0,0.0,100.0,0.0
04502,"Oil, cottonseed, salad or cooking",884.0,0.0,0.0,100.0,0.0
04506,"Oil, sunflower, linoleic, (approx. 65%)",884.0,0.0,0.0,100.0,0.0
04510,"Oil, safflower, salad or cooking, linoleic, (over 70%)",884.0,0.0,0.0,100.0,0.0
04511,"Oil, safflower, salad or cooking, high oleic (primary safflower oil of commerce)",884.0,0.0,0.0,100.0,0.0
04513,"Vegetable oil, palm kernel",862.0,0.0,0.0,100.0,0.0
04514,"Oil, poppyseed",884.0,0.0,0.0,100.0,0.0
04515,"Oil, tomatoseed",884.0,0.0,0.0,100.0,0.0
04516,"Oil, teaseed",884.0,0.0,0.0,100.0,0.0
04517,"Oil, grapeseed",884.0,0.0,0.0,100.0,0.0
04518,"Oil, corn, industrial and retail, all purpose salad or cooking",900.0,0.0,0.0,100.0,0.0
04520,"Fat, mutton tallow",902.0,0.0,0.0,100.0,0.0
04528,"Oil, walnut",884.0,0.0,0.0,100.0,0.0
04529,"Oil, almond",884.0,0.0,0.0,100.0,0.0
04530,"Oil, apricot kernel",884.0,0.0,0.0,100.0,0.0
04531,"Oil, soybean lecithin",763.0,0.0,0.0,100.0,0.0
04532,"Oil, hazelnut",884.0,0.0,0.0,100.0,0.0
04534,"Oil, babassu",884.0,0.0,0.0,100.0,0.0
04536,"Oil, sheanut",884.0,0.0,0.0,100.0,0.0
04539,"Salad dressing, blue or roquefort cheese dressing, commercial, regular",484.0,1.37,4.77,51.1,0.4
04541,"Oil, cupu assu",884.0,0.0,0.0,100.0,0.0
04542,"Fat, chicken",900.0,0.0,0.0,99.8,0.0
04543,"Oil, soybean, salad or cooking, (partially hydrogenated) and cottonseed",884.0,0.0,0.0,100.0,0.0
04544,"Shortening, household, lard and vegetable oil",900.0,0.0,0.0,100.0,0.0
04545,"Oil, sunflower, linoleic, (partially hydrogenated)",884.0,0.0,0.0,100.0,0.0
04546,"Shortening bread, soybean (hydrogenated) and cottonseed",884.0,0.0,0.0,100.0,0.0
04548,"Shortening cake mix, soybean (hydrogenated) and cottonseed (hydrogenated)",884.0,0.0,0.0,100.0,0.0
04549,"Shortening industrial, lard and vegetable oil",900.0,0.0,0.0,100.0,0.0
04550,"Shortening frying (heavy duty), beef tallow and cottonseed",900.0,0.0,0.0,100.0,0.0
04551,"Shortening confectionery, coconut (hydrogenated) and or palm kernel (hydrogenated)",884.0,0.0,0.0,100.0,0.0
04554,"Shortening industrial, soybean (hydrogenated) and cottonseed",884.0,0.0,0.0,100.0,0.0
04556,"Shortening frying (heavy duty), palm (hydrogenated)",884.0,0.0,0.0,100.0,0.0
04559,Shortening household soybean (hydrogenated) and palm,884.0,0.0,0.0,100.0,0.0
04560,"Shortening frying (heavy duty), soybean (hydrogenated), linoleic (less than 1%)",884.0,0.0,0.0,100.0,0.0
04570,"Shortening, confectionery, fractionated palm",884.0,0.0,0.0,100.0,0.0
04572,"Oil, nutmeg butter",884.0,0.0,0.0,100.0,0.0
04573,"Oil, ucuhuba butter",884.0,0.0,0.0,100.0,0.0
04574,"Fat, duck",882.0,0.0,0.0,99.8,0.0
04575,"Fat, turkey",900.0,0.0,0.0,99.8,0.0
04576,"Fat, goose",900.0,0.0,0.0,99.8,0.0
04581,"Oil, avocado",884.0,0.0,0.0,100.0,0.0
04582,"Oil, canola",884.0,0.0,0.0,100.0,0.0
04583,"Oil, mustard",884.0,0.0,0.0,100.0,0.0
04584,"Oil, sunflower, high oleic (70% and over)",884.0,0.0,0.0,100.0,0.0
04585,"Margarine-like, margarine-butter blend, soybean oil and butter",727.0,0.31,0.77,80.32,0.0
04586,"Shortening, special purpose for cakes and frostings, soybean (hydrogenated)",884.0,0.0,0.0,100.0,0.0
04587,"Shortening, special purpose for baking, soybean (hydrogenated) palm and cottonseed",884.0,0.0,0.0,100.0,0.0
04588,"Oil, oat",884.0,0.0,0.0,100.0,0.0
04589,"Fish oil, cod liver",902.0,0.0,0.0,100.0,0.0
04590,"Fish oil, herring",902.0,0.0,0.0,100.0,0.0
04591,"Fish oil, menhaden",902.0,0.0,0.0,100.0,0.0
04592,"Fish oil, menhaden, fully hydrogenated",902.0,0.0,0.0,100.0,0.0
04593,"Fish oil, salmon",902.0,0.0,0.0,100.0,0.0
04594,"Fish oil, sardine",902.0,0.0,0.0,100.0,0.0
04595,"Shortening, multipurpose, soybean (hydrogenated) and palm (hydrogenated)",884.0,0.0,0.0,100.0,0.0
04600,"Margarine-like, vegetable oil-butter spread, tub, with salt",362.0,1.0,1.0,40.0,0.0
04601,"Butter, light, stick, with salt",499.0,3.3,0.0,55.1,0.0
04602,"Butter, light, stick, without salt",499.0,3.3,0.0,55.1,0.0
04606,"Meat drippings (lard, beef tallow, mutton tallow)",889.0,0.0,0.0,98.59,0.0
04609,"Animal fat, bacon grease",897.0,0.0,0.0,99.5,0.0
04610,"Margarine, regular, 80% fat, composite, stick, with salt",717.0,0.16,0.7,80.71,0.0
04611,"Margarine, regular, 80% fat, composite, tub, with salt",713.0,0.22,0.75,80.17,0.0
04612,"Margarine-like, vegetable oil spread, 60% fat, stick, with salt",537.0,0.12,0.69,60.39,0.0
04613,"Margarine-like, vegetable oil spread, 60% fat, tub, with salt",533.0,0.17,0.86,59.81,0.0
04614,"Margarine-like, vegetable oil spread, 60% fat, stick/tub/bottle, with salt",526.0,0.6,0.0,59.17,0.0
04615,"Shortening, vegetable, household, composite",884.0,0.0,0.0,99.97,0.0
04617,"Margarine, regular, 80% fat, composite, stick, without salt",717.0,0.16,0.7,80.71,0.0
04618,"Margarine, regular, 80% fat, composite, tub, without salt",713.0,0.22,0.75,80.17,0.0
04620,"Margarine-like, vegetable oil spread, 60% fat, stick/tub/bottle, without salt",533.0,0.17,0.86,59.81,0.0
04624,"Margarine-like, vegetable oil spread, fat free, liquid, with salt",43.0,1.5,2.5,3.0,0.0
04626,"Margarine-like spread with yogurt, 70% fat, stick, with salt",630.0,0.3,0.5,70.0,0.0
04627,"Margarine-like spread with yogurt, approximately 40% fat, tub, with salt",330.0,2.0,2.0,35.0,0.0
04628,"Margarine, 80% fat, stick, includes regular and hydrogenated corn and soybean oils",717.0,0.16,0.7,80.71,0.0
04629,"Margarine, margarine-type vegetable oil spread, 70% fat, soybean and partially hydrogenated soybean, stick",628.0,0.26,1.53,70.22,
04630,"Margarine Spread, approximately 48% fat, tub",424.0,0.2,0.86,47.53,0.0
04631,"Margarine-like, vegetable oil spread, fat-free, tub",44.0,0.1,4.34,3.04,0.0
04633,"Margarine-like, vegetable oil spread, 20% fat, with salt",175.0,0.0,0.4,19.5,0.0
04634,"Margarine-like, vegetable oil spread, 20% fat, without salt",175.0,0.0,0.4,19.5,0.0
04635,"Salad dressing, thousand island dressing, fat-free",132.0,0.55,29.27,1.45,3.3
04636,"Salad dressing, italian dressing, fat-free",47.0,0.97,8.75,0.87,0.6
04638,"Salad dressing, ranch dressing, fat-free",119.0,0.25,26.51,1.92,0.1
04639,"Salad dressing, ranch dressing, regular",430.0,1.32,5.9,44.54,0.0
04640,"Salad dressing, ranch dressing, reduced fat",196.0,1.25,21.33,12.42,1.1
04641,"Salad dressing, mayonnaise, light",238.0,0.37,9.23,22.22,0.0
04642,"Oil, industrial, mid-oleic, sunflower",884.0,0.0,0.0,100.0,0.0
04643,"Oil, industrial, canola with antifoaming agent, principal uses salads, woks and light frying",884.0,0.0,0.0,100.0,0.0
04644,"Oil, industrial, canola for salads, woks and light frying",884.0,0.0,0.0,100.0,0.0
04645,"Oil, industrial, canola (partially hydrogenated) oil for deep fat frying",884.0,0.0,0.0,100.0,0.0
04646,"Oil, industrial, coconut, principal uses candy coatings, oil sprays, roasting nuts",884.0,0.0,0.0,100.0,0.0
04648,"Oil, industrial, soy (partially hydrogenated), principal uses popcorn and flavoring vegetables",884.0,0.0,0.0,100.0,0.0
04649,"Shortening, industrial, soy (partially hydrogenated), pourable liquid fry shortening",884.0,0.0,0.0,100.0,0.0
04650,"Oil, industrial, soy, refined, for woks and light frying",884.0,0.0,0.0,100.0,0.0
04651,"Oil, industrial, soy (partially hydrogenated), multiuse for non-dairy butter flavor",884.0,0.0,0.0,100.0,0.0
04652,"Oil, industrial, soy ( partially hydrogenated), all purpose",884.0,0.0,0.0,100.0,0.0
04653,"Oil, industrial, soy (partially hydrogenated ) and soy (winterized), pourable clear fry",884.0,0.0,0.0,100.0,0.0
04654,"Oil, industrial, soy (partially hydrogenated)  and cottonseed, principal use as a tortilla shortening",884.0,0.0,0.0,100.0,0.0
04655,"Margarine-like shortening, industrial, soy (partially hydrogenated), cottonseed, and soy, principal use flaky pastries",628.0,0.0,0.0,71.0,0.0
04656,"Oil, industrial, palm kernel, confection fat, uses similar to high quality cocoa butter",884.0,0.0,0.0,100.0,0.0
04657,"Oil, industrial, palm kernel (hydrogenated), confection fat, uses similar to 95 degree hard butter",884.0,0.0,0.0,100.0,0.0
04658,"Oil, industrial, palm kernel (hydrogenated), confection fat, intermediate grade product",884.0,0.0,0.0,100.0,0.0
04659,"Oil, industrial, coconut, confection fat, typical basis for ice cream coatings",884.0,0.0,0.0,100.0,0.0
04660,"Oil, industrial, palm kernel (hydrogenated) , used for whipped toppings, non-dairy",884.0,0.0,0.0,100.0,0.0
04661,"Oil, industrial, coconut (hydrogenated), used for whipped toppings and coffee whiteners",880.0,0.0,0.0,99.5,0.0
04662,"Oil, industrial, palm and palm kernel, filling fat (non-hydrogenated)",880.0,0.0,0.0,99.5,0.0
04663,"Oil, industrial, palm kernel (hydrogenated), filling fat",884.0,0.0,0.0,100.0,0.0
04664,"Oil, industrial, soy (partially hydrogenated ), palm, principal uses icings and fillings",884.0,0.0,0.0,100.0,0.0
04665,"Margarine, industrial, non-dairy, cottonseed, soy oil (partially hydrogenated ), for flaky pastries",714.0,1.9,0.0,80.2,0.0
04666,"Shortening, industrial, soy (partially hydrogenated ) and corn for frying",884.0,0.0,0.0,100.0,0.0
04667,"Shortening, industrial, soy (partially hydrogenated ) for baking and confections",884.0,0.0,0.0,100.0,0.0
04668,"Margarine, industrial, soy and partially hydrogenated soy oil, use for baking, sauces and candy",714.0,0.18,0.71,80.0,0.0
04669,"USDA Commodity Food, oil, vegetable, soybean, refined",884.0,0.0,0.0,100.0,0.0
04670,"USDA Commodity Food, oil, vegetable, low saturated fat",884.0,0.0,0.0,100.0,0.0
04673,"Margarine-like spread, SMART BALANCE Regular Buttery Spread with flax oil",583.0,0.14,0.14,64.63,0.0
04674,"Margarine-like spread, SMART BALANCE Light Buttery Spread",337.0,0.02,1.98,36.41,
04675,"Margarine-like spread, SMART BEAT Super Light without saturated fat",158.0,0.0,0.0,17.1,0.0
04676,"Margarine-like spread, SMART BEAT Smart Squeeze",47.0,0.0,7.1,2.1,0.0
04677,"Margarine-like spread, SMART BALANCE Omega Plus Spread (with plant sterols & fish oil)",605.0,0.13,0.16,70.95,0.0
04678,"Oil, vegetable, Natreon canola, high stability, non trans, high oleic (70%)",884.0,0.0,0.0,100.0,0.0
04679,"Oil, PAM cooking spray, original",792.0,0.26,20.69,78.69,0.0
04683,"Margarine, margarine-like vegetable oil spread, 67-70% fat, tub",606.0,0.07,0.59,68.29,
04684,"Margarine, 80% fat, tub, CANOLA HARVEST Soft Spread (canola, palm and palm kernel oils)",730.0,0.41,1.39,80.32,
04685,"Oil, cooking and salad, ENOVA, 80% diglycerides",884.0,0.0,0.0,100.0,
04686,"Salad dressing, honey mustard dressing, reduced calorie",207.0,0.98,28.26,10.0,0.8
04687,"Margarine-like spread, BENECOL Light Spread",357.0,0.0,5.71,38.71,
04688,"Salad dressing, spray-style dressing, assorted flavors",165.0,0.16,16.6,10.75,0.3
04689,"Salad Dressing, mayonnaise, light, SMART BALANCE, Omega Plus light",333.0,1.53,9.39,34.18,0.2
04690,"Margarine-like, vegetable oil spread, approximately 37% fat, unspecified oils, with salt, with added vitamin D",339.0,0.51,0.66,37.77,0.0
04691,"Margarine, regular, 80% fat, composite, stick, with salt, with added vitamin D",717.0,0.16,0.7,80.71,0.0
04692,"Margarine, regular, 80% fat, composite, tub, with salt, with added vitamin D",713.0,0.22,0.75,80.17,0.0
04693,"Margarine-like, vegetable oil spread, 60% fat, stick, with salt, with added vitamin D",537.0,0.12,0.69,60.39,0.0
04694,"Margarine-like, vegetable oil spread, 60% fat, tub, with salt, with added vitamin D",533.0,0.17,0.86,59.81,0.0
04695,"Margarine-like vegetable-oil spread, stick/tub/bottle, 60% fat, with added vitamin D",535.0,0.6,0.0,59.17,0.0
04696,"Margarine, regular, 80% fat, composite, stick, without salt, with added vitamin D",717.0,0.16,0.7,80.71,0.0
04697,"Margarine-like, vegetable oil spread, 60% fat, stick/tub/bottle, without salt, with added vitamin D",542.0,0.17,0.86,59.81,0.0
04698,"Oil, industrial, canola, high oleic",900.0,0.0,0.0,100.0,0.0
04699,"Oil, industrial, soy, low linolenic",900.0,0.0,0.0,100.0,0.0
04700,"Oil, industrial, soy, ultra low linolenic",884.0,0.0,0.0,100.0,0.0
04701,"Oil, industrial, soy, fully hydrogenated",884.0,0.0,0.0,100.0,0.0
04702,"Oil, industrial, cottonseed, fully hydrogenated",884.0,0.0,0.0,100.0,0.0
04703,"Salad dressing, honey mustard, regular",464.0,0.87,23.33,40.83,0.4
04704,"Salad dressing, poppyseed, creamy",399.0,0.92,23.73,33.33,0.3
04705,"Salad dressing, caesar, fat-free",131.0,1.47,30.73,0.23,0.2
04706,"Dressing, honey mustard, fat-free",169.0,1.07,38.43,1.47,1.2
04707,"Oil, flaxseed, contains added sliced flaxseed",878.0,0.37,0.39,99.01,
04708,"Mayonnaise, reduced fat, with olive oil",361.0,0.37,0.0,40.0,0.0
04709,"Salad dressing, mayonnaise-type, light",158.0,0.65,16.4,10.0,0.0
05000,"Chicken, broiler, rotisserie, BBQ, breast meat only",144.0,28.04,0.0,3.57,0.0
05001,"Chicken, broilers or fryers, meat and skin and giblets and neck, raw",213.0,18.33,0.13,14.83,0.0
05002,"Chicken, broilers or fryers, meat and skin and giblets and neck, cooked, fried, batter",291.0,22.84,9.03,17.53,
05003,"Chicken, broilers or fryers, meat and skin and giblets and neck, cooked, fried, flour",272.0,28.57,3.27,15.27,
05004,"Chicken, broilers or fryers, meat and skin and giblets and neck, roasted",234.0,26.78,0.06,13.27,0.0
05005,"Chicken, broilers or fryers, meat and skin and giblets and neck, stewed",216.0,24.49,0.06,12.37,0.0
05006,"Chicken, broilers or fryers, meat and skin, raw",215.0,18.6,0.0,15.06,0.0
05007,"Chicken, broilers or fryers, meat and skin, cooked, fried, batter",289.0,22.54,9.42,17.35,0.3
05008,"Chicken, broilers or fryers, meat and skin, cooked, fried, flour",269.0,28.56,3.15,14.92,0.1
05009,"Chicken, broilers or fryers, meat and skin, cooked, roasted",239.0,27.3,0.0,13.6,0.0
05010,"Chicken, broilers or fryers, meat and skin, cooked, stewed",219.0,24.68,0.0,12.56,0.0
05011,"Chicken, broilers or fryers, meat only, raw",119.0,21.39,0.0,3.08,0.0
05012,"Chicken, broilers or fryers, meat only, cooked, fried",219.0,30.57,1.69,9.12,0.1
05013,"Chicken, broilers or fryers, meat only, roasted",190.0,28.93,0.0,7.41,0.0
05014,"Chicken, broilers or fryers, meat only, stewed",177.0,27.29,0.0,6.71,0.0
05015,"Chicken, broilers or fryers, skin only, raw",349.0,13.33,0.0,32.35,0.0
05016,"Chicken, broilers or fryers, skin only, cooked, fried, batter",394.0,10.32,23.15,28.83,
05017,"Chicken, broilers or fryers, skin only, cooked, fried, flour",502.0,19.09,9.34,42.58,
05018,"Chicken, broilers or fryers, skin only, cooked, roasted",454.0,20.36,0.0,40.68,0.0
05019,"Chicken, broilers or fryers, skin only, cooked, stewed",363.0,15.22,0.0,33.04,0.0
05020,"Chicken, broilers or fryers, giblets, raw",124.0,17.88,1.8,4.47,0.0
05021,"Chicken, broilers or fryers, giblets, cooked, fried",277.0,32.54,4.35,13.46,0.0
05022,"Chicken, broilers or fryers, giblets, cooked, simmered",157.0,27.15,0.0,4.5,0.0
05023,"Chicken, gizzard, all classes, raw",94.0,17.66,0.0,2.06,0.0
05024,"Chicken, gizzard, all classes, cooked, simmered",154.0,30.39,0.0,2.68,0.0
05025,"Chicken, heart, all classes, raw",153.0,15.55,0.71,9.33,0.0
05026,"Chicken, heart, all classes, cooked, simmered",185.0,26.41,0.1,7.92,0.0
05027,"Chicken, liver, all classes, raw",119.0,16.92,0.73,4.83,0.0
05028,"Chicken, liver, all classes, cooked, simmered",167.0,24.46,0.87,6.51,0.0
05029,"Chicken, broilers or fryers, light meat, meat and skin, raw",186.0,20.27,0.0,11.07,0.0
05030,"Chicken, broilers or fryers, light meat, meat and skin, cooked, fried, batter",277.0,23.55,9.5,15.44,
05031,"Chicken, broilers or fryers, light meat, meat and skin, cooked, fried, flour",246.0,30.45,1.82,12.09,0.1
05032,"Chicken, broilers or fryers, light meat, meat and skin, cooked, roasted",222.0,29.02,0.0,10.85,0.0
05033,"Chicken, broilers or fryers, light meat, meat and skin, cooked, stewed",201.0,26.14,0.0,9.97,0.0
05034,"Chicken, broilers or fryers, dark meat, meat and skin, raw",237.0,16.69,0.0,18.34,0.0
05035,"Chicken, broilers or fryers, dark meat, meat and skin, cooked, fried, batter",298.0,21.85,9.38,18.64,
05036,"Chicken, broilers or fryers, dark meat, meat and skin, cooked, fried, flour",285.0,27.22,4.08,16.91,0.0
05037,"Chicken, broilers or fryers, dark meat, meat and skin, cooked, roasted",253.0,25.97,0.0,15.78,0.0
05038,"Chicken, broilers or fryers, dark meat, meat and skin, cooked, stewed",233.0,23.5,0.0,14.66,0.0
05039,"Chicken, broilers or fryers, light meat, meat only, raw",114.0,23.2,0.0,1.65,0.0
05040,"Chicken, broilers or fryers, light meat, meat only, cooked, fried",192.0,32.82,0.42,5.54,0.0
05041,"Chicken, broilers or fryers, light meat, meat only, cooked, roasted",173.0,30.91,0.0,4.51,0.0
05042,"Chicken, broilers or fryers, light meat, meat only, cooked, stewed",159.0,28.88,0.0,3.99,0.0
05043,"Chicken, broilers or fryers, dark meat, meat only, raw",125.0,20.08,0.0,4.31,0.0
05044,"Chicken, broilers or fryers, dark meat, meat only, cooked, fried",239.0,28.99,2.59,11.62,0.0
05045,"Chicken, broilers or fryers, dark meat, meat only, cooked, roasted",205.0,27.37,0.0,9.73,0.0
05046,"Chicken, broilers or fryers, dark meat, meat only, cooked, stewed",192.0,25.97,0.0,8.98,0.0
05047,"Chicken, broilers or fryers, separable fat, raw",629.0,3.73,0.0,67.95,0.0
05048,"Chicken, broilers or fryers, back, meat and skin, raw",319.0,14.05,0.0,28.74,0.0
05049,"Chicken, broilers or fryers, back, meat and skin, cooked, fried, batter",331.0,21.97,10.25,21.91,
05050,"Chicken, broilers or fryers, back, meat and skin, cooked, fried, flour",331.0,27.79,6.5,20.74,
05051,"Chicken, broilers or fryers, back, meat and skin, cooked, roasted",300.0,25.95,0.0,20.97,0.0
05052,"Chicken, broilers or fryers, back, meat and skin, cooked, stewed",258.0,22.18,0.0,18.14,0.0
05053,"Chicken, broilers or fryers, back, meat only, raw",137.0,19.56,0.0,5.92,0.0
05054,"Chicken, broilers or fryers, back, meat only, cooked, fried",288.0,29.99,5.68,15.32,0.0
05055,"Chicken, broilers or fryers, back, meat only, cooked, roasted",239.0,28.19,0.0,13.16,0.0
05056,"Chicken, broilers or fryers, back, meat only, cooked, stewed",209.0,25.31,0.0,11.19,0.0
05057,"Chicken, broilers or fryers, breast, meat and skin, raw",172.0,20.85,0.0,9.25,0.0
05058,"Chicken, broilers or fryers, breast, meat and skin, cooked, fried, batter",260.0,24.84,8.99,13.2,0.3
05059,"Chicken, broilers or fryers, breast, meat and skin, cooked, fried, flour",222.0,31.84,1.64,8.87,0.1
05060,"Chicken, broilers or fryers, breast, meat and skin, cooked, roasted",197.0,29.8,0.0,7.78,0.0
05061,"Chicken, broilers or fryers, breast, meat and skin, cooked, stewed",184.0,27.39,0.0,7.42,0.0
05062,"Chicken, broiler or fryers, breast, skinless, boneless, meat only, raw",120.0,22.5,0.0,2.62,0.0
05063,"Chicken, broilers or fryers, breast, meat only, cooked, fried",187.0,33.44,0.51,4.71,0.0
05064,"Chicken, broilers or fryers, breast, meat only, cooked, roasted",165.0,31.02,0.0,3.57,0.0
05065,"Chicken, broilers or fryers, breast, meat only, cooked, stewed",151.0,28.98,0.0,3.03,0.0
05066,"Chicken, broilers or fryers, drumstick, meat and skin, raw",161.0,18.08,0.11,9.2,0.0
05067,"Chicken, broilers or fryers, drumstick, meat and skin, cooked, fried, batter",268.0,21.95,8.28,15.75,0.3
05068,"Chicken, broilers or fryers, drumstick, meat and skin, cooked, fried, flour",245.0,26.96,1.63,13.72,0.1
05069,"Chicken, broilers or fryers, drumstick, meat and skin, cooked, roasted",191.0,23.35,0.0,10.15,0.0
05070,"Chicken, broilers or fryers, drumstick, meat and skin, cooked, stewed",204.0,25.32,0.0,10.64,0.0
05071,"Chicken, broilers or fryers, dark meat, drumstick, meat only, raw",116.0,19.41,0.0,3.71,0.0
05072,"Chicken, broilers or fryers, drumstick, meat only, cooked, fried",195.0,28.62,0.0,8.08,0.0
05073,"Chicken, broilers or fryers, dark meat, drumstick, meat only, cooked, roasted",155.0,24.24,0.0,5.7,0.0
05074,"Chicken, broilers or fryers, drumstick, meat only, cooked, stewed",169.0,27.5,0.0,5.71,0.0
05075,"Chicken, broilers or fryers, leg, meat and skin, raw",214.0,16.37,0.17,15.95,0.0
05076,"Chicken, broilers or fryers, leg, meat and skin, cooked, fried, batter",273.0,21.77,8.72,16.17,0.3
05077,"Chicken, broilers or fryers, leg, meat and skin, cooked, fried, flour",254.0,26.84,2.5,14.43,0.1
05078,"Chicken, broilers or fryers, leg, meat and skin, cooked, roasted",184.0,24.03,0.0,8.99,0.0
05079,"Chicken, broilers or fryers, leg, meat and skin, cooked, stewed",220.0,24.17,0.0,12.92,0.0
05080,"Chicken, broilers or fryers, leg, meat only, raw",120.0,19.16,0.0,4.22,0.0
05081,"Chicken, broilers or fryers, leg, meat only, cooked, fried",208.0,28.38,0.65,9.32,0.0
05082,"Chicken, broilers or fryers, leg, meat only, cooked, roasted",174.0,24.22,0.0,7.8,0.0
05083,"Chicken, broilers or fryers, leg, meat only, cooked, stewed",185.0,26.26,0.0,8.06,0.0
05084,"Chicken, broilers or fryers, neck, meat and skin, raw",297.0,14.07,0.0,26.24,0.0
05085,"Chicken, broilers or fryers, neck, meat and skin, cooked, fried, batter",330.0,19.82,8.7,23.52,
05086,"Chicken, broilers or fryers, neck, meat and skin, cooked, fried, flour",332.0,24.01,4.24,23.61,
05087,"Chicken, broilers or fryers, neck, meat and skin, cooked simmered",247.0,19.61,0.0,18.1,0.0
05088,"Chicken, broilers or fryers, neck, meat only, raw",154.0,17.55,0.0,8.78,0.0
05089,"Chicken, broilers or fryers, neck, meat only, cooked, fried",229.0,26.87,1.77,11.88,0.0
05090,"Chicken, broilers or fryers, neck, meat only, cooked, simmered",179.0,24.56,0.0,8.18,0.0
05091,"Chicken, broilers or fryers, thigh, meat and skin, raw",221.0,16.52,0.25,16.61,0.0
05092,"Chicken, broilers or fryers, thigh, meat and skin, cooked, fried, batter",277.0,21.61,9.08,16.53,0.3
05093,"Chicken, broilers or fryers, thigh, meat and skin, cooked, fried, flour",262.0,26.75,3.18,14.98,0.1
05094,"Chicken, broilers or fryers, thigh, meat and skin, cooked, roasted",232.0,23.26,0.0,14.71,0.0
05095,"Chicken, broilers or fryers, thigh, meat and skin, cooked, stewed",232.0,23.26,0.0,14.74,0.0
05096,"Chicken, broilers or fryers, dark meat, thigh, meat only, raw",121.0,19.66,0.0,4.12,0.0
05097,"Chicken, broilers or fryers, thigh, meat only, cooked, fried",218.0,28.18,1.18,10.3,0.0
05098,"Chicken, broilers or fryers, thigh, meat only, cooked, roasted",179.0,24.76,0.0,8.15,0.0
05099,"Chicken, broilers or fryers, thigh, meat only, cooked, stewed",195.0,25.0,0.0,9.79,0.0
05100,"Chicken, broilers or fryers, wing, meat and skin, raw",191.0,17.52,0.0,12.85,0.0
05101,"Chicken, broilers or fryers, wing, meat and skin, cooked, fried, batter",324.0,19.87,10.94,21.81,0.3
05102,"Chicken, broilers or fryers, wing, meat and skin, cooked, fried, flour",321.0,26.11,2.39,22.16,0.1
05103,"Chicken, broilers or fryers, wing, meat and skin, cooked, roasted",254.0,23.79,0.0,16.87,0.0
05104,"Chicken, broilers or fryers, wing, meat and skin, cooked, stewed",249.0,22.78,0.0,16.82,0.0
05105,"Chicken, broilers or fryers, wing, meat only, raw",126.0,21.97,0.0,3.54,0.0
05106,"Chicken, broilers or fryers, wing, meat only, cooked, fried",211.0,30.15,0.0,9.15,0.0
05107,"Chicken, broilers or fryers, wing, meat only, cooked, roasted",203.0,30.46,0.0,8.13,0.0
05108,"Chicken, broilers or fryers, wing, meat only, cooked, stewed",181.0,27.18,0.0,7.18,0.0
05109,"Chicken, roasting, meat and skin and giblets and neck, raw",213.0,17.09,0.09,15.46,0.0
05110,"Chicken, roasting, meat and skin and giblets and neck, cooked, roasted",220.0,23.96,0.05,13.07,0.0
05111,"Canada Goose, breast meat, skinless, raw",133.0,24.31,0.0,4.02,0.0
05112,"Chicken, roasting, meat and skin, cooked, roasted",223.0,23.97,0.0,13.39,0.0
05113,"Chicken, roasting, meat only, raw",111.0,20.33,0.0,2.7,0.0
05114,"Chicken, roasting, meat only, cooked, roasted",167.0,25.01,0.0,6.63,0.0
05115,"Chicken, roasting, giblets, raw",127.0,18.14,1.14,5.04,0.0
05116,"Chicken, roasting, giblets, cooked, simmered",165.0,26.77,0.86,5.22,0.0
05117,"Chicken, roasting, light meat, meat only, raw",109.0,22.2,0.0,1.63,0.0
05118,"Chicken, roasting, light meat, meat only, cooked, roasted",153.0,27.13,0.0,4.07,0.0
05119,"Chicken, roasting, dark meat, meat only, raw",113.0,18.74,0.0,3.61,0.0
05120,"Chicken, roasting, dark meat, meat only, cooked, roasted",178.0,23.25,0.0,8.75,0.0
05121,"Chicken, stewing, meat and skin, and giblets and neck, raw",251.0,17.48,0.19,19.52,0.0
05122,"Chicken, stewing, meat and skin, and giblets and neck, cooked, stewed",214.0,24.88,0.0,11.91,0.0
05123,"Chicken, stewing, meat and skin, raw",258.0,17.55,0.0,20.33,0.0
05124,"Chicken, stewing, meat and skin, cooked, stewed",285.0,26.88,0.0,18.87,0.0
05125,"Chicken, stewing, meat only, raw",148.0,21.26,0.0,6.32,0.0
05126,"Chicken, stewing, meat only, cooked, stewed",237.0,30.42,0.0,11.89,0.0
05127,"Chicken, stewing, giblets, raw",168.0,17.89,2.13,9.21,0.0
05128,"Chicken, stewing, giblets, cooked, simmered",194.0,25.73,0.11,9.3,0.0
05129,"Chicken, stewing, light meat, meat only, raw",137.0,23.1,0.0,4.21,0.0
05130,"Chicken, stewing, light meat, meat only, cooked, stewed",213.0,33.04,0.0,7.98,0.0
05131,"Chicken, stewing, dark meat, meat only, raw",157.0,19.7,0.0,8.12,0.0
05132,"Chicken, stewing, dark meat, meat only, cooked, stewed",258.0,28.14,0.0,15.28,0.0
05133,"Chicken, capons, meat and skin and giblets and neck, raw",232.0,18.51,0.08,16.9,0.0
05134,"Chicken, capons, meat and skin and giblets and neck, cooked, roasted",226.0,28.35,0.04,11.67,0.0
05135,"Chicken, capons, meat and skin, raw",234.0,18.77,0.0,17.07,0.0
05136,"Chicken, capons, meat and skin, cooked, roasted",229.0,28.96,0.0,11.65,0.0
05137,"Chicken, capons, giblets, raw",130.0,18.28,1.42,5.18,0.0
05138,"Chicken, capons, giblets, cooked, simmered",164.0,26.39,0.76,5.4,0.0
05139,"Duck, domesticated, meat and skin, raw",404.0,11.49,0.0,39.34,0.0
05140,"Duck, domesticated, meat and skin, cooked, roasted",337.0,18.99,0.0,28.35,0.0
05141,"Duck, domesticated, meat only, raw",135.0,18.28,0.94,5.95,0.0
05142,"Duck, domesticated, meat only, cooked, roasted",201.0,23.48,0.0,11.2,0.0
05143,"Duck, domesticated, liver, raw",136.0,18.74,3.53,4.64,0.0
05144,"Duck, wild, meat and skin, raw",211.0,17.42,0.0,15.2,0.0
05145,"Duck, wild, breast, meat only, raw",123.0,19.85,0.0,4.25,0.0
05146,"Goose, domesticated, meat and skin, raw",371.0,15.86,0.0,33.62,0.0
05147,"Goose, domesticated, meat and skin, cooked, roasted",305.0,25.16,0.0,21.92,0.0
05148,"Goose, domesticated, meat only, raw",161.0,22.75,0.0,7.13,0.0
05149,"Goose, domesticated, meat only, cooked, roasted",238.0,28.97,0.0,12.67,0.0
05150,"Goose, liver, raw",133.0,16.37,6.32,4.28,0.0
05151,"Guinea hen, meat and skin, raw",158.0,23.4,0.0,6.45,0.0
05152,"Guinea hen, meat only, raw",110.0,20.64,0.0,2.47,0.0
05153,"Pheasant, raw, meat and skin",181.0,22.7,0.0,9.29,0.0
05154,"Pheasant, raw, meat only",133.0,23.57,0.0,3.64,0.0
05155,"Pheasant, breast, meat only, raw",133.0,24.37,0.0,3.25,0.0
05156,"Pheasant, leg, meat only, raw",134.0,22.2,0.0,4.3,0.0
05157,"Quail, meat and skin, raw",192.0,19.63,0.0,12.05,0.0
05158,"Quail, meat only, raw",134.0,21.76,0.0,4.53,0.0
05159,"Quail, breast, meat only, raw",123.0,22.59,0.0,2.99,0.0
05160,"Squab, (pigeon), meat and skin, raw",294.0,18.47,0.0,23.8,0.0
05161,"Squab, (pigeon), meat only, raw",142.0,17.5,0.0,7.5,0.0
05162,"Squab, (pigeon), light meat without skin, raw",134.0,21.76,0.0,4.52,0.0
05165,"Turkey, whole, meat and skin, raw",143.0,21.64,0.13,5.64,0.0
05166,"Turkey, whole, meat and skin, cooked, roasted",189.0,28.55,0.06,7.39,0.0
05167,"Turkey, whole, meat only, raw",112.0,22.64,0.14,1.93,0.0
05168,"Turkey, whole, meat only, cooked, roasted",159.0,29.06,0.0,3.84,0.0
05169,"Turkey, skin from whole, (light and dark), raw",407.0,12.96,0.16,38.93,0.0
05170,"Turkey, skin from whole (light and dark), roasted",459.0,23.94,0.57,39.31,0.0
05171,"Turkey, whole, giblets, raw",124.0,18.18,0.07,5.09,0.0
05172,"Turkey, whole, giblets, cooked, simmered",173.0,26.44,0.0,6.61,0.0
05173,"Turkey, gizzard, all classes, raw",111.0,18.8,0.0,3.37,0.0
05174,"Turkey, gizzard, all classes, cooked, simmered",155.0,26.45,0.0,4.64,0.0
05175,"Turkey, heart, all classes, raw",140.0,16.7,0.4,7.44,0.0
05176,"Turkey, heart, all classes, cooked, simmered",174.0,24.88,0.0,7.52,0.0
05177,"Turkey, liver, all classes, raw",128.0,18.26,0.0,5.5,0.0
05178,"Turkey, liver, all classes, cooked, simmered",189.0,27.0,0.0,8.18,0.0
05179,"Turkey from whole, neck, meat only, raw",125.0,16.51,0.0,6.04,0.0
05180,"Turkey from whole, neck, meat only, cooked, simmered",162.0,22.48,0.0,7.36,0.0
05181,"Turkey from whole, light meat, meat and skin, raw",161.0,21.96,0.15,7.43,0.0
05182,"Turkey from whole, light meat, meat and skin, cooked, roasted",177.0,29.55,0.05,5.57,0.0
05183,"Turkey, dark meat, meat and skin, raw",161.0,19.81,0.15,8.97,0.0
05184,"Turkey, dark meat from whole, meat and skin, cooked, roasted",206.0,27.27,0.07,9.95,0.0
05185,"Turkey from whole, light meat, raw",114.0,23.66,0.14,1.48,0.0
05186,"Turkey, all classes, light meat, cooked, roasted",147.0,30.13,0.0,2.08,0.0
05187,"Turkey from whole, dark meat, meat only, raw",108.0,21.28,0.15,2.5,0.0
05188,"Turkey, from whole, dark meat, cooked, roasted",173.0,27.71,0.0,6.04,0.0
05190,"Turkey, all classes, back, meat and skin, cooked, roasted",244.0,26.59,0.16,14.38,0.0
05191,"Turkey, all classes, breast, meat and skin, raw",157.0,21.89,0.0,7.02,0.0
05192,"Turkey, all classes, breast, meat and skin, cooked, roasted",189.0,28.71,0.0,7.41,0.0
05193,"Turkey, all classes, leg, meat and skin, raw",144.0,19.54,0.0,6.72,0.0
05194,"Turkey, all classes, leg, meat and skin, cooked, roasted",208.0,27.87,0.0,9.82,0.0
05195,"Turkey, all classes, wing, meat and skin, raw",197.0,20.22,0.0,12.32,0.0
05196,"Turkey, all classes, wing, meat and skin, cooked, roasted",229.0,27.38,0.0,12.43,0.0
05200,"Turkey, fryer-roasters, meat and skin, cooked, roasted",172.0,28.26,0.0,5.72,0.0
05215,"Turkey, back from whole bird, meat only, raw",113.0,21.28,0.15,2.5,0.0
05216,"Turkey, back, from whole bird, meat only, roasted",173.0,27.71,0.0,6.04,0.0
05219,"Turkey, breast, from whole bird, meat only, raw",114.0,23.66,0.14,1.48,0.0
05220,"Turkey, breast, from whole bird, meat only, roasted",147.0,30.13,0.0,2.08,0.0
05227,"Turkey, wing, from whole bird, meat only, raw",114.0,23.66,0.14,1.48,0.0
05228,"Turkey, wing, from whole bird, meat only, roasted",147.0,30.13,0.0,2.08,0.0
05236,"Turkey, young hen, skin only, cooked, roasted",482.0,19.03,0.0,44.45,0.0
05277,"Chicken, canned, meat only, with broth",165.0,21.77,0.0,7.95,0.0
05282,"Pate de foie gras, canned (goose liver pate), smoked",462.0,11.4,4.67,43.84,0.0
05284,"Turkey, canned, meat only, with broth",169.0,23.68,1.47,6.86,0.0
05285,"Turkey, diced, light and dark meat, seasoned",138.0,18.7,1.0,6.0,0.0
05286,"Turkey and gravy, frozen",67.0,5.88,4.61,2.63,0.0
05293,"Turkey breast, pre-basted, meat and skin, cooked, roasted",126.0,22.16,0.0,3.46,0.0
05294,"Turkey thigh, pre-basted, meat and skin, cooked, roasted",157.0,18.8,0.0,8.54,0.0
05295,"Turkey roast, boneless, frozen, seasoned, light and dark meat, raw",120.0,17.6,6.4,2.2,0.0
05300,"Turkey sticks, breaded, battered, fried",279.0,14.2,17.0,16.9,
05301,"Poultry, mechanically deboned, from backs and necks with skin, raw",272.0,11.39,0.0,24.73,0.0
05302,"Poultry, mechanically deboned, from backs and necks without skin, raw",199.0,13.79,0.0,15.48,0.0
05303,"Poultry, mechanically deboned, from mature hens, raw",243.0,14.72,0.0,19.98,0.0
05304,"Turkey, mechanically deboned, from turkey frames, raw",201.0,13.29,0.0,15.96,0.0
05305,"Ground turkey, raw",148.0,19.66,0.0,7.66,0.0
05306,"Ground turkey, cooked",203.0,27.37,0.0,10.4,0.0
05307,"Chicken, cornish game hens, meat and skin, raw",200.0,17.15,0.0,14.02,0.0
05308,"Chicken, cornish game hens, meat and skin, cooked, roasted",259.0,22.27,0.0,18.21,0.0
05309,"Chicken, cornish game hens, meat only, raw",116.0,20.04,0.0,3.33,0.0
05310,"Chicken, cornish game hens, meat only, cooked, roasted",134.0,23.3,0.0,3.87,0.0
05311,"Chicken, canned, no broth",185.0,25.3,0.9,8.1,0.0
05312,"Chicken, wing, frozen, glazed, barbecue flavored",211.0,19.67,3.34,12.67,0.6
05313,"Chicken, wing, frozen, glazed, barbecue flavored, heated (microwave)",248.0,25.34,3.84,13.9,0.9
05314,"Chicken, broilers or fryers, breast, skinless, boneless, meat only, with added solution, raw",108.0,20.32,0.0,3.0,0.0
05315,"Duck, young duckling, domesticated, White Pekin, breast, meat and skin, boneless, cooked, roasted",202.0,24.5,0.0,10.85,
05316,"Duck, young duckling, domesticated, White Pekin, breast, meat only, boneless, cooked without skin, broiled",140.0,27.6,0.0,2.5,
05317,"Duck, young duckling, domesticated, White Pekin, leg, meat and skin, bone in, cooked, roasted",217.0,26.75,0.0,11.4,
05318,"Duck, young duckling, domesticated, White Pekin, leg, meat only, bone in, cooked without skin, braised",178.0,29.1,0.0,5.96,
05319,"Chicken, broiler, rotisserie, BBQ, drumstick, meat only",172.0,27.71,0.0,6.76,0.0
05320,"Chicken, wing, frozen, glazed, barbecue flavored, heated (conventional oven)",242.0,22.24,3.36,14.87,0.5
05323,"Chicken patty, frozen, uncooked",292.0,14.33,13.61,20.04,1.2
05324,"Chicken patty, frozen, cooked",287.0,14.85,12.84,19.58,0.3
05326,"Chicken breast tenders, breaded, cooked, microwaved",252.0,16.35,17.56,12.89,0.0
05327,"Chicken breast tenders, breaded, uncooked",263.0,14.73,15.01,15.75,1.1
05332,"Chicken, ground, raw",143.0,17.44,0.04,8.1,0.0
05333,"Chicken, ground, crumbles, cooked, pan-browned",189.0,23.28,0.0,10.92,0.0
05334,"Chicken, broiler, rotisserie, BBQ, thigh, meat only",193.0,24.09,0.0,10.74,0.0
05335,"Chicken, feet, boiled",215.0,19.4,0.2,14.6,0.0
05336,"USDA Commodity Chicken, canned, meat only, drained",162.0,27.52,0.0,5.72,0.0
05337,"USDA Commodity, Chicken, canned, meat only, with water",129.0,22.02,0.0,4.58,0.0
05338,"USDA Commodity, Chicken, canned, meat only, with broth",133.0,22.41,0.23,4.69,0.0
05339,"Chicken, broiler, rotisserie, BBQ, wing, meat only",184.0,28.34,0.54,7.79,0.0
05341,"Chicken, broilers or fryers, back, meat only, cooked, rotisserie, original seasoning",205.0,25.34,0.0,11.54,0.0
05342,"Chicken, broilers or fryers, breast, meat only, cooked, rotisserie, original seasoning",137.0,28.0,0.0,2.79,0.0
05343,"Chicken, broilers or fryers, drumstick, meat only, cooked, rotisserie, original seasoning",176.0,28.74,0.0,6.81,0.0
05344,"Chicken, broilers or fryers, skin only, cooked, rotisserie, original seasoning",406.0,17.66,0.11,37.24,0.0
05345,"Chicken, broilers or fryers, thigh, meat only, cooked, rotisserie, original seasoning",196.0,24.06,0.0,11.09,0.0
05346,"Chicken, broilers or fryers, wing, meat only, cooked, rotisserie, original seasoning",197.0,27.69,0.0,9.53,0.0
05347,"Chicken, broilers or fryers, back, meat and skin, cooked, rotisserie, original seasoning",260.0,23.23,0.03,18.59,0.0
05348,"Chicken, broilers or fryers, breast, meat and skin, cooked, rotisserie, original seasoning",184.0,27.48,0.02,8.18,0.0
05349,"Chicken, broilers or fryers, drumstick, meat and skin, cooked, rotisserie, original seasoning",215.0,26.86,0.02,11.98,0.0
05351,"Chicken, broilers or fryers, thigh, meat and skin, cooked, rotisserie, original seasoning",233.0,22.93,0.02,15.7,0.0
05352,"Chicken, broilers or fryers, wing, meat and skin, cooked, rotisserie, original seasoning",266.0,24.34,0.04,18.77,0.0
05353,"USDA Commodity, chicken fajita strips, frozen",135.0,18.56,2.23,5.73,0.0
05354,"USDA Commodity, turkey taco meat, frozen, cooked",148.0,16.8,3.03,7.58,0.0
05356,"Chicken, broiler, rotisserie, BBQ, skin",378.0,15.19,0.7,35.15,0.0
05357,"Chicken, broiler, rotisserie, BBQ, back meat and skin",251.0,20.29,0.4,18.86,0.0
05358,"Chicken, broiler, rotisserie, BBQ, breast meat and skin",175.0,26.37,0.09,7.67,0.0
05359,"Chicken, broiler, rotisserie, BBQ, drumstick meat and skin",206.0,25.65,0.12,11.46,0.0
05361,"Chicken, broiler, rotisserie, BBQ, thigh meat and skin",226.0,22.51,0.12,15.08,0.0
05362,"Chicken, broiler, rotisserie, BBQ, wing meat and skin",257.0,23.42,0.6,18.04,0.0
05363,"Ruffed Grouse, breast meat, skinless, raw",112.0,25.94,0.0,0.88,0.0
05600,"USDA Commodity, turkey ham, dark meat, smoked, frozen",118.0,16.3,3.1,4.0,0.0
05621,"Emu, ground, raw",134.0,22.77,0.0,4.03,0.0
05622,"Emu, ground, cooked, pan-broiled",163.0,28.43,0.0,4.65,0.0
05623,"Emu, fan fillet, raw",103.0,22.5,0.0,0.8,0.0
05624,"Emu, fan fillet, cooked, broiled",154.0,31.27,0.0,2.3,0.0
05625,"Emu, flat fillet, raw",102.0,22.25,0.0,0.74,0.0
05626,"Emu, full rump, raw",112.0,22.83,0.0,1.64,0.0
05627,"Emu, full rump, cooked, broiled",168.0,33.67,0.0,2.68,0.0
05628,"Emu, inside drum, raw",108.0,22.22,0.0,1.49,0.0
05629,"Emu, inside drums, cooked, broiled",156.0,32.38,0.0,2.01,0.0
05630,"Emu, outside drum, raw",103.0,23.08,0.0,0.48,0.0
05631,"Emu, oyster, raw",141.0,22.81,0.0,4.86,0.0
05632,"Emu, top loin, cooked, broiled",152.0,29.07,0.0,3.13,0.0
05641,"Ostrich, ground, raw",165.0,20.22,0.0,8.7,0.0
05642,"Ostrich, ground, cooked, pan-broiled",175.0,26.15,0.0,7.07,0.0
05643,"Ostrich, fan, raw",117.0,21.81,0.0,2.65,0.0
05644,"Ostrich, inside leg, raw",111.0,22.39,0.0,1.72,0.0
05645,"Ostrich, inside leg, cooked",141.0,29.01,0.0,1.94,0.0
05646,"Ostrich, inside strip, raw",127.0,23.69,0.0,2.87,0.0
05647,"Ostrich, inside strip, cooked",164.0,29.37,0.0,4.26,0.0
05648,"Ostrich, outside leg, raw",115.0,22.86,0.0,1.96,0.0
05649,"Ostrich, outside strip, raw",120.0,23.36,0.0,2.21,0.0
05650,"Ostrich, outside strip, cooked",156.0,28.55,0.0,3.83,0.0
05651,"Ostrich, oyster, raw",125.0,21.55,0.0,3.67,0.0
05652,"Ostrich, oyster, cooked",159.0,28.81,0.0,3.97,0.0
05653,"Ostrich, round, raw",116.0,21.99,0.0,2.4,0.0
05654,"Ostrich, tenderloin, raw",123.0,22.07,0.0,3.19,0.0
05655,"Ostrich, tip trimmed, raw",114.0,21.85,0.0,2.3,0.0
05656,"Ostrich, tip trimmed, cooked",145.0,28.49,0.0,2.57,0.0
05657,"Ostrich, top loin, raw",119.0,21.67,0.0,2.95,0.0
05658,"Ostrich, top loin, cooked",155.0,28.12,0.0,3.87,0.0
05661,"Chicken, liver, all classes, cooked, pan-fried",172.0,25.78,1.11,6.43,0.0
05662,"Ground turkey, fat free, raw",112.0,23.57,0.0,1.95,0.0
05663,"Ground turkey, fat free, pan-broiled crumbles",151.0,31.69,0.0,2.71,0.0
05664,"Ground turkey, fat free, patties, broiled",138.0,28.99,0.0,2.48,0.0
05665,"Ground turkey, 93% lean, 7% fat, raw",150.0,18.73,0.0,8.34,0.0
05666,"Ground turkey, 93% lean, 7% fat, pan-broiled crumbles",213.0,27.1,0.0,11.6,0.0
05667,"Ground turkey, 93% lean, 7% fat, patties, broiled",207.0,25.86,0.0,11.45,0.0
05668,"Ground turkey, 85% lean, 15% fat, raw",180.0,16.9,0.0,12.54,0.0
05669,"Ground turkey, 85% lean, 15% fat, pan-broiled crumbles",258.0,25.11,0.0,17.45,0.0
05670,"Ground turkey, 85% lean, 15% fat, patties, broiled",249.0,25.88,0.0,16.2,0.0
05671,"Chicken, broilers or fryers, dark meat, drumstick, meat only, cooked, braised",149.0,23.93,0.0,5.95,0.0
05672,"Chicken, broilers or fryers, dark meat, thigh, meat only, cooked, braised",176.0,24.55,0.0,8.63,0.0
05673,"Chicken, skin (drumsticks and thighs), cooked, braised",443.0,14.61,0.0,42.76,0.0
05674,"Chicken, skin (drumsticks and thighs), raw",440.0,9.58,0.79,44.23,0.0
05675,"Chicken, skin (drumsticks and thighs), cooked, roasted",462.0,16.57,0.0,43.99,0.0
05676,"Chicken, broilers or fryers, dark meat, drumstick, meat and skin, cooked, braised",187.0,22.72,0.0,10.73,0.0
05677,"Chicken, broilers or fryers, dark meat, thigh, meat and skin, cooked, braised",229.0,22.57,0.0,15.43,0.0
05678,"Chicken, dark meat, drumstick, meat only, with added solution, raw",106.0,19.19,0.0,3.26,0.0
05679,"Chicken, dark meat, drumstick, meat only, with added solution, cooked, roasted",146.0,25.34,0.0,5.0,0.0
05680,"Chicken, dark meat, drumstick, meat only, with added solution, cooked, braised",149.0,22.99,0.0,6.33,0.0
05681,"Chicken, dark meat, thigh, meat only, with added solution, cooked, braised",164.0,23.0,0.0,7.96,0.0
05682,"Chicken, dark meat, thigh, meat only, with added solution, raw",110.0,19.11,0.0,3.69,0.0
05683,"Chicken, dark meat, thigh, meat only, with added solution, cooked, roasted",164.0,24.23,0.0,7.73,0.0
05684,"Chicken, skin (drumsticks and thighs), with added solution, cooked, braised",403.0,12.26,1.0,38.94,0.0
05685,"Chicken, skin (drumsticks and thighs), with added solution, raw",386.0,11.11,0.01,37.9,0.0
05686,"Chicken, skin (drumsticks and thighs), with added solution, cooked, roasted",421.0,20.31,0.44,37.6,0.0
05687,"Chicken, dark meat, drumstick, meat and skin, with added solution, cooked, braised",183.0,21.55,0.13,10.71,0.0
05688,"Chicken, dark meat, drumstick, meat and skin, with added solution, raw",146.0,18.03,0.0,8.24,0.0
05689,"Chicken, dark meat, drumstick, meat and skin, with added solution, cooked, roasted",180.0,24.72,0.05,9.0,0.0
05690,"Chicken, dark meat, thigh, meat and skin, with added solution, cooked, braised",215.0,20.7,0.21,14.62,0.0
05691,"Chicken, dark meat, thigh, meat and skin, with added solution, raw",197.0,16.56,0.0,14.58,0.0
05692,"Chicken, dark meat, thigh, meat and skin, with added solution, cooked, roasted",214.0,23.47,0.09,13.81,0.0
05693,"Chicken, broiler, rotisserie, BBQ, back meat only",212.0,21.85,0.31,13.87,0.0
05694,"Turkey, dark meat from whole, meat only, with added solution, raw",115.0,19.27,0.1,4.12,0.0
05695,"Turkey, dark meat, meat only, with added solution, cooked, roasted",158.0,26.1,0.0,6.0,0.0
05696,"Turkey from whole, light meat, meat only, with added solution, raw",101.0,21.54,0.0,1.66,0.0
05697,"Turkey from whole, light meat, meat only, with added solution, cooked, roasted",127.0,26.97,0.0,2.08,0.0
05698,"Turkey, skin from whole (light and dark), with added solution, raw",381.0,12.29,0.21,36.8,0.0
05699,"Turkey, skin from whole, (light and dark), with added solution, roasted",451.0,22.15,0.0,40.31,0.0
05700,"Turkey, dark meat from whole, meat and skin, with added solution, raw",169.0,17.84,0.15,10.83,0.0
05701,"Turkey, dark meat from whole, meat and skin, with added solution, cooked, roasted",199.0,25.55,0.0,10.81,0.0
05702,"Turkey from whole, light meat, meat and skin, with added solution, raw",147.0,20.02,0.14,7.42,0.0
05703,"Turkey from whole, light meat, meat and skin, with added solution, cooked, roasted",157.0,26.52,0.0,5.64,0.0
05704,"Turkey, whole, meat only, with added solution, raw",105.0,20.87,0.14,2.39,0.0
05705,"Turkey, whole, meat only, with added solution, roasted",140.0,26.61,0.0,3.7,0.0
05706,"Turkey, whole, meat and skin, with added solution, raw",158.0,19.03,0.15,9.1,0.0
05707,"Turkey, whole, meat and skin, with added solution, roasted",176.0,26.09,0.0,8.01,0.0
05708,"Turkey, retail parts, breast, meat only, with added solution, raw",111.0,21.99,0.0,2.53,0.0
05709,"Turkey, retail parts, breast, meat only, with added solution, cooked, roasted",130.0,27.94,0.0,2.08,0.0
05710,"Turkey, retail parts, breast, meat only, raw",114.0,23.34,0.0,2.33,0.0
05711,"Turkey, retail parts, breast, meat only, cooked, roasted",136.0,29.51,0.0,1.97,0.0
05712,"Turkey, retail parts, wing, meat only, raw",112.0,22.48,0.0,2.49,0.0
05713,"Turkey, retail parts, wing, meat only, cooked, roasted",170.0,30.17,0.0,5.51,0.0
05714,"Turkey, skin, from retail parts, from dark meat, raw",380.0,14.35,0.0,35.83,0.0
05715,"Turkey, skin, from retail parts, from dark meat, cooked, roasted",414.0,24.58,0.0,35.03,0.0
05716,"Turkey, retail parts, drumstick, meat only, raw",118.0,20.52,0.0,3.97,0.0
05717,"Turkey, retail parts, thigh, meat only, raw",116.0,20.6,0.0,3.69,0.0
05718,"Turkey, breast, from whole bird, meat only, with added solution, roasted",127.0,26.97,0.0,2.08,0.0
05719,"Turkey, back, from whole bird, meat only, with added solution, raw",115.0,19.27,0.15,4.12,0.0
05720,"Turkey, back, from whole bird, meat only, with added solution, roasted",127.0,26.97,0.0,2.08,0.0
05721,"Turkey, breast, from whole bird, meat only, with added solution, raw",102.0,21.54,0.14,1.66,0.0
05722,"Turkey, retail parts, thigh, meat only, cooked, roasted",159.0,25.14,0.46,6.25,0.0
05723,"Turkey, retail parts, drumstick, meat only, cooked, roasted",173.0,28.61,0.0,6.52,0.0
05724,"Turkey, drumstick, from whole bird, meat only, with added solution, raw",115.0,19.27,0.15,4.12,0.0
05725,"Turkey, drumstick, from whole bird, meat only, with added solution, roasted",158.0,26.1,0.0,6.0,0.0
05726,"Turkey, thigh, from whole bird, meat only, with added solution, raw",115.0,19.27,0.15,4.12,0.0
05727,"Turkey, retail parts, breast, meat and skin, with added solution, raw",144.0,20.79,0.03,6.75,0.0
05728,"Turkey, thigh, from whole bird, meat only, with added solution, roasted",158.0,26.1,0.0,6.0,0.0
05729,"Turkey, wing, from whole bird, meat only, with added solution, raw",102.0,21.54,0.14,1.66,0.0
05730,"Turkey, wing, from whole bird, meat only, with added solution, roasted",127.0,26.97,0.0,2.08,0.0
05732,"Turkey, retail parts, breast, meat and skin, raw",155.0,21.88,0.0,7.45,0.0
05733,"Turkey, retail parts, breast, meat and skin, cooked, roasted",164.0,29.01,0.05,5.33,0.0
05734,"Turkey, retail parts, wing, meat and skin, raw",202.0,19.53,0.05,13.79,0.0
05735,"Turkey, retail parts, wing, meat and skin, cooked, roasted",235.0,28.74,0.13,13.29,0.0
05736,"Turkey, retail parts, drumstick, meat and skin, raw",141.0,19.96,0.0,6.84,0.0
05737,"Turkey, retail parts, drumstick, meat and skin, cooked, roasted",197.0,28.21,0.0,9.37,0.0
05738,"Turkey, drumstick, from whole bird, meat only, raw",109.0,23.66,0.14,1.48,0.0
05739,"Turkey, drumstick, from whole bird, meat only, roasted",139.0,30.13,0.0,2.08,0.0
05740,"Turkey, thigh, from whole bird, meat only, raw",108.0,21.28,0.15,2.5,0.0
05741,"Turkey, thigh, from whole bird, meat only, roasted",165.0,27.71,0.0,6.04,0.0
05742,"Turkey, retail parts, thigh, meat and skin, raw",161.0,19.54,0.0,9.16,0.0
05743,"Turkey, retail parts, thigh, meat and skin, cooked, roasted",183.0,23.95,0.41,9.5,0.0
05744,"Turkey, back, from whole bird, meat and skin, with added solution, raw",206.0,16.86,0.15,15.41,0.0
05745,"Turkey, back, from whole bird, meat and skin, with added solution, roasted",205.0,25.8,0.0,11.36,0.0
05746,"Chicken, broiler or fryers, breast, skinless, boneless, meat only, cooked, braised",157.0,32.06,0.0,3.24,0.0
05747,"Chicken, broiler or fryers, breast, skinless, boneless, meat only, cooked, grilled",151.0,30.54,0.0,3.17,0.0
05748,"Chicken, broiler or fryers, breast, skinless, boneless, meat only, with added solution, cooked, braised",145.0,28.24,0.0,3.61,0.0
05749,"Chicken, broiler or fryers, breast, skinless, boneless, meat only, with added solution, cooked, grilled",148.0,29.5,0.0,3.39,0.0
06001,"Soup, cream of asparagus, canned, condensed",69.0,1.82,8.52,3.26,0.4
06002,"Soup, black bean, canned, condensed",91.0,4.83,15.42,1.32,6.8
06003,"CAMPBELL'S Red and White, Beefy Mushroom Soup, condensed",40.0,2.38,4.76,1.59,0.0
06004,"Soup, bean with pork, canned, condensed",129.0,5.88,16.97,4.42,5.9
06006,"Soup, bean with frankfurters, canned, condensed",142.0,7.6,16.75,5.31,4.6
06007,"Soup, bean with ham, canned, chunky, ready-to-serve",95.0,5.19,11.16,3.5,4.6
06008,"Soup, beef broth or bouillon canned, ready-to-serve",7.0,1.14,0.04,0.22,0.0
06009,"Soup, beef noodle, canned, condensed",67.0,3.85,7.16,2.46,0.6
06010,"Soup, cream of celery, canned, condensed",72.0,1.32,7.03,4.46,0.6
06011,"Soup, cheese, canned, condensed",82.0,0.8,11.3,3.92,2.2
06013,"Soup, chicken broth, canned, condensed",31.0,4.42,0.75,1.04,0.0
06014,"CAMPBELL'S Red and White, Broccoli Cheese Soup, condensed",81.0,1.61,9.68,3.63,0.0
06015,"Soup, chicken, canned, chunky, ready-to-serve",71.0,5.06,6.88,2.64,0.6
06016,"Soup, cream of chicken, canned, condensed",90.0,2.38,7.16,5.77,0.0
06017,"Soup, chicken gumbo, canned, condensed",45.0,2.1,6.67,1.14,1.6
06018,"Soup, chunky chicken noodle, canned, ready-to-serve",41.0,3.09,4.46,1.16,0.8
06019,"Soup, chicken noodle, canned, condensed",48.0,2.37,6.07,1.55,0.9
06022,"Soup, chicken rice, canned, chunky, ready-to-serve",53.0,5.11,5.41,1.33,0.4
06023,"Soup, chicken with rice, canned, condensed",68.0,1.84,11.57,1.56,0.9
06024,"Soup, chicken and vegetable, canned, ready-to-serve",33.0,1.97,4.68,0.73,0.9
06025,"Soup, chicken vegetable, canned, condensed",61.0,2.94,7.01,2.32,0.7
06026,"Soup, chili beef, canned, condensed",117.0,5.09,18.86,2.53,2.5
06027,"Soup, clam chowder, manhattan style, canned, chunky, ready-to-serve",56.0,3.02,7.84,1.41,1.2
06028,"Soup, clam chowder, manhattan, canned, condensed",61.0,1.74,9.74,1.76,1.2
06029,"CAMPBELL'S, HEALTHY REQUEST, chicken with rice, condensed",46.0,1.59,7.19,1.19,0.8
06030,"Soup, clam chowder, new england, canned, condensed",72.0,3.17,10.32,2.06,0.7
06032,"Soup, beef broth bouillon and consomme, canned, condensed",11.0,2.52,0.32,0.0,0.0
06037,"Soup, lentil with ham, canned, ready-to-serve",56.0,3.74,8.16,1.12,
06038,"CAMPBELL'S, Cheddar Cheese Soup, condensed",84.0,0.8,11.44,3.92,2.2
06039,"Soup, minestrone, canned, chunky, ready-to-serve",53.0,2.13,8.64,1.17,2.4
06040,"Soup, minestrone, canned, condensed",68.0,3.48,9.17,2.05,0.8
06041,"CAMPBELL'S Red and White, Chicken and Dumplings Soup, condensed",56.0,2.38,7.94,1.98,0.8
06042,"Soup, mushroom barley, canned, condensed",61.0,1.5,9.6,1.8,
06043,"Soup, cream of mushroom, canned, condensed",79.0,1.35,6.8,5.3,0.7
06044,"Soup, mushroom with beef stock, canned, condensed",68.0,2.51,7.41,3.21,0.1
06045,"Soup, onion, canned, condensed",46.0,3.06,6.68,1.42,0.7
06046,"Soup, cream of onion, canned, condensed",88.0,2.2,10.4,4.2,0.4
06047,"CAMPBELL'S Red and White, Chicken and Stars Soup, condensed",56.0,2.38,8.73,1.59,0.8
06048,"Soup, oyster stew, canned, condensed",48.0,1.72,3.32,3.13,0.0
06049,"Soup, pea, green, canned, condensed",125.0,6.54,20.18,2.23,3.9
06050,"Soup, pea, split with ham, canned, chunky, ready-to-serve",77.0,4.62,11.17,1.66,1.7
06051,"Soup, pea, split with ham, canned, condensed",141.0,7.68,20.81,3.28,1.7
06053,"Soup, cream of potato, canned, condensed",74.0,1.51,12.79,1.88,1.3
06054,"CAMPBELL'S Red and White, Chicken Alphabet Soup, condensed",56.0,2.38,9.52,1.19,0.8
06056,"Soup, cream of shrimp, canned, condensed",72.0,2.22,6.53,4.14,0.2
06057,"CAMPBELL'S Red and White, Chicken Broth, condensed",16.0,0.81,0.81,0.81,0.0
06058,"CAMPBELL'S Red and White, Chicken Gumbo Soup, condensed",48.0,1.59,7.94,0.79,0.8
06061,"Soup, tomato beef with noodle, canned, condensed",112.0,3.55,16.87,3.42,1.2
06062,"CAMPBELL'S, Red and White, Chicken Noodle Soup, condensed",47.0,2.37,5.97,1.53,
06063,"Soup, tomato rice, canned, condensed",93.0,1.64,17.08,2.12,1.3
06064,"Soup, turkey, chunky, canned, ready-to-serve",57.0,4.33,5.96,1.87,
06067,"Soup, chunky vegetable, canned, ready-to-serve",39.0,1.14,7.9,0.36,1.1
06068,"Soup, vegetarian vegetable, canned, condensed",59.0,1.72,9.78,1.58,0.5
06070,"Soup, chunky beef, canned, ready-to-serve",66.0,3.97,10.08,1.11,0.6
06071,"Soup, vegetable beef, canned, condensed",63.0,4.45,8.11,1.51,1.6
06072,"Soup, vegetable with beef broth, canned, condensed",66.0,2.42,10.7,1.56,1.3
06075,"Soup, beef broth or bouillon, powder, dry",213.0,15.97,17.4,8.89,0.0
06076,"Soup, beef broth, cubed, dry",170.0,17.3,16.1,4.0,0.0
06080,"Soup, chicken broth or bouillon, dry",267.0,16.66,18.01,13.88,0.0
06081,"Soup, chicken broth cubes, dry",198.0,14.6,23.5,4.7,0.0
06082,"CAMPBELL'S Red and White, Chicken NOODLEO's Soup, condensed",71.0,2.38,11.9,1.98,0.8
06084,"CAMPBELL'S Red and White, Chicken Vegetable Soup, condensed",63.0,2.38,11.9,0.79,1.6
06091,"CAMPBELL'S Red and White, Beef Broth, condensed",12.0,2.42,0.81,0.0,0.0
06094,"Soup, onion, dry, mix",293.0,7.48,65.07,0.34,6.6
06097,"CAMPBELL'S Red and White, Beef Consomme, condensed",16.0,3.23,0.81,0.0,0.0
06101,"Soup, cream of vegetable, dry, powder",446.0,8.0,52.1,24.1,3.0
06112,"Sauce, teriyaki, ready-to-serve",89.0,5.93,15.56,0.02,0.1
06114,"Gravy, au jus, canned",16.0,1.2,2.5,0.2,0.0
06115,"Gravy, au jus, dry",313.0,9.2,47.49,9.63,
06116,"Gravy, beef, canned, ready-to-serve",53.0,3.75,4.81,2.36,0.4
06117,"CAMPBELL'S Red and White, Bean with Bacon Soup, condensed",125.0,6.25,19.53,2.34,6.3
06118,"Gravy, brown, dry",367.0,10.74,59.38,9.61,2.0
06119,"Gravy, chicken, canned or bottled, ready-to-serve",48.0,0.71,5.29,2.62,0.1
06120,"Gravy, chicken, dry",381.0,11.27,62.09,9.73,
06121,"Gravy, mushroom, canned",50.0,1.26,5.47,2.71,0.4
06122,"Gravy, mushroom, dry, powder",328.0,10.0,64.66,4.0,4.8
06123,"Gravy, onion, dry, mix",322.0,9.0,67.64,3.0,6.0
06124,"Gravy, pork, dry, powder",367.0,8.78,63.57,8.63,2.4
06125,"Gravy, turkey, canned, ready-to-serve",51.0,2.6,5.1,2.1,0.4
06126,"Gravy, turkey, dry",367.0,10.42,65.12,7.19,
06127,"Gravy, unspecified type, dry",344.0,13.0,58.0,8.0,
06128,"Soup, chicken noodle, dry, mix",377.0,15.42,62.32,6.51,3.2
06142,"Sauce, sofrito, prepared from recipe",237.0,12.8,5.46,18.2,1.7
06143,"USDA Commodity, spaghetti sauce, meatless, canned",48.0,1.2,8.7,0.9,
06145,"CAMPBELL'S Red and White, Beef Noodle Soup, condensed",56.0,3.17,6.35,1.59,0.8
06146,"CAMPBELL'S Red and White, Beef with Vegetables and Barley Soup, condensed",71.0,3.97,11.9,1.19,2.4
06147,"Soup, beef mushroom, canned, condensed",61.0,4.6,5.2,2.4,0.2
06149,"Soup, chicken mushroom, canned, condensed",100.0,1.61,11.95,4.84,3.2
06150,"Sauce, barbecue",172.0,0.82,40.77,0.63,0.9
06151,"Sauce, plum, ready-to-serve",184.0,0.89,42.81,1.04,0.7
06152,"Sauce, pizza, canned, ready-to-serve",54.0,2.18,8.66,1.15,2.0
06158,"Soup, tomato bisque, canned, condensed",96.0,1.76,18.47,1.95,0.8
06159,"Soup, tomato, canned, condensed",66.0,1.46,15.22,0.44,1.1
06164,"Sauce, salsa, ready-to-serve",29.0,1.52,6.64,0.17,1.9
06165,"Sauce, homemade, white, thin",105.0,3.77,7.4,6.73,0.1
06166,"Sauce, homemade, white, medium",147.0,3.84,9.17,10.63,0.2
06167,"Sauce, homemade, white, thick",186.0,3.99,11.61,13.83,0.3
06168,"Sauce, ready-to-serve, pepper or hot",11.0,0.51,1.75,0.37,0.3
06169,"Sauce, ready-to-serve, pepper, TABASCO",12.0,1.29,0.8,0.76,0.6
06170,"Soup, stock, beef, home-prepared",13.0,1.97,1.2,0.09,0.0
06172,"Soup, stock, chicken, home-prepared",36.0,2.52,3.53,1.2,0.0
06174,"Soup, stock, fish, home-prepared",16.0,2.26,0.0,0.81,0.0
06175,"Sauce, hoisin, ready-to-serve",220.0,3.31,44.08,3.39,2.8
06176,"Sauce, oyster, ready-to-serve",51.0,1.35,10.92,0.25,0.3
06177,"Soup, minestrone, canned, reduced sodium, ready-to-serve",50.0,2.0,9.0,0.8,2.4
06178,"USDA Commodity, salsa",36.0,1.5,7.0,0.2,1.4
06179,"Sauce, fish, ready-to-serve",35.0,5.06,3.64,0.01,0.0
06180,"Soup, shark fin, restaurant-prepared",46.0,3.2,3.8,2.0,0.0
06182,"Soup, cream of mushroom, canned, condensed, reduced sodium",52.0,1.21,8.1,1.69,0.6
06183,"Soup, chicken broth, less/reduced sodium, ready to serve",7.0,1.36,0.38,0.0,0.0
06188,"Soup, beef broth, less/reduced sodium, ready to serve",6.0,1.14,0.2,0.07,0.0
06189,"Sauce, teriyaki, ready-to-serve, reduced sodium",89.0,5.93,15.58,0.02,0.1
06190,"Soup, bean & ham, canned, reduced sodium, prepared with water or ready-to-serve",81.0,4.19,13.66,1.03,4.0
06192,"Split pea soup, canned, reduced sodium, prepared with water or ready-to serve",71.0,3.85,11.83,0.92,1.9
06193,"Split pea with ham soup, canned, reduced sodium, prepared with water or ready-to-serve",68.0,4.0,11.4,0.7,1.9
06194,"Soup, chicken broth, ready-to-serve",6.0,0.64,0.44,0.21,0.0
06195,"CAMPBELL'S, HEALTHY REQUEST, cream of chicken soup, condensed",50.0,3.0,7.5,1.5,0.4
06201,"Soup, cream of asparagus, canned, prepared with equal volume milk",65.0,2.55,6.61,3.3,0.3
06208,"Soup, chicken vegetable with potato and cheese, chunky, ready-to-serve",65.0,1.16,5.2,4.46,0.3
06209,"CAMPBELL'S, 98% Fat Free Cream of Broccoli Soup, condensed",56.0,1.61,8.06,1.61,1.6
06210,"Soup, cream of celery, canned, prepared with equal volume milk",66.0,2.29,5.86,3.91,0.3
06211,"Soup, cheese, canned, prepared with equal volume milk",92.0,3.77,6.47,5.8,0.4
06212,"CAMPBELL'S, 25% Less Sodium Chicken Noodle Soup, condensed",49.0,2.9,6.3,1.29,0.8
06213,"CAMPBELL'S Red and White, 25% Less Sodium Tomato Soup, condensed",73.0,1.61,16.13,0.0,0.8
06214,"CAMPBELL'S, 25% Less Sodium Cream of Mushroom Soup, condensed",89.0,1.61,6.45,6.45,1.6
06215,"CAMPBELL'S, 98% Fat Free Broccoli Cheese Soup, condensed",56.0,1.61,9.68,1.21,0.8
06216,"Soup, cream of chicken, canned, prepared with equal volume milk",77.0,3.01,6.04,4.62,0.1
06217,"Soup, vegetable, canned, low sodium, condensed",65.0,2.2,12.11,0.9,2.1
06218,"CAMPBELL'S, 98% Fat Free Cream of Celery Soup, condensed",56.0,0.81,7.26,2.42,1.6
06219,"CAMPBELL'S, 98% Fat Free Cream of Chicken Soup, condensed",55.0,1.8,7.46,2.02,0.4
06220,"PREGO Pasta, Chunky Garden Mushroom and Green Pepper Italian Sauce, ready-to-serve",69.0,1.54,10.0,2.31,2.3
06221,"PREGO Pasta, Chunky Garden Mushroom Supreme Italian Sauce, ready-to-serve",69.0,1.54,10.0,2.31,2.3
06222,"PREGO Pasta, Diced Onion and Garlic Italian Sauce, ready-to-serve",92.0,1.54,13.85,3.46,2.3
06223,"PREGO Pasta, Flavored with Meat Italian Sauce, ready-to-serve",62.0,1.54,10.0,1.92,2.3
06224,"PREGO Pasta, Fresh Mushroom Italian Sauce, ready-to-serve",54.0,1.54,10.0,1.15,2.3
06225,"PREGO Pasta, Garlic Supreme Italian Sauce, ready-to-serve",85.0,1.54,13.08,3.08,2.3
06226,"PREGO Pasta, Italian Sausage and Garlic Italian Sauce, ready-to-serve",72.0,2.4,10.4,2.4,2.4
06228,"PREGO Pasta, Mini Meatball Italian Sauce, ready-to-serve",77.0,3.08,10.0,2.31,2.3
06229,"PREGO Pasta, Mushroom and Garlic Italian Sauce, ready-to-serve",62.0,1.54,10.0,1.92,2.3
06230,"Soup, clam chowder, new england, canned, prepared with equal volume low fat (2%) milk",61.0,3.24,7.46,2.02,0.3
06231,"PREGO Pasta, Mushroom and Parmesan Italian Sauce, ready-to-serve",104.0,2.4,17.6,2.8,2.4
06232,"PREGO Pasta, Organic Mushroom Italian Sauce, ready-to-serve",72.0,1.6,10.4,2.4,3.2
06233,"PREGO Pasta, Organic Tomato and Basil Italian Sauce, ready-to-serve",72.0,1.6,10.4,2.4,3.2
06234,"PREGO Pasta, Heart Smart- Ricotta Parmesan Italian Sauce, ready-to-serve",72.0,2.4,10.4,2.0,2.4
06235,"P REGO Pasta, Roasted Garlic and Herb Italian Sauce, ready-to-serve",69.0,1.54,10.0,2.31,2.3
06236,"PREGO Pasta, Roasted Garlic Parmesan Italian Sauce, ready-to-serve",77.0,2.31,10.0,0.77,2.3
06237,"PREGO Pasta, Heart Smart- Roasted Red Pepper and Garlic Italian Sauce, ready-to-serve",56.0,1.6,10.4,1.2,2.4
06239,"PREGO Pasta, Tomato, Basil and Garlic Italian Sauce, ready-to-serve",64.0,1.6,9.6,2.0,2.4
06240,"PREGO Pasta, Zesty Mushroom Italian Sauce, ready-to-serve",85.0,1.54,13.85,2.69,2.3
06241,"CAMPBELL'S CHUNKY Microwavable Bowls, Beef with Country Vegetables Soup, ready-to-serve",61.0,4.08,8.57,1.22,2.0
06242,"CAMPBELL'S CHUNKY Microwavable Bowls, Chicken and Dumplings Soup, ready-to-serve",78.0,3.27,7.35,3.67,1.2
06243,"Soup, cream of mushroom, canned, prepared with equal volume low fat (2%) milk",65.0,2.36,5.76,3.58,0.3
06244,"CAMPBELL'S CHUNKY Microwavable Bowls, Classic Chicken Noodle, ready-to-serve",45.0,2.45,5.71,1.22,0.8
06245,"CAMPBELL'S CHUNKY Microwavable Bowls, Grilled Chicken and Sausage Gumbo, ready-to-serve",57.0,2.86,7.35,1.63,0.4
06246,"Soup, cream of onion, canned, prepared with equal volume milk",75.0,2.74,7.4,3.78,0.3
06248,"Soup, oyster stew, canned, prepared with equal volume milk",55.0,2.51,3.99,3.24,0.0
06249,"Soup, pea, green, canned, prepared with equal volume milk",94.0,4.97,12.69,2.77,1.1
06250,"CAMPBELL'S CHUNKY Microwavable Bowls, New England Clam Chowder, ready-to-serve",82.0,2.45,6.94,4.9,1.2
06251,"CAMPBELL'S CHUNKY Microwavable Bowls, Old Fashioned Vegetable Beef Soup, ready-to-serve",41.0,2.86,5.71,0.61,1.2
06252,"CAMPBELL'S CHUNKY Microwavable Bowls, Sirloin Burger with Country Vegetables Soup, ready-to-serve",57.0,3.27,7.35,1.43,1.2
06253,"Soup, cream of potato, canned, prepared with equal volume milk",60.0,2.33,6.92,2.6,0.2
06256,"Soup, cream of shrimp, canned, prepared with equal volume low fat (2%) milk",61.0,2.78,5.64,3.23,0.1
06264,"Sauce, white, thin, prepared-from-recipe, with butter",72.0,3.95,8.29,2.56,0.1
06285,"Sauce, sweet and sour, prepared-from-recipe",79.0,1.84,16.72,0.58,0.4
06307,"Sauce, barbecue, KRAFT, original",172.0,0.74,40.77,0.62,0.4
06309,"CAMPBELL'S, Chicken with Rice Soup, condensed",68.0,1.84,11.28,1.64,0.9
06311,"CAMPBELL'S Red and White, Chicken Won Ton Soup, condensed",40.0,2.38,6.35,0.79,0.0
06312,"CAMPBELL'S Red and White, Cream of Asparagus Soup, condensed",89.0,1.61,7.26,5.65,2.4
06314,"Soup, HEALTHY CHOICE Chicken Noodle Soup, canned",41.0,3.69,5.2,0.63,0.8
06315,"Soup, HEALTHY CHOICE Chicken and Rice Soup, canned",37.0,2.53,5.71,0.55,0.8
06316,"Soup, HEALTHY CHOICE Garden Vegetable Soup, canned",51.0,2.13,10.04,0.21,1.9
06317,"Gravy, CAMPBELL'S, beef, fat free",25.0,1.69,5.08,0.0,0.0
06318,"Gravy, CAMPBELL'S, country style cream",76.0,1.69,5.08,5.08,0.0
06319,"Gravy, CAMPBELL'S, country style sausage",119.0,3.39,5.08,10.17,0.0
06320,"Gravy, CAMPBELL'S, chicken, fat free",25.0,1.69,5.08,0.0,
06321,"Gravy, CAMPBELL'S, golden pork",76.0,1.69,5.08,5.08,0.0
06322,"Gravy, CAMPBELL'S, mushroom",34.0,0.0,5.08,1.69,
06323,"Gravy, CAMPBELL'S, turkey, fat free",33.0,1.67,6.67,0.0,
06324,"Gravy, CAMPBELL'S, beef, microwavable",42.0,1.69,5.08,1.69,0.0
06325,"Gravy, CAMPBELL'S, chicken, microwavable",67.0,0.0,5.0,5.0,0.0
06326,"Gravy, CAMPBELL'S, turkey",42.0,1.69,5.08,1.69,0.0
06327,"Gravy, FRANCO-AMERICAN, beef, slow roast, fat free",34.0,1.69,5.08,0.0,
06328,"Gravy, FRANCO-AMERICAN, chicken, slow roast, fat free",34.0,1.69,6.78,0.0,
06329,"Gravy, FRANCO-AMERICAN, beef, slow roast",42.0,1.69,5.08,0.85,0.0
06330,"Gravy, FRANCO-AMERICAN, chicken, slow roast",34.0,1.69,5.08,0.85,
06331,"Gravy, FRANCO-AMERICAN, turkey, slow roast",42.0,1.69,6.78,0.85,
06332,"Gravy, CAMPBELL'S, turkey, microwavable",42.0,1.67,5.0,1.67,0.0
06333,"CAMPBELL'S Red and White, Cream of Broccoli Soup, condensed",73.0,1.61,9.68,4.03,0.8
06334,"CAMPBELL'S Red and White, Cream of Celery Soup, condensed",73.0,0.81,7.26,4.84,2.4
06336,"CAMPBELL'S, Cream of Chicken Soup, condensed",103.0,1.76,6.03,7.98,4.1
06337,"CAMPBELL'S, Cream of Chicken with Herbs Soup, condensed",65.0,1.61,7.26,3.23,0.0
06338,"CAMPBELL'S, Cream of Mushroom Soup, condensed",81.0,1.29,6.59,5.5,0.6
06339,"CAMPBELL'S, Cream of Mushroom with Roasted Garlic Soup, condensed",56.0,1.61,8.06,2.02,1.6
06340,"CAMPBELL'S Red and White, Cream of Onion Soup, condensed",81.0,0.81,8.06,4.84,2.4
06341,"CAMPBELL'S, Cream of Potato Soup, condensed",71.0,1.51,13.25,1.35,1.3
06342,"CAMPBELL'S Red and White, Cream of Shrimp Soup, condensed",81.0,2.42,6.45,4.84,0.0
06343,"CAMPBELL'S Red and White, Creamy Chicken Noodle Soup, condensed",97.0,3.23,8.87,5.65,3.2
06349,"CAMPBELL'S Red and White, SCOOBY-DOO Soup, condensed",56.0,2.38,8.73,1.59,0.8
06350,"CAMPBELL'S Red and White, DOUBLE NOODLE in Chicken Broth Soup, condensed",87.0,2.38,15.87,1.59,0.8
06351,"CAMPBELL'S Red and White, Old Fashioned Tomato Rice Soup, condensed",87.0,0.79,18.25,1.59,0.8
06353,"CAMPBELL'S Red and White, Fiesta Nacho Cheese Soup, condensed",97.0,2.42,8.06,6.45,0.8
06354,"CAMPBELL'S Red and White, French Onion Soup, condensed",36.0,1.59,4.76,1.19,0.8
06355,"CAMPBELL'S Red and White, Golden Mushroom Soup, condensed",65.0,1.61,8.06,2.82,0.8
06357,"CAMPBELL'S Red and White, GOLDFISH Pasta with Chicken in Chicken Broth, condensed",63.0,2.38,9.52,1.59,0.8
06358,"Soup, tomato bisque, canned, prepared with equal volume milk",79.0,2.51,11.73,2.63,0.2
06359,"Soup, tomato, canned, prepared with equal volume low fat (2%) milk",55.0,2.42,9.82,1.24,0.5
06361,"CAMPBELL'S Red and White, Green Pea Soup, condensed",141.0,7.03,21.88,2.34,3.1
06363,"CAMPBELL'S, Homestyle Chicken Noodle Soup, condensed",51.0,2.36,7.53,1.28,0.8
06364,"CAMPBELL'S Red and White, Manhattan Clam Chowder, condensed",48.0,1.59,9.52,0.4,1.6
06365,"CAMPBELL'S Red and White, Mega Noodle in Chicken Broth, condensed",71.0,2.38,11.9,1.59,0.8
06366,"CAMPBELL'S Red and White, Minestrone Soup, condensed",71.0,3.17,13.49,0.79,2.4
06367,"CAMPBELL'S Red and White, New England Clam Chowder, condensed",71.0,3.17,10.32,1.98,0.8
06373,"CAMPBELL'S Red and White, Vegetarian Vegetable Soup, condensed",71.0,2.38,14.29,0.4,1.6
06374,"CAMPBELL'S Red and White, Vegetable Soup, condensed",79.0,3.17,16.67,0.4,2.4
06375,"CAMPBELL'S, Vegetable Beef Soup, condensed",65.0,3.79,11.8,0.26,2.1
06377,"CAMPBELL'S, Tomato Soup, condensed",71.0,1.46,15.22,0.44,1.1
06379,"CAMPBELL'S Red and White, Tomato Bisque, condensed",103.0,1.59,18.25,2.78,0.8
06380,"CAMPBELL'S Red and White, Split Pea with Ham and Bacon Soup, condensed",141.0,7.81,23.44,1.56,3.1
06383,"CAMPBELL'S CHUNKY Soups, Baked Potato with Cheddar & Bacon Bits Soup",78.0,2.04,9.39,3.67,0.8
06384,"CAMPBELL'S CHUNKY Soups, Baked Potato with Steak & Cheese Soup",82.0,3.27,8.57,4.08,1.2
06387,"CAMPBELL'S CHUNKY Soups, Beef Rib Roast with Potatoes & Herbs Soup",44.0,2.86,6.94,0.41,0.8
06388,"CAMPBELL'S CHUNKY Soups, Beef with Country Vegetables Soup",53.0,3.27,7.35,1.22,1.2
06389,"CAMPBELL'S CHUNKY Soups, Beef with White and Wild Rice Soup",57.0,3.27,9.8,0.61,0.8
06391,"CAMPBELL'S CHUNKY, Creamy Chicken and Dumplings Soup",66.0,2.32,7.09,3.19,1.5
06392,"CAMPBELL'S CHUNKY Soups, Chicken Broccoli Cheese & Potato Soup",86.0,2.86,8.16,4.49,1.2
06393,"CAMPBELL'S CHUNKY Soups, Chicken Corn Chowder",82.0,2.86,8.16,4.08,0.8
06395,"CAMPBELL'S CHUNKY, Classic Chicken Noodle Soup",47.0,3.41,5.41,1.3,1.0
06396,"CAMPBELL'S CHUNKY Soups, Fajita Chicken with Rice & Beans Soup",53.0,2.86,9.39,0.61,0.8
06398,"CAMPBELL'S CHUNKY Soups, Firehouse - Hot & Spicy Beef & Bean Chili",95.0,6.12,10.2,3.27,2.4
06399,"CAMPBELL'S CHUNKY Soups, Grilled Chicken & Sausage Gumbo Soup",57.0,2.86,8.57,1.22,0.8
06400,"CAMPBELL'S CHUNKY Soups, Grilled Chicken with Vegetables & Pasta Soup",41.0,2.45,5.71,1.02,0.8
06401,"Soup, cream of asparagus, canned, prepared with equal volume water",35.0,0.94,4.38,1.68,0.2
06402,"Soup, black bean, canned, prepared with equal volume water",46.0,2.42,7.71,0.66,3.4
06403,"CAMPBELL'S CHUNKY Soups, Grilled Sirloin Steak with Hearty Vegetables Soup",51.0,3.27,7.76,0.82,1.6
06404,"Soup, bean with pork, canned, prepared with equal volume water",63.0,2.88,8.31,2.16,2.9
06405,"CAMPBELL'S CHUNKY, HEALTHY REQUEST Chicken Noodle Soup",41.0,2.97,5.88,0.97,0.8
06406,"Soup, bean with frankfurters, canned, prepared with equal volume water",75.0,3.99,8.8,2.79,
06408,"CAMPBELL'S CHUNKY Soups, HEALTHY REQUEST Vegetable Soup",49.0,1.63,9.8,0.41,1.6
06409,"Soup, beef noodle, canned, prepared with equal volume water",34.0,1.93,3.58,1.23,0.3
06410,"Soup, cream of celery, canned, prepared with equal volume water",37.0,0.68,3.62,2.29,0.3
06411,"Soup, cheese, canned, prepared with equal volume water",63.0,2.19,4.26,4.24,0.4
06413,"Soup, chicken broth, canned, prepared with equal volume water",16.0,2.02,0.38,0.57,0.0
06414,"CAMPBELL'S CHUNKY Soups, Hearty Bean 'N' Ham Soup",74.0,4.49,12.24,0.82,3.3
06415,"CAMPBELL'S CHUNKY Soups, Hearty Beef Barley Soup",56.0,2.89,8.98,0.92,1.0
06416,"Soup, cream of chicken, canned, prepared with equal volume water",48.0,1.41,3.8,3.02,0.1
06417,"Soup, chicken gumbo, canned, prepared with equal volume water",23.0,1.08,3.43,0.59,0.8
06418,"CAMPBELL'S CHUNKY Soups, Hearty Chicken with Vegetables Soup",45.0,2.45,6.94,0.82,1.2
06419,"Soup, chicken noodle, canned, prepared with equal volume water",24.0,1.16,2.97,0.76,0.5
06423,"Soup, chicken with rice, canned, prepared with equal volume water",24.0,1.45,2.92,0.78,0.3
06426,"Soup, chili beef, canned, prepared with equal volume water",57.0,2.49,9.23,1.24,1.2
06428,"Soup, clam chowder, manhattan, canned, prepared with equal volume water",30.0,0.85,4.77,0.86,0.6
06429,"CAMPBELL'S CHUNKY Soups, Manhattan Clam Chowder",52.0,2.04,7.76,1.43,1.2
06430,"Soup, clam chowder, new england, canned, prepared with equal volume water",35.0,1.55,5.05,1.01,0.3
06431,"CAMPBELL'S CHUNKY, New England Clam Chowder",81.0,2.46,9.01,3.85,1.2
06432,"Soup, beef broth, bouillon, consomme, prepared with equal volume water",12.0,2.22,0.73,0.0,0.0
06433,"CAMPBELL'S CHUNKY Soups, Old Fashioned Potato Ham Chowder",78.0,2.45,6.94,4.49,1.2
06434,"CAMPBELL'S CHUNKY Soups, Old Fashioned Vegetable Beef Soup",49.0,3.16,6.24,1.23,1.3
06437,"CAMPBELL'S CHUNKY Soups, Roadhouse - Beef & Bean Chili",95.0,6.12,10.2,3.27,2.4
06438,"CAMPBELL'S CHUNKY Soups, Salisbury Steak with Mushrooms & Onions Soup",57.0,2.86,7.76,1.84,0.8
06439,"CAMPBELL'S CHUNKY Soups, Savory Chicken with White & Wild Rice Soup",45.0,2.86,7.35,0.82,0.8
06440,"Soup, minestrone, canned, prepared with equal volume water",34.0,1.77,4.66,1.04,0.4
06441,"CAMPBELL'S CHUNKY Soups, Savory Pot Roast Soup",49.0,2.86,8.16,0.41,0.8
06442,"Soup, mushroom barley, canned, prepared with equal volume water",30.0,0.77,4.8,0.93,0.3
06443,"Soup, cream of mushroom, canned, prepared with equal volume water",39.0,0.66,3.33,2.59,0.3
06444,"Soup, mushroom with beef stock, canned, prepared with equal volume water",35.0,1.29,3.81,1.65,0.3
06446,"Soup, cream of onion, canned, prepared with equal volume water",44.0,1.13,5.2,2.16,0.4
06447,"CAMPBELL'S CHUNKY Soups, Savory Vegetable Soup",44.0,1.22,8.98,0.41,1.6
06448,"Soup, oyster stew, canned, prepared with equal volume water",24.0,0.87,1.69,1.59,
06449,"Soup, pea, green, canned, prepared with equal volume water",61.0,3.2,9.88,1.09,1.9
06451,"Soup, pea, split with ham, canned, prepared with equal volume water",75.0,4.08,11.05,1.74,0.9
06453,"Soup, cream of potato, canned, prepared with equal volume water",30.0,0.72,4.7,0.97,0.2
06454,"CAMPBELL'S CHUNKY Soups, Grilled Steak- Steak Chili with Beans",81.0,6.53,11.02,1.22,2.9
06456,"Soup, cream of shrimp, canned, prepared with equal volume water",36.0,1.11,3.27,2.07,0.1
06457,"CAMPBELL'S CHUNKY Soups, Slow Roasted Beef with Mushrooms Soup",48.0,3.27,7.35,0.61,1.2
06459,"CAMPBELL'S CHUNKY Soups, Split Pea 'N' Ham Soup",78.0,4.9,12.24,1.02,2.0
06461,"Soup, tomato beef with noodle, canned, prepared with equal volume water",56.0,1.78,8.44,1.71,0.6
06462,"CAMPBELL'S CHUNKY Soups, Steak 'N' Potato Soup",49.0,3.27,7.35,0.82,1.2
06463,"Soup, tomato rice, canned, prepared with equal volume water",47.0,0.82,8.54,1.06,0.7
06465,"Soup, turkey noodle, canned, prepared with equal volume water",28.0,1.6,3.54,0.82,0.3
06466,"Soup, turkey vegetable, canned, prepared with equal volume water",30.0,1.28,3.58,1.26,0.2
06468,"Soup, vegetarian vegetable, canned, prepared with equal volume water",28.0,0.86,4.89,0.79,0.3
06470,"CAMPBELL'S Low Sodium Soups, Chicken Broth",10.0,1.01,0.34,0.34,0.0
06471,"Soup, vegetable beef, canned, prepared with equal volume water",31.0,2.23,4.06,0.76,0.8
06472,"Soup, vegetable with beef broth, canned, prepared with equal volume water",33.0,1.21,5.35,0.78,0.7
06475,"Soup, beef broth or bouillon, powder, prepared with water",3.0,0.21,0.25,0.08,0.0
06476,"Soup, beef broth, cubed, prepared with water",3.0,0.21,0.25,0.08,0.0
06480,"Soup, chicken broth or bouillon, dry, prepared with water",4.0,0.28,0.3,0.23,0.0
06481,"Soup, chicken broth cubes, dry, prepared with water",5.0,0.39,0.62,0.12,
06482,"CAMPBELL'S Low Sodium Soups, Chicken with Noodles Soup",52.0,3.93,5.57,1.48,0.7
06483,"Soup, cream of chicken, dry, mix, prepared with water",41.0,0.68,5.11,2.04,0.1
06487,"CAMPBELL'S Low Sodium Soups, Cream of Mushroom Soup",54.0,1.01,6.38,2.68,0.0
06494,"Soup, onion, dry, mix, prepared with water",12.0,0.32,2.77,0.01,0.3
06497,"CAMPBELL'S Red and White - Microwaveable Bowls, Chicken Noodle Soup",30.0,1.63,4.08,0.82,0.4
06498,"Soup, tomato, dry, mix, prepared with water",38.0,0.93,7.17,0.61,0.4
06502,"CAMPBELL'S Red and White - Microwaveable Bowls, Chicken Rice Soup",30.0,0.82,5.71,0.41,0.4
06503,"CAMPBELL'S Red and White - Microwaveable Bowls, Creamy Tomato Soup",64.0,1.22,10.2,2.04,1.2
06504,"CAMPBELL'S Red and White - Microwaveable Bowls, Tomato Soup",44.0,1.22,9.8,0.0,1.2
06505,"CAMPBELL'S Red and White - Microwaveable Bowls, Vegetable Beef Soup",34.0,2.04,6.12,0.2,1.2
06509,CAMPBELL'S Homestyle Butternut Squash Bisque,45.0,0.41,7.76,1.22,0.4
06528,"Soup, chicken noodle, dry, mix, prepared with water",23.0,0.84,3.67,0.55,0.1
06529,CAMPBELL'S Homestyle Light New England Clam Chowder,49.0,2.45,6.12,1.63,0.8
06537,CAMPBELL'S Homestyle HEALTHY REQUEST Mexican Style Chicken Tortilla,53.0,2.86,7.76,1.02,1.2
06541,CAMPBELL'S Homestyle Italian-Style Wedding Soup,49.0,2.86,6.12,1.43,0.8
06543,CAMPBELL'S Homestyle Mexican Style Chicken Tortilla Soup,53.0,2.86,8.16,0.82,1.2
06544,CAMPBELL'S Homestyle Minestrone Soup,41.0,1.63,7.35,0.41,1.6
06545,CAMPBELL'S Homestyle New England Clam Chowder,70.0,2.33,5.68,4.23,0.8
06546,CAMPBELL'S Homestyle Potato Broccoli Cheese Soup,65.0,1.22,6.94,3.67,1.2
06547,"Soup, beef mushroom, canned, prepared with equal volume water",30.0,2.37,2.6,1.23,0.1
06548,CAMPBELL'S Homestyle Chicken with White & Wild Rice Soup,41.0,2.45,6.94,0.41,0.4
06549,"Soup, chicken mushroom, canned, prepared with equal volume water",54.0,1.8,3.8,3.75,0.1
06558,"Soup, tomato bisque, canned, prepared with equal volume water",50.0,0.92,9.6,1.02,0.2
06559,"Soup, tomato, canned, prepared with equal volume water, commercial",32.0,0.71,7.45,0.21,0.5
06580,CAMPBELL'S Homestyle Vegetable Medley Soup,37.0,1.22,7.35,0.2,1.2
06583,"Soup, ramen noodle, any flavor, dry",440.0,10.17,60.26,17.59,2.9
06584,"Soup, broccoli cheese, canned, condensed, commercial",87.0,2.1,7.7,5.3,1.8
06585,"CAMPBELL'S Soup on the Go, Vegetable with Mini Round Noodles Soup",33.0,0.66,6.89,0.16,0.3
06586,"CAMPBELL'S Soup on the Go, Chicken & Stars Soup",23.0,0.98,3.28,0.49,0.3
06587,"CAMPBELL'S Soup on the Go, Chicken with Mini Noodles Soup",26.0,1.31,3.61,0.66,0.7
06588,"CAMPBELL'S Soup on the Go, Classic Tomato Soup",46.0,0.98,10.16,0.16,0.7
06589,"CAMPBELL'S Soup on the Go, Creamy Broccoli Soup",52.0,0.66,4.26,3.61,1.0
06590,"CAMPBELL'S Soup on the Go, Creamy Chicken Soup",43.0,0.98,3.28,2.95,0.7
06592,"CAMPBELL'S Soup on the Go, Creamy Tomato Soup",59.0,0.98,9.84,1.64,0.7
06594,"CAMPBELL'S Soup on the Go, New England Clam Chowder",52.0,0.66,4.26,3.61,1.0
06595,"CAMPBELL'S Soup on the Go, Vegetable Beef Soup",20.0,0.98,3.28,0.33,0.3
06596,"CAMPBELL'S Soup on the Go, Cheesy Potato with Bacon Flavor Soup",43.0,0.66,5.25,1.97,0.3
06597,"PACE, Chipotle Chunky Salsa",25.0,0.0,6.25,0.0,3.1
06598,"PACE, Cilantro Chunky Salsa",25.0,0.0,6.25,0.0,3.1
06599,"PACE, Enchilada Sauce",40.0,1.67,8.33,0.0,1.7
06600,"PACE, Green Taco Sauce",25.0,0.0,6.25,0.0,
06601,"PACE, Lime & Garlic Chunky Salsa",38.0,0.0,9.38,0.0,3.1
06602,"PACE, Organic Picante Sauce",25.0,0.0,6.25,0.0,3.1
06603,"PACE, Picante Sauce",25.0,0.0,6.25,0.0,3.1
06604,"PACE, Red Taco Sauce",50.0,0.0,12.5,0.0,0.0
06605,"PACE, Thick & Chunky Salsa",25.0,0.0,6.25,0.0,3.1
06609,"SWANSON BROTH, Certified Organic Vegetable Broth",5.0,0.0,1.28,0.0,0.0
06611,"Soup, SWANSON, beef broth, lower sodium",6.0,1.2,0.21,0.08,
06615,"Soup, SWANSON, vegetable broth",6.0,0.23,1.02,0.07,0.0
06617,CAMPBELL'S Homestyle Light Italian-Style Wedding Soup,33.0,2.45,4.49,0.61,0.4
06618,"Sauce, peanut, made from coconut, water, sugar, peanuts",179.0,2.02,28.46,6.34,1.1
06619,"SMART SOUP, Santa Fe Corn Chowder",55.0,2.0,11.2,0.71,2.0
06620,"SMART SOUP, French Lentil",53.0,2.9,9.5,1.06,2.9
06621,"SMART SOUP, Greek Minestrone",40.0,1.7,8.4,0.53,2.7
06622,"SMART SOUP, Indian Bean Masala",57.0,3.3,10.5,0.88,2.6
06623,"SMART SOUP, Moroccan Chick Pea",51.0,2.0,9.7,1.06,3.1
06624,"SMART SOUP, Thai Coconut Curry",36.0,0.8,6.5,1.06,1.0
06625,"SMART SOUP, Vietnamese Carrot Lemongrass",44.0,1.3,8.2,1.06,1.5
06626,"Sauce, pesto, ready-to-serve, refrigerated",418.0,9.83,10.09,37.6,1.8
06627,"Sauce, pesto, ready-to-serve, shelf stable",426.0,5.0,6.14,42.42,1.7
06628,"Sauce, pesto, BUITONI, pesto with basil, ready-to-serve, refrigerated",418.0,9.83,10.09,37.6,1.8
06629,"Sauce, pesto, CLASSICO, basil pesto, ready-to-serve",372.0,4.16,6.93,36.38,2.1
06630,"Sauce, pesto, MEZZETTA, NAPA VALLEY BISTRO, basil pesto, ready-to-serve",496.0,6.69,5.12,49.88,1.3
06631,"Sauce, hot chile, sriracha",93.0,1.93,19.16,0.93,2.2
06632,"Sauce, hot chile, sriracha, CHA! BY TEXAS PETE",108.0,2.02,22.73,0.98,2.1
06633,"Sauce, hot chile, sriracha, TUONG OT SRIRACHA",79.0,1.86,15.87,0.9,2.2
06700,"Soup, vegetable broth, ready to serve",5.0,0.24,0.93,0.07,0.0
06720,"Sauce, cheese sauce mix, dry",438.0,7.68,60.52,18.33,1.0
06725,"Soup, chicken corn chowder, chunky, ready-to-serve, single brand",99.0,3.1,7.5,6.3,0.9
06726,"Soup, chicken mushroom chowder, chunky, ready-to-serve, single brand",80.0,3.0,7.1,4.4,1.4
06728,"Soup, potato ham chowder, chunky, ready-to-serve, single brand",80.0,2.7,5.6,5.2,0.6
06729,"Soup, sirloin burger with vegetables, ready-to-serve, single brand",77.0,4.2,6.8,3.7,2.3
06730,"Soup, split pea with ham, chunky, reduced fat, reduced sodium, ready-to-serve, single brand",76.0,5.2,11.3,1.1,
06731,"Soup, bean with bacon, condensed, single brand",117.0,6.5,18.0,2.1,4.6
06733,"Soup, beef with vegetables and barley, canned, condensed, single brand",61.0,3.9,8.2,1.4,
06734,"Soup, chicken with star-shaped pasta, canned, condensed, single brand",50.0,2.3,7.1,1.4,
06736,"Soup, cream of chicken, canned, condensed, single brand",99.0,2.4,7.7,6.5,
06738,"Soup, split pea with ham and bacon, canned, condensed, single brand",140.0,8.6,21.2,2.3,3.0
06739,"Soup, vegetable beef, canned, condensed, single brand",53.0,3.8,7.7,0.8,
06740,"Soup, chicken vegetable, chunky, reduced fat, reduced sodium, ready-to-serve, single brand",40.0,2.7,6.3,0.5,
06742,"Soup, vegetable beef, microwavable, ready-to-serve, single brand",44.0,6.2,3.3,0.7,1.5
06748,"Soup, PROGRESSO, beef barley, traditional, ready to serve",47.0,2.71,6.69,1.0,0.9
06749,"Soup, beef and vegetables, canned, ready-to-serve",48.0,3.18,6.16,1.16,1.2
06930,"Sauce, cheese, ready-to-serve",174.0,6.71,6.83,13.29,0.5
06931,"Sauce, pasta, spaghetti/marinara, ready-to-serve",50.0,1.39,7.43,1.61,1.8
06932,"PREGO Pasta, Traditional Italian Sauce, ready-to-serve",54.0,1.54,10.0,1.15,2.3
06955,"Soup, cream of chicken, canned, condensed, reduced sodium",58.0,1.8,9.5,1.3,0.4
06956,"Soup, tomato, canned, condensed, reduced sodium",65.0,1.61,13.41,0.56,1.2
06957,"Gravy, brown instant, dry",380.0,8.53,59.78,11.85,3.2
06958,"Gravy, instant beef, dry",369.0,9.8,61.1,9.48,4.3
06959,"Gravy, instant turkey, dry",409.0,11.72,57.56,14.66,3.8
06960,"Sauce, alfredo mix, dry",535.0,15.32,36.52,36.35,2.0
06961,"Sauce, peppers, hot, chili, mature red, canned",21.0,0.9,3.9,0.6,0.7
06962,"Sauce, chili, peppers, hot, immature green, canned",20.0,0.7,5.0,0.1,1.9
06963,Fish broth,16.0,2.0,0.4,0.6,0.0
06964,"Soup, tomato, low sodium, with water",30.0,0.79,6.57,0.28,0.6
06965,"Soup, pea, low sodium, prepared with equal volume water",62.0,3.2,9.88,1.09,1.9
06966,"Soup, chicken noodle, low sodium, canned, prepared with equal volume water",25.0,1.27,2.95,0.95,0.2
06967,"Soup, vegetable soup, condensed, low sodium, prepared with equal volume water",33.0,1.1,6.06,0.45,1.1
06968,"Soup, cream of mushroom, low sodium, ready-to-serve, canned",53.0,1.0,4.53,3.7,0.2
06969,"Potato soup, instant, dry mix",343.0,9.2,76.14,3.1,7.6
06970,"Soup, chicken broth, low sodium, canned",16.0,2.0,1.2,0.6,0.0
06971,"Sauce, worcestershire",78.0,0.0,19.46,0.0,0.0
06972,"Sauce, tomato chili sauce, bottled, with salt",92.0,2.5,19.79,0.3,2.4
06974,"Soup, vegetable chicken, canned, prepared with water, low sodium",69.0,5.1,8.76,2.0,0.4
06976,"Sauce, pasta, spaghetti/marinara, ready-to-serve, low sodium",51.0,1.41,8.06,1.48,1.8
06977,"Gravy, meat or poultry, low sodium, prepared",53.0,3.8,6.16,2.4,0.3
06978,"Soup, beef and mushroom, low sodium, chunk style",69.0,4.3,9.58,2.3,0.2
06980,"Soup, beef stroganoff, canned, chunky style, ready-to-serve",98.0,5.1,9.0,4.6,0.6
06981,"Soup, bouillon cubes and granules, low sodium, dry",438.0,16.7,64.88,13.89,0.2
06982,"Soup, ramen noodle, beef flavor, dry",441.0,10.06,60.34,17.73,3.0
06983,"Soup, ramen noodle, chicken flavor, dry",439.0,10.22,60.23,17.52,2.9
06984,"Soup, SWANSON Chicken Broth 99% Fat Free",4.0,0.54,0.14,0.17,0.0
06985,"Gravy, HEINZ Home Style, savory beef",39.0,1.09,6.24,1.13,0.7
06986,"CAMPBELL'S HEALTHY REQUEST, Chicken Noodle Soup, condensed",47.0,2.4,6.51,1.3,1.0
06987,"HEALTHY REQUEST, Cream of Celery Soup, condensed",56.0,0.81,9.68,1.61,0.8
06988,"CAMPBELL'S HEALTHY REQUEST, Cream of Mushroom Soup, condensed",55.0,1.29,8.6,1.7,1.0
06989,"CAMPBELL'S HEALTHY REQUEST, Homestyle Chicken Noodle Soup, condensed",51.0,2.7,7.8,1.0,0.6
06990,"HEALTHY REQUEST, Minestrone Soup, condensed",63.0,2.38,11.9,0.4,2.4
06991,"HEALTHY REQUEST, Tomato Soup, condensed",73.0,1.61,13.71,1.21,0.8
06992,"HEALTHY REQUEST, Vegetable Soup, condensed",79.0,3.17,15.87,0.79,2.4
06994,"PREGO Pasta, Chunky Garden Combination Italian Sauce, ready-to-serve",54.0,1.54,10.0,1.15,2.3
06995,"PREGO Pasta, Chunky Garden Tomato, Onion and Garlic Italian Sauce, ready-to-serve",72.0,1.6,10.4,2.4,2.4
06996,"Gravy, CAMPBELL'S, au jus",8.0,1.69,0.0,0.0,
06997,"Gravy, CAMPBELL'S, beef",42.0,1.69,5.08,1.69,0.0
06998,"Gravy, CAMPBELL'S, brown with onions",42.0,0.0,6.78,1.69,0.0
06999,"Gravy, CAMPBELL'S, chicken",51.0,0.79,5.87,2.73,
07001,"Barbecue loaf, pork, beef",173.0,15.84,6.4,8.9,0.0
07002,"Beerwurst, beer salami, pork and beef",277.0,14.0,3.76,22.53,0.9
07003,"Beerwurst, beer salami, pork",238.0,14.24,2.06,18.8,0.0
07004,"Sausage, Berliner, pork, beef",230.0,15.27,2.59,17.2,0.0
07005,Blood sausage,379.0,14.6,1.29,34.5,0.0
07006,"Bockwurst, pork, veal, raw",301.0,14.03,2.95,25.87,1.0
07007,"Bologna, beef",299.0,10.91,4.29,26.13,0.0
07008,"Bologna, beef and pork",308.0,15.2,5.49,24.59,0.0
07010,"Bologna, pork",247.0,15.3,0.73,19.87,0.0
07011,"Bologna, turkey",209.0,11.42,4.68,16.05,0.5
07013,"Bratwurst, pork, cooked",333.0,13.72,2.85,29.18,0.0
07014,"Braunschweiger (a liver sausage), pork",327.0,14.5,3.1,28.5,0.0
07015,"Brotwurst, pork, beef, link",323.0,14.3,2.98,27.8,0.0
07016,"Cheesefurter, cheese smokie, pork, beef",328.0,14.1,1.51,29.0,0.0
07018,Chicken spread,158.0,18.01,4.05,17.56,0.3
07019,"Chorizo, pork and beef",455.0,24.1,1.86,38.27,0.0
07020,"Corned beef loaf, jellied",153.0,22.9,0.0,6.1,0.0
07021,"Dutch brand loaf, chicken, pork and beef",273.0,12.0,3.93,22.91,0.3
07022,"Frankfurter, beef, unheated",316.0,11.16,3.36,28.3,0.0
07024,"Frankfurter, chicken",223.0,15.51,2.74,16.19,0.0
07025,"Frankfurter, turkey",223.0,12.23,3.81,17.29,0.0
07026,"Ham, chopped, canned",239.0,16.06,0.26,18.83,0.0
07027,"Ham, chopped, not canned",180.0,16.5,4.2,10.3,0.0
07028,"Ham, sliced, packaged (96% fat free, water added)",100.0,16.9,0.55,3.4,0.0
07029,"Ham, sliced, regular (approximately 11% fat)",163.0,16.6,3.83,8.6,1.3
07030,"Ham, minced",263.0,16.28,1.84,20.68,0.0
07031,Ham salad spread,216.0,8.68,10.64,15.53,0.0
07032,Ham and cheese loaf or roll,241.0,13.6,4.0,18.7,0.0
07033,Ham and cheese spread,245.0,16.18,2.28,18.53,0.0
07034,"Headcheese, pork",157.0,13.83,0.0,10.9,0.0
07036,"Sausage, Italian, pork, raw",346.0,14.25,0.65,31.33,0.0
07038,"Knackwurst, knockwurst, pork, beef",307.0,11.1,3.2,27.7,0.0
07039,"Lebanon bologna, beef",172.0,19.03,0.44,10.44,0.0
07040,"Liver cheese, pork",304.0,15.2,2.1,25.6,0.0
07041,"Liver sausage, liverwurst, pork",326.0,14.1,2.2,28.5,0.0
07043,"Roast beef, deli style, prepackaged, sliced",115.0,18.62,0.64,3.69,0.0
07044,"USDA Commodity, luncheon meat, canned",189.0,17.5,1.04,12.77,0.0
07045,"Luncheon meat, pork, canned",334.0,12.5,2.1,30.3,0.0
07046,"Turkey breast, low salt, prepackaged or deli, luncheon meat",109.0,21.81,3.51,0.83,0.5
07050,"Mortadella, beef, pork",311.0,16.37,3.05,25.39,0.0
07051,"Olive loaf, pork",235.0,11.8,9.2,16.5,0.0
07052,"Pastrami, turkey",139.0,16.3,3.34,6.21,0.1
07053,"Pate, chicken liver, canned",201.0,13.45,6.55,13.1,0.0
07054,"Pate, goose liver, smoked, canned",462.0,11.4,4.67,43.84,0.0
07055,"Pate, liver, not specified, canned",319.0,14.2,1.5,28.0,0.0
07056,"Peppered loaf, pork, beef",149.0,17.3,4.53,6.37,0.0
07057,"Pepperoni, beef and pork, sliced",504.0,19.25,1.18,46.28,0.0
07058,"Pickle and pimiento loaf, pork",225.0,11.23,8.46,15.95,1.5
07059,"Polish sausage, pork",326.0,14.1,1.63,28.72,0.0
07060,"Luxury loaf, pork",141.0,18.4,4.9,4.8,0.0
07061,"Mother's loaf, pork",282.0,12.07,7.53,22.3,0.0
07062,"Picnic loaf, pork, beef",232.0,14.92,4.76,16.64,0.0
07063,"Pork sausage, link/patty, unprepared",288.0,15.39,0.93,24.8,0.0
07064,"Pork sausage, link/patty, cooked, pan-fried",325.0,18.53,1.42,27.25,0.0
07065,"Pork and beef sausage, fresh, cooked",396.0,13.8,2.7,36.25,0.0
07066,"Turkey sausage, reduced fat, brown and serve, cooked (include BUTTERBALL breakfast links turkey sausage)",204.0,17.0,10.92,10.3,0.3
07067,Poultry salad sandwich spread,200.0,11.64,7.41,13.52,0.0
07068,"Salami, cooked, beef",261.0,12.6,1.9,22.2,0.0
07069,"Salami, cooked, beef and pork",336.0,21.85,2.4,25.9,0.0
07070,"Salami, cooked, turkey",172.0,19.2,1.55,9.21,0.1
07071,"Salami, dry or hard, pork",407.0,22.58,1.6,33.72,0.0
07072,"Salami, dry or hard, pork, beef",378.0,21.07,0.72,31.65,0.0
07073,"Sandwich spread, pork, beef",235.0,7.66,11.94,17.34,0.2
07074,"Smoked link sausage, pork",309.0,11.98,0.94,28.23,0.0
07075,"Sausage, smoked link sausage, pork and beef",320.0,12.0,2.42,28.73,0.0
07077,"Smoked link sausage, pork and beef, nonfat dry milk added",313.0,13.28,1.92,27.61,0.0
07078,"Thuringer, cervelat, summer sausage, beef, pork",362.0,17.45,3.33,30.43,0.0
07081,"Turkey breast, sliced, prepackaged",100.0,16.33,2.34,2.37,0.0
07083,"Sausage, Vienna, canned, chicken, beef, pork",230.0,10.5,2.6,19.4,0.0
07088,"Honey roll sausage, beef",182.0,18.58,2.18,10.5,0.0
07089,"Sausage, Italian, pork, cooked",344.0,19.12,4.27,27.31,0.1
07090,"Luncheon sausage, pork and beef",260.0,15.38,1.58,20.9,0.0
07091,"New england brand sausage, pork, beef",161.0,17.27,4.83,7.58,0.0
07201,"OSCAR MAYER, Bologna (beef)",316.0,11.05,2.45,29.1,0.0
07207,"OSCAR MAYER, Braunschweiger Liver Sausage (sliced)",331.0,14.25,2.6,29.35,0.2
07209,"OSCAR MAYER, Chicken Breast (honey glazed)",109.0,19.85,4.3,1.5,0.0
07212,"OSCAR MAYER, Ham (chopped with natural juice)",180.0,16.3,3.65,11.15,0.0
07230,"OSCAR MAYER, Salami (hard)",368.0,25.9,1.6,28.7,0.0
07236,"OSCAR MAYER, Smokies Sausage Little Cheese (pork, turkey)",315.0,13.5,1.7,28.2,0.0
07241,"OSCAR MAYER, Wieners (beef franks)",329.0,11.35,2.78,30.26,0.0
07254,"Turkey bacon, unprepared",226.0,15.94,1.89,16.93,
07278,HORMEL Pillow Pak Sliced Turkey Pepperoni,243.0,30.99,3.78,11.52,0.0
07900,"Turkey, pork, and beef sausage, low fat, smoked",101.0,8.0,11.54,2.5,0.6
07901,"USDA Commodity, pork, sausage, bulk/links/patties, frozen, cooked",267.0,19.76,0.0,20.26,0.0
07905,"Frankfurter, beef, pork, and turkey, fat free",109.0,12.5,11.21,1.59,0.0
07906,"Luncheon meat, pork, ham, and chicken, minced, canned, reduced sodium, added ascorbic acid, includes SPAM, 25% less sodium",293.0,12.5,3.4,25.1,0.0
07907,"USDA Commodity, pork sausage, bulk/links/patties, frozen, raw",231.0,14.95,0.0,18.56,0.0
07908,"Luncheon meat, pork with ham, minced, canned, includes SPAM (Hormel)",315.0,13.4,4.6,26.6,0.0
07909,"Luncheon meat, pork and chicken, minced, canned, includes SPAM Lite",196.0,15.23,1.35,13.9,0.0
07910,"Bratwurst, veal, cooked",341.0,13.99,0.0,31.7,0.0
07911,Liverwurst spread,305.0,12.38,5.89,25.45,2.5
07912,Roast beef spread,223.0,15.27,3.73,16.28,0.2
07913,"Salami, pork, beef, less sodium",396.0,15.01,15.38,30.5,0.2
07914,"Sausage, Italian, sweet, links",149.0,16.13,2.1,8.42,0.0
07915,"Sausage, Polish, beef with chicken, hot",259.0,17.6,3.6,19.4,0.0
07916,"Sausage, Polish, pork and beef, smoked",301.0,12.07,1.98,26.56,0.0
07917,"Sausage, pork and beef, with cheddar cheese, smoked",296.0,12.89,2.13,25.84,0.0
07918,"Sausage, summer, pork and beef, sticks, with cheddar cheese",426.0,19.43,1.82,37.91,0.2
07919,"Sausage, turkey, breakfast links, mild",235.0,15.42,1.56,18.09,0.0
07920,"Swisswurst, pork and beef, with swiss cheese, smoked",307.0,12.69,1.6,27.37,0.0
07921,Bacon and beef sticks,517.0,29.1,0.8,44.2,0.0
07922,"Bratwurst, beef and pork, smoked",297.0,12.2,2.0,26.34,0.0
07923,"Bratwurst, chicken, cooked",176.0,19.44,0.0,10.35,0.0
07924,"Bratwurst, pork, beef and turkey, lite, smoked",186.0,14.45,1.62,13.53,0.0
07925,"Pastrami, beef, 98% fat-free",95.0,19.6,1.54,1.16,0.0
07926,"Salami, Italian, pork",425.0,21.7,1.2,37.0,0.0
07927,"Sausage, Italian, turkey, smoked",158.0,15.05,4.65,8.75,0.9
07928,"Sausage, chicken, beef, pork, skinless, smoked",216.0,13.6,8.1,14.3,0.0
07929,"Sausage, turkey, hot, smoked",158.0,15.05,4.65,8.75,0.3
07930,"Yachtwurst, with pistachio nuts, cooked",268.0,14.8,1.4,22.6,0.0
07931,"Beerwurst, pork and beef",276.0,14.0,4.27,22.53,0.9
07932,"Chicken breast, fat-free, mesquite flavor, sliced",80.0,16.8,2.25,0.39,0.0
07933,"Chicken breast, oven-roasted, fat-free, sliced",79.0,16.79,2.17,0.39,0.0
07934,"Kielbasa, Polish, turkey and beef, smoked",226.0,13.1,3.9,17.6,0.0
07935,Oven-roasted chicken breast roll,134.0,14.59,1.79,7.65,0.0
07936,"Bologna, pork and turkey, lite",211.0,13.06,3.45,16.06,0.0
07937,"Bologna, pork, turkey and beef",336.0,11.56,6.66,29.25,0.0
07938,"Ham, honey, smoked, cooked",122.0,17.93,7.27,2.37,0.0
07939,"Frankfurter, pork",269.0,12.81,0.28,23.68,0.1
07940,"Macaroni and cheese loaf, chicken, pork and beef",228.0,11.76,11.63,14.96,0.0
07941,"Salami, Italian, pork and beef, dry, sliced, 50% less sodium",350.0,21.8,6.4,26.4,0.0
07942,"Pate, truffle flavor",327.0,11.2,6.3,28.5,
07943,"Turkey, breast, smoked, lemon pepper flavor, 97% fat-free",95.0,20.9,1.31,0.69,0.0
07944,"Turkey, white, rotisserie, deli cut",112.0,13.5,7.7,3.0,0.4
07945,"Frankfurter, beef, heated",322.0,11.69,2.66,29.36,0.0
07949,"Frankfurter, meat, heated",278.0,9.77,4.9,24.31,0.0
07950,"Frankfurter, meat",290.0,10.26,4.17,25.76,0.0
07951,"Scrapple, pork",213.0,8.06,14.06,13.87,0.3
07952,"Bologna, chicken, turkey, pork",298.0,9.88,5.65,26.18,0.0
07953,"Pork sausage, link/patty, fully cooked, microwaved",438.0,15.12,0.62,41.66,0.0
07954,"Beef sausage, pre-cooked",405.0,15.5,0.03,37.57,0.0
07955,"Turkey sausage, fresh, raw",155.0,18.79,0.47,8.08,0.0
07956,"Beef sausage, fresh, cooked",332.0,18.21,0.35,27.98,0.0
07957,"Pork and turkey sausage, pre-cooked",342.0,12.05,3.63,30.64,0.0
07958,"Turkey sausage, fresh, cooked",196.0,23.89,0.0,10.44,0.0
07959,"Bologna, chicken, pork, beef",272.0,11.33,5.61,22.73,0.0
07960,"Bologna, chicken, pork",336.0,10.31,4.19,30.61,0.0
07961,"Chicken breast, deli, rotisserie seasoned, sliced, prepackaged",98.0,17.4,2.92,1.86,0.0
07962,"Frankfurter, meat and poultry, unheated",277.0,9.72,5.02,24.18,0.0
07963,"Frankfurter, meat and poultry, cooked, boiled",298.0,10.31,4.96,26.28,0.0
07964,"Frankfurter, meat and poultry, cooked, grilled",302.0,10.67,5.24,26.43,0.0
07965,"Pork sausage, link/patty, reduced fat, unprepared",217.0,16.75,0.2,16.55,0.0
07966,"Pork sausage, link/patty, reduced fat, cooked, pan-fried",267.0,20.94,0.15,20.32,0.0
07967,"Pork sausage, link/patty, fully cooked, unheated",392.0,13.46,0.69,37.25,0.0
07968,"Kielbasa, fully cooked, grilled",337.0,12.45,5.03,29.68,0.0
07969,"Kielbasa, fully cooked, pan-fried",333.0,12.36,4.78,29.43,0.0
07970,"Kielbasa, fully cooked, unheated",325.0,10.84,3.72,29.63,0.0
07971,"Bologna, meat and poultry",281.0,10.34,6.31,23.77,0.0
07972,"Meatballs, frozen, Italian style",286.0,14.4,8.06,22.21,2.3
07973,"Turkey bacon, microwaved",368.0,29.5,4.24,25.87,0.0
07974,"Bacon, turkey, low sodium",253.0,13.33,4.8,20.0,0.0
07976,"Sausage, chicken or turkey, Italian style,  lower sodium",183.0,21.43,14.25,4.46,0.0
07977,"Ham, smoked, extra lean, low sodium",141.0,18.52,10.7,2.71,0.0
07978,"Pork sausage, reduced sodium, cooked",271.0,9.41,8.13,22.35,0.0
07979,"Sausage, pork, turkey, and beef, reduced sodium",284.0,10.71,0.11,26.79,0.1
08001,"Cereals ready-to-eat, KELLOGG, KELLOGG'S ALL-BRAN Original",259.0,13.14,74.24,4.9,29.3
08002,"Cereals ready-to-eat, POST, ALPHA-BITS",389.0,10.0,80.3,4.6,7.1
08003,"Cereals ready-to-eat, KELLOGG, KELLOGG'S APPLE JACKS",375.0,5.1,88.2,3.4,9.3
08005,"Cereals ready-to-eat, KELLOGG, KELLOGG'S ALL-BRAN BRAN BUDS",257.0,8.9,81.0,2.5,42.5
08010,"Cereals ready-to-eat, QUAKER, CAP'N CRUNCH",398.0,4.39,85.51,5.12,2.5
08011,"Cereals ready-to-eat, QUAKER, CAP'N CRUNCH with CRUNCHBERRIES",397.0,4.45,85.93,4.83,2.6
08012,"Cereals ready-to-eat, QUAKER, CAP'N CRUNCH'S PEANUT BUTTER CRUNCH",417.0,7.1,78.65,9.23,2.7
08013,"Cereals ready-to-eat, GENERAL MILLS, CHEERIOS",376.0,12.09,73.23,6.73,9.4
08014,"Cereals ready-to-eat, KELLOGG, KELLOGG'S COCOA KRISPIES",389.0,4.6,87.9,2.7,1.4
08015,"Cereals ready-to-eat, POST, COCOA PEBBLES",397.0,4.8,85.7,4.1,1.6
08017,"Cereals ready-to-eat, GENERAL MILLS, COOKIE CRISP",380.0,5.2,84.5,4.4,5.1
08018,"Cereals ready-to-eat, QUAKER, QUAKER CRUNCHY BRAN",331.0,6.37,83.68,4.06,15.3
08019,"Cereals ready-to-eat, GENERAL MILLS, Corn CHEX",370.0,6.4,85.0,2.4,4.7
08020,"Cereals ready-to-eat, KELLOGG, KELLOGG'S Corn Flakes",357.0,7.5,84.1,0.4,3.3
08023,"Cereals ready-to-eat, KELLOGG, KELLOGG'S CRACKLIN' OAT BRAN",395.0,9.2,70.3,14.1,12.7
08025,"Cereals ready-to-eat, RALSTON CRISP RICE",394.0,6.69,86.22,1.26,0.7
08028,"Cereals ready-to-eat, KELLOGG, KELLOGG'S ALL-BRAN COMPLETE Wheat Flakes",327.0,10.2,81.6,2.5,17.3
08029,"Cereals ready-to-eat, POST Bran Flakes",328.0,9.9,80.5,2.1,18.3
08030,"Cereals ready-to-eat, KELLOGG, KELLOGG'S FROOT LOOPS",375.0,5.3,88.0,3.4,9.3
08031,"Cereals ready-to-eat, KELLOGG'S FROSTED MINI-WHEATS, Big Bite",350.0,9.2,83.4,1.6,10.8
08032,"Cereals ready-to-eat, KELLOGG, KELLOGG'S FROSTED RICE KRISPIES",384.0,4.3,91.3,0.4,0.5
08034,"Cereals ready-to-eat, POST, FRUITY PEBBLES",402.0,4.62,86.1,4.02,0.8
08035,"Cereals ready-to-eat, GENERAL MILLS, GOLDEN GRAHAMS",374.0,5.3,85.1,3.2,5.6
08037,"Cereals ready-to-eat, granola, homemade",489.0,13.67,53.88,24.31,8.9
08038,"Cereals ready-to-eat, POST, GRAPE-NUTS Cereal",361.0,11.22,80.49,1.81,13.0
08039,"Cereals ready-to-eat, POST, GRAPE-NUTS Flakes",376.0,9.4,82.0,3.7,10.2
08045,"Cereals ready-to-eat, GENERAL MILLS, HONEY NUT CHEERIOS",376.0,8.85,79.69,5.0,7.1
08046,"Cereals ready-to-eat, POST, Honeycomb Cereal",394.0,6.01,86.63,2.93,3.2
08047,"Cereals ready-to-eat, QUAKER, KING VITAMAN",381.0,6.41,83.85,3.44,3.4
08048,"Cereals ready-to-eat, GENERAL MILLS, KIX",357.0,7.69,82.82,3.46,8.8
08049,"Cereals ready-to-eat, QUAKER, QUAKER OAT LIFE, plain",374.0,9.98,77.74,4.43,6.6
08050,"Cereals ready-to-eat, GENERAL MILLS, LUCKY CHARMS",380.0,7.67,80.89,5.02,5.0
08054,"Cereals ready-to-eat, QUAKER, 100% Natural Granola, Oats, Wheat and Honey",421.0,10.55,73.65,11.62,10.2
08057,"Cereals ready-to-eat, GENERAL MILLS, Honey Nut CHEX",375.0,6.3,86.67,2.0,3.9
08058,"Cereals ready-to-eat, KELLOGG, KELLOGG'S PRODUCT 19",374.0,8.5,84.3,1.3,2.8
08059,"Cereals ready-to-eat, QUAKER, SWEET CRUNCH/QUISP",406.0,4.51,85.03,6.08,2.3
08060,"Cereals ready-to-eat, KELLOGG, KELLOGG'S RAISIN BRAN",318.0,7.72,77.29,2.72,11.4
08061,"Cereals ready-to-eat, POST Raisin Bran Cereal",324.0,7.6,78.9,1.6,13.7
08064,"Cereals ready-to-eat, GENERAL MILLS, Rice CHEX",375.0,6.4,85.09,1.89,2.0
08065,"Cereals ready-to-eat, KELLOGG, KELLOGG'S RICE KRISPIES",381.0,6.75,85.05,2.05,0.4
08066,"Cereals ready-to-eat, QUAKER, QUAKER Puffed Rice",383.0,7.01,87.78,0.9,1.4
08067,"Cereals ready-to-eat, KELLOGG, KELLOGG'S SPECIAL K",377.0,17.79,73.4,1.79,1.4
08068,"Cereals ready-to-eat, KELLOGG, KELLOGG'S CORN POPS",387.0,4.8,89.7,1.3,8.4
08069,"Cereals ready-to-eat, KELLOGG, KELLOGG'S FROSTED FLAKES",369.0,3.96,89.2,1.68,2.2
08071,"Cereals ready-to-eat, KELLOGG, KELLOGG'S HONEY SMACKS",380.0,5.7,88.5,2.2,5.0
08073,"Cereals ready-to-eat, POST, GOLDEN CRISP",380.0,5.5,90.1,1.7,5.0
08074,"Cereals ready-to-eat, RALSTON TASTEEOS",357.0,10.71,75.5,5.36,10.7
08077,"Cereals ready-to-eat, GENERAL MILLS, Whole Grain TOTAL",320.0,8.4,74.7,2.1,9.1
08078,"Cereals ready-to-eat, GENERAL MILLS, TRIX",384.0,4.9,86.19,3.79,3.9
08081,"Cereals ready-to-eat, POST, Honey Nut Shredded Wheat",373.0,8.5,83.6,2.9,10.7
08082,"Cereals ready-to-eat, GENERAL MILLS, Wheat CHEX",345.0,9.8,82.2,1.8,12.2
08083,"Cereals ready-to-eat, MALT-O-MEAL, CORN BURSTS",385.0,3.32,90.59,0.35,1.9
08084,"Cereals ready-to-eat, wheat germ, toasted, plain",382.0,29.1,49.6,10.7,15.1
08085,"Cereals ready-to-eat, SUN COUNTRY, KRETSCHMER Honey Crunch Wheat Germ",372.0,26.55,58.11,7.78,10.2
08087,"Cereals ready-to-eat, GENERAL MILLS, Multi-Grain CHEERIOS",370.0,8.3,81.4,4.09,8.7
08089,"Cereals ready-to-eat, GENERAL MILLS, WHEATIES",353.0,8.3,83.3,2.3,10.1
08090,"Cereals, corn grits, white, regular and quick, enriched, dry",370.0,7.65,79.09,1.75,4.6
08091,"Cereals, corn grits, white, regular and quick, enriched, cooked with water, without salt",71.0,1.71,14.76,0.46,0.8
08092,"Cereals, QUAKER, corn grits, instant, plain, dry",343.0,7.31,78.42,2.14,4.2
08093,"Cereals, QUAKER, corn grits, instant, plain, prepared (microwaved or boiling water added), without salt",74.0,1.58,15.95,0.49,1.1
08094,"Cereals, QUAKER, corn grits, instant, cheddar cheese flavor, dry",363.0,8.98,72.96,5.46,4.2
08096,"Cereals, QUAKER, Instant Grits, Country Bacon flavor, dry",340.0,9.93,75.39,1.73,5.1
08100,"Cereals, CREAM OF RICE, dry",370.0,6.3,82.4,0.5,0.7
08101,"Cereals, CREAM OF RICE, cooked with water, without salt",52.0,0.9,11.4,0.1,0.1
08102,"Cereals, CREAM OF WHEAT, regular, 10 minute cooking, dry",370.0,10.5,76.5,1.5,3.8
08103,"Cereals, CREAM OF WHEAT, regular (10 minute), cooked with water, without salt",50.0,1.44,10.52,0.21,0.5
08104,"Cereals, farina, enriched, assorted brands including CREAM OF WHEAT, quick (1-3 minutes), dry",360.0,11.6,73.19,1.41,4.2
08105,"Cereals, farina, enriched, assorted brands including CREAM OF WHEAT, quick (1-3 minutes), cooked with water, without salt",55.0,1.82,10.92,0.34,0.8
08106,"Cereals, CREAM OF WHEAT, instant, dry",366.0,10.6,75.5,1.4,3.3
08107,"Cereals, CREAM OF WHEAT, instant, prepared with water, without salt",62.0,1.84,13.08,0.24,0.6
08113,"Cereals, farina, enriched, cooked with water, without salt",53.0,1.82,10.92,0.34,0.8
08116,"Cereals, MALT-O-MEAL, original, plain, dry",365.0,11.8,77.25,0.7,2.1
08120,"Cereals, oats, regular and quick, not fortified, dry",379.0,13.15,67.7,6.52,10.1
08121,"Cereals, oats, regular and quick, unenriched, cooked with water (includes boiling and microwaving), without salt",71.0,2.54,12.0,1.52,1.7
08122,"Cereals, oats, instant, fortified, plain, dry",362.0,11.92,69.52,6.9,10.0
08123,"Cereals, oats, instant, fortified, plain, prepared with water (boiling water added or microwaved)",68.0,2.37,11.67,1.36,1.7
08124,"Cereals, QUAKER, Instant Oatmeal, apples and cinnamon, dry",366.0,8.62,76.74,4.61,8.3
08128,"Cereals, oats, instant, fortified, with cinnamon and spice, dry",369.0,9.53,76.08,4.84,8.0
08129,"Cereals, oats, instant, fortified, with cinnamon and spice, prepared with water",96.0,2.37,18.95,1.21,2.0
08130,"Cereals, QUAKER, Instant Oatmeal, maple and brown sugar, dry",368.0,9.2,76.91,4.63,7.2
08132,"Cereals, oats, instant, fortified, with raisins and spice, dry",360.0,8.45,76.33,4.03,5.7
08133,"Cereals, oats, instant, fortified, with raisins and spice, prepared with water",88.0,1.98,17.91,0.95,1.3
08138,"Cereals ready-to-eat, MALT-O-MEAL, MARSHMALLOW MATEYS",387.0,6.94,82.77,3.53,4.9
08142,"Cereals, WHEATENA, dry",357.0,13.1,75.6,2.9,12.8
08143,"Cereals, WHEATENA, cooked with water",56.0,2.0,11.8,0.5,2.7
08144,"Cereals, whole wheat hot natural cereal, dry",342.0,11.2,75.2,2.0,9.5
08145,"Cereals, whole wheat hot natural cereal, cooked with water, without salt",62.0,2.0,13.7,0.4,1.6
08146,"Cereals ready-to-eat, QUAKER, QUAKER Puffed Wheat",366.0,16.26,76.39,2.15,9.4
08147,"Cereals ready-to-eat, POST, Shredded Wheat, original big biscuit",337.0,11.37,78.96,2.01,12.4
08148,"Cereals ready-to-eat, POST, Shredded Wheat, original spoon-size",351.0,11.8,81.4,2.1,12.4
08156,"Cereals ready-to-eat, rice, puffed, fortified",402.0,6.3,89.8,0.5,1.7
08157,"Cereals ready-to-eat, wheat, puffed, fortified",364.0,14.7,79.6,1.2,4.4
08159,"Cereals, corn grits, yellow, regular and quick, enriched, dry",368.0,6.72,79.91,1.49,3.9
08160,"Cereals, corn grits, yellow, regular and quick, unenriched, dry",371.0,8.8,79.6,1.2,1.6
08161,"Cereals, corn grits, white, regular and quick, enriched, cooked with water, with salt",71.0,1.71,14.76,0.46,0.8
08164,"Cereals, corn grits, yellow, regular and quick, enriched, cooked with water, without salt",65.0,1.23,13.86,0.39,0.7
08165,"Cereals, corn grits, yellow, regular, quick, enriched, cooked with water, with salt",65.0,1.23,13.86,0.39,0.7
08168,"Cereals, CREAM OF RICE, cooked with water, with salt",52.0,0.9,11.5,0.1,0.1
08169,"Cereals, CREAM OF WHEAT, regular (10 minute), cooked with water, with salt",50.0,1.46,10.66,0.21,0.5
08172,"Cereals, farina, unenriched, dry",369.0,10.6,78.0,0.5,1.9
08173,"Cereals, farina, enriched, cooked with water, with salt",53.0,1.82,10.92,0.34,0.8
08177,"Cereals, MALT-O-MEAL, chocolate, dry",363.0,10.6,79.55,0.82,2.8
08180,"Cereals, oats, regular and quick and instant, unenriched, cooked with water (includes boiling and microwaving), with salt",71.0,2.54,12.0,1.52,1.7
08182,"Cereals, WHEATENA, cooked with water, with salt",59.0,2.03,11.74,0.45,2.0
08183,"Cereals, whole wheat hot natural cereal, cooked with water, with salt",62.0,2.0,13.7,0.4,1.6
08189,"Cereals ready-to-eat, KELLOGG, KELLOGG'S Low Fat Granola without Raisins",389.0,8.7,80.9,5.7,7.0
08191,"Cereals ready-to-eat, POST, Shredded Wheat, lightly frosted, spoon-size",352.0,7.8,83.8,1.9,9.6
08192,"Cereals ready-to-eat, POST SELECTS Blueberry Morning",395.0,6.5,81.6,5.3,4.7
08194,"Cereals ready-to-eat, GENERAL MILLS, REESE'S PUFFS",413.0,6.8,75.6,11.1,4.7
08200,"Cereals, QUAKER, QUAKER MultiGrain Oatmeal, dry",334.0,12.64,72.62,2.73,11.9
08202,"Cereals ready-to-eat, GENERAL MILLS, OATMEAL CRISP, Crunchy Almond",390.0,9.89,78.09,6.69,8.2
08204,"Cereals ready-to-eat, chocolate-flavored frosted puffed corn",405.0,3.34,87.2,3.5,3.8
08206,"Cereals ready-to-eat, MALT-O-MEAL, COCO-ROOS",389.0,3.41,86.75,4.61,3.3
08210,"Cereals ready-to-eat, QUAKER, QUAKER OAT CINNAMON LIFE",374.0,9.14,79.02,4.1,6.3
08211,"Cereals ready-to-eat, QUAKER, HONEY GRAHAM OH!S",412.0,3.92,83.65,7.63,2.1
08214,"Cereals ready-to-eat, QUAKER, Oatmeal Squares",379.0,11.38,77.77,4.83,8.3
08215,"Cereals ready-to-eat, QUAKER, Oatmeal Squares, cinnamon",379.0,11.23,78.09,4.88,8.7
08216,"Cereals ready-to-eat, QUAKER, Toasted Multigrain Crisps",372.0,12.38,74.9,5.11,10.2
08218,"Cereals ready-to-eat, QUAKER, QUAKER 100% Natural Granola with Oats, Wheat, Honey, and Raisins",412.0,9.66,74.67,10.38,9.4
08220,"Cereals ready-to-eat, QUAKER, Low Fat 100% Natural Granola with Raisins",388.0,8.42,80.57,5.52,9.6
08221,"Cereals, QUAKER, Instant Grits, Butter flavor, dry",369.0,8.12,74.83,5.64,4.7
08225,"Cereals, QUAKER, Instant Oatmeal, fruit and cream variety, dry",379.0,8.3,75.42,6.37,6.0
08228,"Cereals, QUAKER, Instant Oatmeal, raisins, dates and walnuts, dry",371.0,8.82,72.41,6.98,6.9
08231,"Cereals, QUAKER, Oat Bran, QUAKER/MOTHER'S Oat Bran, dry",364.0,17.03,62.94,7.97,14.3
08236,"Cereals, QUAKER, Oat Bran, QUAKER/MOTHER'S Oat Bran, prepared with water, no salt",43.0,2.03,7.49,0.95,1.7
08239,"Cereals ready-to-eat, GENERAL MILLS, Berry Burst CHEERIOS, Triple Berry",378.0,8.8,80.5,4.5,7.6
08240,"Cereals, Oat Bran, QUAKER, QUAKER/MOTHER'S Oat Bran, prepared with water, salt",43.0,2.03,7.49,0.95,1.7
08243,"Cereals ready-to-eat, GENERAL MILLS, HONEY NUT CLUSTERS",374.0,7.7,85.2,2.0,6.3
08244,"Cereals ready-to-eat, GENERAL MILLS, FIBER ONE Bran Cereal",207.0,6.59,84.3,2.29,46.2
08245,"Cereals ready-to-eat, GENERAL MILLS, OATMEAL CRISP, Hearty Raisin",372.0,8.5,80.8,3.79,7.5
08247,"Cereals ready-to-eat, GENERAL MILLS, TOTAL Raisin Bran",312.0,5.6,76.8,1.6,9.1
08249,"Cereals, QUAKER, QUAKER MultiGrain Oatmeal, prepared with water, no salt",61.0,2.08,13.49,0.47,2.2
08252,"Cereals, QUAKER, QUAKER MultiGrain Oatmeal, prepared with water, salt",61.0,2.07,13.47,0.47,2.2
08259,"Cereals ready-to-eat, KELLOGG, KELLOGG'S CRISPIX",378.0,6.59,87.19,0.8,1.0
08261,"Cereals ready-to-eat, GENERAL MILLS, RAISIN NUT BRAN",368.0,8.19,80.0,5.3,12.2
08262,"Cereals ready-to-eat, GENERAL MILLS, BASIC 4",358.0,6.69,79.09,4.0,9.1
08263,"Cereals ready-to-eat, GENERAL MILLS, APPLE CINNAMON CHEERIOS",386.0,8.3,79.9,6.09,7.3
08267,"Cereals ready-to-eat, GENERAL MILLS, FROSTED CHEERIOS",376.0,9.0,79.8,4.69,7.5
08268,"Cereals ready-to-eat, GENERAL MILLS, FRANKENBERRY",386.0,5.5,85.4,4.3,4.2
08270,"Cereals ready-to-eat, GENERAL MILLS, COUNT CHOCULA",383.0,5.4,84.5,4.69,5.0
08271,"Cereals ready-to-eat, GENERAL MILLS, COCOA PUFFS",383.0,5.6,83.7,5.2,5.7
08272,"Cereals ready-to-eat, GENERAL MILLS, CINNAMON TOAST CRUNCH",410.0,5.45,77.99,10.25,6.8
08273,"Cereals ready-to-eat, GENERAL MILLS, BOO BERRY",386.0,5.5,85.4,4.3,4.2
08274,"Cereals ready-to-eat, GENERAL MILLS, BERRY BERRY KIX",376.0,6.19,83.9,4.19,5.8
08277,"Cereals ready-to-eat, GENERAL MILLS, NATURE VALLEY LOW FAT FRUIT GRANOLA",381.0,7.9,79.4,4.69,5.0
08284,"Cereals ready-to-eat, KELLOGG, KELLOGG'S Low Fat Granola with Raisins",381.0,9.0,80.1,5.2,7.4
08286,"Cereals ready-to-eat, KELLOGG, KELLOGG'S MUESLIX",355.0,8.6,74.9,5.4,7.7
08288,"Cereals ready-to-eat, KELLOGG, KELLOGG'S RICE KRISPIES TREATS Cereal",395.0,4.3,85.59,4.19,0.4
08290,"Cereals ready-to-eat, HEALTH VALLEY, FIBER 7 Flakes",353.0,14.44,78.15,1.41,14.1
08305,"Cereals ready-to-eat, Post, Waffle Crisp",390.0,6.6,83.0,5.0,4.4
08309,"Cereals ready-to-eat, KELLOGG, KELLOGG'S HONEY CRUNCH CORN FLAKES",385.0,6.8,87.0,1.9,3.4
08314,"Cereals, QUAKER, hominy grits, white, quick, dry",348.0,8.8,79.6,1.2,4.8
08316,"Cereals, QUAKER, hominy grits, white, regular, dry",361.0,8.8,79.2,1.6,1.6
08318,"Cereals ready-to-eat, KELLOGG, KELLOGG'S SMART START Strong Heart Antioxidants Cereal",371.0,7.5,86.8,1.5,5.4
08319,"Cereals ready-to-eat, KELLOGG, KELLOGG'S FROSTED MINI-WHEATS, bite size",350.0,9.19,83.4,1.6,10.8
08346,"Cereals ready-to-eat, MALT-O-MEAL, COLOSSAL CRUNCH",401.0,3.64,81.59,5.28,1.7
08347,"Cereals ready-to-eat, MALT-O-MEAL, BERRY COLOSSAL CRUNCH",396.0,4.19,86.55,4.17,1.8
08348,"Cereals ready-to-eat, MALT-O-MEAL, Crispy Rice",346.0,6.07,86.4,1.12,0.4
08349,"Cereals ready-to-eat, MALT-O-MEAL, TOOTIE FRUITIES",391.0,4.69,85.94,3.2,2.2
08351,"Cereals ready-to-eat, QUAKER, MOTHER'S PEANUT BUTTER BUMPERS Cereal",407.0,7.62,79.68,7.33,2.5
08352,"Cereals ready-to-eat, QUAKER, MOTHER'S Toasted Oat Bran cereal",372.0,11.45,75.41,5.04,8.6
08353,"Cereals ready-to-eat, QUAKER, MOTHER'S Cinnamon Oat Crunch",382.0,10.6,79.79,4.56,8.1
08354,"Cereals ready-to-eat, QUAKER, MOTHER'S GRAHAM BUMPERS",379.0,4.55,88.89,1.45,2.6
08355,"Cereals ready-to-eat, QUAKER, MOTHER'S COCOA BUMPERS",382.0,4.21,89.91,1.61,2.7
08363,"Cereals ready-to-eat, SUN COUNTRY, KRETSCHMER Toasted Wheat Bran",200.0,17.56,59.51,5.16,41.3
08365,"Cereals ready-to-eat, QUAKER, Shredded Wheat, bagged cereal",348.0,11.24,81.01,2.01,11.8
08366,"Cereals ready-to-eat, SUN COUNTRY, KRETSCHMER Wheat Germ, Regular",366.0,31.43,49.38,9.56,11.9
08370,"Cereals ready-to-eat, GENERAL MILLS, RICE CRUNCHINS",381.0,4.76,80.95,2.38,4.8
08376,"Cereals ready-to-eat, KELLOGG, KELLOGG'S MARSHMALLOW FROOT LOOPS",376.0,4.59,89.3,2.79,7.4
08380,"Cereals ready-to-eat, KELLOGG, KELLOGG'S, RAISIN BRAN CRUNCH",354.0,6.59,84.9,1.79,8.0
08383,"Cereals ready-to-eat, KELLOGG, KELLOGG'S SPECIAL K Red Berries",358.0,6.3,87.09,1.29,8.5
08384,"Cereals ready-to-eat, KELLOGG, KELLOGG'S MINI-WHEATS, unfrosted bite size",342.0,11.6,81.0,2.0,13.8
08386,"Cereals ready-to-eat, KASHI GOLEAN CRUNCH!",367.0,16.7,71.4,5.9,14.5
08387,"Cereals ready-to-eat, KASHI HEART TO HEART, Honey Toasted Oat",364.0,11.39,78.69,5.0,13.7
08388,"Cereals ready-to-eat, KASHI 7 Whole Grain Puffs",336.0,13.0,78.6,2.3,8.0
08389,"Cereals ready-to-eat, KASHI 7 Whole Grain Honey Puffs",349.0,10.0,79.0,1.8,6.0
08390,"Cereals ready-to-eat, KASHI GOOD FRIENDS",299.0,9.4,79.3,3.2,21.7
08393,"Cereals ready-to-eat, KASHI GOLEAN",311.0,24.89,67.19,2.2,20.1
08402,"Cereals, QUAKER, Quick Oats, Dry",371.0,13.7,68.18,6.87,9.4
08409,"Cereals ready-to-eat, MALT-O-MEAL, Frosted Flakes",389.0,4.25,90.2,0.87,1.2
08410,"Cereals, QUAKER, Instant Oatmeal, Cinnamon-Spice, dry",369.0,10.39,74.52,5.1,8.2
08411,"Cereals, QUAKER, Instant Oatmeal, DINOSAUR EGGS, Brown Sugar, dry",384.0,8.69,73.68,7.59,6.4
08417,"Cereals, QUAKER, Instant Oatmeal, Banana Bread, dry",368.0,8.97,75.7,4.85,6.7
08435,"Cereals ready-to-eat, UNCLE SAM CEREAL",346.0,15.98,65.78,11.6,20.3
08436,"Cereals, QUAKER, Instant Oatmeal, Raisin and Spice, dry",360.0,9.11,75.68,4.0,5.8
08444,"Cereals, QUAKER, Instant Grits, Redeye Gravy & Country Ham flavor, dry",342.0,9.83,75.86,1.58,4.6
08449,"Cereals, QUAKER, Instant Grits Product with American Cheese Flavor, dry",360.0,8.8,74.18,4.67,4.3
08450,"Cereals, QUAKER, Instant Grits, Ham 'n' Cheese flavor, dry",355.0,10.73,71.08,4.68,4.2
08451,"Cereals, QUAKER, Quick Oats with Iron, Dry",371.0,13.7,68.18,6.87,9.4
08452,"Cereals, QUAKER, Whole Wheat Natural Cereal, dry",333.0,11.8,74.8,2.0,9.9
08453,"Cereals ready-to-eat, KELLOGG, KELLOGG'S SPECIAL K Chocolatey Strawberry",368.0,6.9,83.3,3.9,9.5
08459,"Cereals ready-to-eat, KELLOGG'S, FROSTED MINI-WHEATS, Maple & Brown Sugar, Bite Size",351.0,8.7,84.7,1.5,10.3
08462,"Cereals ready-to-eat, KASHI, ORGANIC PROMISE Autumn Wheat",338.0,12.0,79.0,1.4,11.2
08463,"Cereals ready-to-eat, KASHI ORGANIC PROMISE, STRAWBERRY FIELDS",358.0,9.4,83.5,0.7,5.0
08469,"Cereals ready-to-eat, KELLOGG'S, Reduced Sugar Frosted Flakes Cereal",357.0,5.59,87.3,0.4,10.1
08471,"Cereals ready-to-eat, KELLOGG'S, SPECIAL K Protein Plus",359.0,31.2,60.6,2.6,8.3
08476,"Cereals ready-to-eat, MALT-O-MEAL, Honey BUZZERS",379.0,3.45,89.66,1.72,3.4
08478,"Cereals ready-to-eat, MALT-O-MEAL, GOLDEN PUFFS",370.0,5.77,89.72,0.89,2.6
08481,"Cereals ready-to-eat, MALT-O-MEAL, HONEY GRAHAM SQUARES",398.0,4.46,74.68,9.97,4.4
08484,"Cereals ready-to-eat, MALT-O-MEAL, Raisin Bran Cereal",342.0,7.63,80.37,1.87,10.2
08487,"Cereals ready-to-eat, MALT-O-MEAL, Blueberry MUFFIN TOPS Cereal",443.0,4.9,79.91,11.48,4.7
08488,"Cereals, MALT-O-MEAL, Farina Hot Wheat Cereal, dry",365.0,10.48,77.2,0.49,2.9
08489,"Cereals, MALT-O-MEAL, Maple & Brown Sugar Hot Wheat Cereal, dry",368.0,8.82,80.52,0.47,1.8
08491,"Cereals ready-to-eat, MOM'S BEST, Honey Nut TOASTY O'S",388.0,8.6,79.84,4.51,6.3
08493,"Cereals ready-to-eat, MALT-O-MEAL, Apple ZINGS",390.0,4.51,87.3,2.71,2.3
08494,"Cereals ready-to-eat, MALT-O-MEAL, CINNAMON TOASTERS",425.0,3.32,78.33,12.06,5.0
08495,"Cereals ready-to-eat, MALT-O-MEAL, Cocoa DYNO-BITES",397.0,4.15,87.93,3.43,1.1
08500,"Cereals ready-to-eat, MALT-O-MEAL, Frosted Mini SPOONERS",354.0,9.09,81.81,1.94,10.9
08501,"Cereals ready-to-eat, MALT-O-MEAL, Fruity DYNO-BITES",404.0,3.9,90.1,3.15,1.0
08504,"Cereals ready-to-eat, RALSTON Enriched Wheat Bran flakes",310.0,10.21,79.77,3.36,16.9
08505,"Cereals ready-to-eat, RALSTON Corn Biscuits",367.0,5.83,85.79,1.05,2.6
08506,"Cereals ready-to-eat, RALSTON Corn Flakes",357.0,5.9,88.01,0.91,2.7
08507,"Cereals ready-to-eat, RALSTON Crispy Hexagons",379.0,5.94,86.78,0.95,1.5
08508,"Cereals ready-to-eat, USDA Commodity Corn and Rice (includes all commodity brands)",378.0,6.06,86.85,1.08,1.4
08509,"Cereals ready-to-eat, USDA Commodity Rice Crisps (includes all commodity brands)",381.0,6.45,86.04,1.27,0.7
08510,Milk and cereal bar,413.0,6.47,72.05,10.98,0.4
08511,"Cereals, MALT-O-MEAL, original, plain, prepared with water, without salt",48.0,1.67,10.09,0.09,0.3
08512,"Cereals, MALT-O-MEAL, chocolate, prepared with water, without salt",47.0,1.37,9.22,0.1,0.4
08513,"Cereals ready-to-eat, GENERAL MILLS, CHOCOLATE LUCKY CHARMS",381.0,5.59,84.4,4.4,5.3
08531,"Cereals ready-to-eat, KELLOGG, SPECIAL K, Fruit & Yogurt",367.0,7.1,85.3,2.9,8.1
08537,"Cereals ready-to-eat, KASHI 7 Whole Grain Flakes",337.0,11.0,81.4,1.5,11.8
08538,"Cereals ready-to-eat, KASHI, HEART TO HEART, Oat Flakes & Blueberry Clusters",376.0,10.39,80.3,3.79,7.4
08539,"Cereals ready-to-eat, KASHI ORGANIC PROMISE, CINNAMON HARVEST",336.0,11.0,79.0,1.4,10.7
08542,"Cereals ready-to-eat, KELLOGG'S, FROSTED MINI-WHEATS Bite Size Strawberry Delight",352.0,8.7,84.6,1.6,10.2
08543,"Cereals ready-to-eat, KELLOGG'S, SPECIAL K Vanilla Almond",366.0,7.8,83.0,4.0,9.6
08544,"Cereals ready-to-eat, POST GREAT GRAINS Cranberry Almond Crunch",384.0,8.9,76.6,5.9,11.1
08546,Rice and Wheat cereal bar,409.0,9.09,72.73,9.09,1.8
08549,"Cereals ready-to-eat, QUAKER, QUAKER Honey Graham LIFE Cereal",373.0,9.33,78.56,4.14,6.3
08550,"Cereals ready-to-eat, QUAKER, Christmas Crunch",397.0,4.44,85.92,4.83,2.6
08553,"Cereals ready-to-eat, GENERAL MILLS, CHEERIOS, Yogurt Burst, strawberry",400.0,6.67,81.75,5.23,6.7
08554,"Cereals ready-to-eat, POST SELECTS Maple Pecan Crunch",413.0,8.5,77.4,8.7,7.4
08560,"Cereals ready-to-eat, KASHI GO LEAN CRUNCH!, Honey Almond Flax",379.0,16.79,66.9,9.9,15.0
08561,"Cereals, KASHI GO LEAN Hot Cereal, Hearty Honey & Cinnamon, dry",367.0,18.39,68.0,5.3,12.0
08562,"Cereals, KASHI GO LEAN Hot Cereal, Creamy TRULY VANILLA, dry",360.0,22.29,61.09,5.3,18.5
08567,"Cereals ready-to-eat, KASHI 7 Whole Grain Nuggets",356.0,11.8,81.0,2.8,11.7
08568,"Cereals, KASHI HEART TO HEART, Instant Oatmeal, Apple Cinnamon, dry",353.0,11.1,73.8,5.0,12.5
08569,"Cereals, KASHI HEART TO HEART, Instant Oatmeal, golden brown maple, dry",356.0,11.39,73.59,5.09,12.7
08571,"Cereals ready-to-eat, NATURE'S PATH, Organic FLAX PLUS, Pumpkin Granola",467.0,11.23,66.1,18.33,8.4
08573,"Cereals, CREAM OF WHEAT, 2 1/2 minute cook time, dry",355.0,11.61,71.79,1.41,4.4
08574,"Cereals, CREAM OF WHEAT, 2 1/2 minute cook time, cooked with water, stove-top, without salt",56.0,1.44,11.74,0.2,0.7
08575,"Cereals, CREAM OF WHEAT, 2 1/2 minute cook time, cooked with water, microwaved, without salt",52.0,1.88,10.1,0.37,0.7
08576,"Cereals, CREAM OF WHEAT, 1 minute cook time, dry",359.0,11.77,72.63,1.47,4.4
08577,"Cereals, CREAM OF WHEAT, 1 minute cook time, cooked with water, stove-top, without salt",56.0,1.65,11.16,0.42,0.4
08578,"Cereals, CREAM OF WHEAT, 1 minute cook time, cooked with water, microwaved, without salt",55.0,1.95,10.67,0.37,1.5
08579,"Cereals ready-to-eat, GENERAL MILLS, 25% Less Sugar CINNAMON TOAST CRUNCH",386.0,5.09,78.19,9.89,11.2
08580,"Incaparina, dry mix (corn and soy flours), unprepared",379.0,21.75,60.53,5.58,9.9
08582,"Cereals ready-to-eat, GENERAL MILLS, DORA THE EXPLORER",366.0,5.6,82.8,5.7,10.2
08583,"Cereals ready-to-eat, GENERAL MILLS, Fruity CHEERIOS",381.0,5.8,84.19,4.59,5.9
08584,"Cereals ready-to-eat, KELLOGG'S SPECIAL K Chocolatey Delight",381.0,6.5,81.2,7.3,10.6
08586,"Cereals ready-to-eat, GENERAL MILLS, 25% Less Sugar TRIX",383.0,5.4,85.5,4.0,4.3
08587,"Cereals ready-to-eat, KELLOGG, KELLOGG'S SPECIAL K Low Fat Granola",375.0,13.1,74.8,5.4,11.3
08588,"Cereals ready-to-eat, KELLOGG, KELLOGG'S CINNABON cereal",410.0,5.69,83.3,7.3,3.9
08589,"Cereals ready-to-eat, KASHI GOLEAN CRISP Toasted Berry Crumble",368.0,18.0,66.69,8.19,15.8
08590,"Cereals ready-to-eat, KASHI HEART TO HEART, Warm Cinnamon",365.0,11.6,78.5,4.9,13.2
08591,"Cereals ready-to-eat, KASHI ORGANIC PROMISE, ISLAND VANILLA",350.0,10.7,80.8,1.9,10.7
08592,"Cereals ready-to-eat, GENERAL MILLS, CHEERIOS, Banana Nut",375.0,5.5,84.69,4.0,6.1
08593,"Cereals ready-to-eat, GENERAL MILLS, CHEERIOS, Chocolate",380.0,5.8,83.5,5.09,6.2
08594,"Cereals ready-to-eat, GENERAL MILLS, Chocolate CHEX",412.0,4.8,81.09,8.39,2.0
08595,"Cereals ready-to-eat, GENERAL MILLS, Cinnamon CHEX",403.0,5.0,82.4,6.59,2.4
08596,"Cereals ready-to-eat, GENERAL MILLS, FIBER ONE, Caramel Delight",344.0,5.8,82.69,5.8,19.1
08598,"Cereals ready-to-eat, GENERAL MILLS, FIBER ONE, HONEY CLUSTERS",323.0,7.69,83.9,2.59,19.0
08599,"Cereals ready-to-eat, GENERAL MILLS, FIBER ONE, RAISIN BRAN CLUSTERS",317.0,6.3,83.4,2.29,17.9
08602,"Cereals ready-to-eat, KELLOGG, KELLOGG'S SPECIAL K, Cinnamon Pecan",375.0,7.5,81.2,6.0,10.3
08603,"Cereals ready-to-eat, KELLOGG, KELLOGG'S SPECIAL K Blueberry",363.0,6.9,86.3,1.5,8.6
08608,"Cereals ready-to-eat, KASHI Berry Blossom",322.0,7.5,83.09,3.0,18.9
08610,"Cereals ready-to-eat, KASHI Honey Sunshine",332.0,7.8,82.0,4.09,17.9
08613,"Cereals ready-to-eat, KELLOGG'S SPECIAL K Multigrain Oats and Honey",362.0,7.8,85.0,1.8,8.6
08615,"Cereals ready-to-eat, KELLOGG'S CRUNCHY NUT Golden Honey Nut flakes",385.0,6.7,83.3,3.9,2.4
08617,"Cereals ready-to-eat, KELLOGG's FROSTED MINI-WHEATS Bite Size Blueberry Muffin",352.0,8.6,84.8,1.6,10.2
08625,"Cereals ready-to-eat, QUAKER, CAP'N CRUNCH'S Halloween Crunch",402.0,4.41,85.14,5.66,2.5
08627,"Cereals ready-to-eat, QUAKER, Natural Granola Apple Cranberry Almond",418.0,9.21,74.73,11.06,9.9
08628,"Cereals ready-to-eat, QUAKER, Maple Brown Sugar LIFE Cereal",373.0,9.17,78.86,4.06,6.3
08629,"Cereals ready-to-eat, QUAKER, Cap'n Crunch's OOPS! All Berries Cereal",395.0,4.6,87.1,3.99,2.6
08631,"Cereals ready-to-eat, KELLOGG'S FROSTED MINI-WHEATS LITTLE BITES, chocolate",354.0,8.5,81.4,3.4,10.9
08632,"Cereals ready-to-eat, QUAKER Oatmeal Squares, Golden Maple",380.0,11.3,78.04,4.83,8.3
08633,"Cereals ready-to-eat, POST, HONEY BUNCHES OF OATS with vanilla bunches",394.0,7.9,81.8,5.1,7.8
08634,"Cereals ready-to-eat, GENERAL MILLS, PEANUT BUTTER TOAST CRUNCH",410.0,8.19,76.19,9.8,5.5
08635,"Cereals ready-to-eat, GENERAL MILLS, COCOA PUFFS, 25% Reduced Sugar",380.0,6.5,82.69,5.19,6.7
08637,"Cereals ready-to-eat, GENERAL MILLS, Oat Cluster CHEERIOS Crunch",378.0,8.5,80.7,4.6,7.0
08639,"Cereals, QUAKER, Instant Oatmeal, Cinnamon Spice, reduced sugar",358.0,11.26,69.45,6.11,8.8
08640,"Cereals, QUAKER, Instant Oatmeal Organic, Regular",367.0,16.0,67.0,6.3,9.8
08641,"Cereals, QUAKER, Instant Oatmeal, fruit and cream, variety of flavors, reduced sugar",376.0,10.16,71.57,7.46,8.3
08642,"Cereals, QUAKER, Instant Oatmeal, Apple and Cinnamon, reduced sugar",358.0,10.29,72.17,5.64,9.7
08643,"Cereals ready-to-eat, GENERAL MILLS, Honey KIX",364.0,6.4,83.0,3.9,8.3
08647,"Cereals ready-to-eat, KASHI INDIGO MORNING",364.0,7.7,82.8,3.4,7.1
08648,"Cereals ready-to-eat, KASHI Simply Maize",371.0,7.8,83.3,3.4,6.1
08649,"Cereals ready-to-eat, KASHI GOLEAN CRISP Cinnamon Crumble",362.0,22.1,62.59,8.19,16.8
08651,"Cereals ready-to-eat, GENERAL MILLS, FIBER ONE 80 Calories, Honey Squares",248.0,4.8,85.19,2.59,38.5
08652,"Cereals ready-to-eat, KELLOGG'S KRAVE chocolate cereal",397.0,7.0,76.1,11.1,9.9
08653,"Cereals ready-to-eat, KELLOGG'S RICE KRISPIES, Gluten Free",371.0,7.8,82.4,2.3,2.7
08655,"Cereals ready-to-eat, POST, HONEY BUNCHES OF OATS, pecan bunches",399.0,7.0,82.0,5.4,5.2
08656,"Cereals ready-to-eat, NATURE'S PATH, Organic FLAX PLUS flakes",350.0,11.91,75.27,5.46,16.6
08657,"Cereals ready-to-eat, BARBARA'S PUFFINS, original",333.0,7.41,84.0,3.7,18.5
08658,"Cereals ready-to-eat, KELLOGG'S KRAVE double chocolate cereal",397.0,7.1,75.9,11.2,10.6
08659,"Cereals ready-to-eat, KELLOGG'S FROSTED FLAKES, CHOCO ZUCARITAS",387.0,5.1,85.1,3.5,1.4
08660,"Cereals ready-to-eat, KELLOGG'S APPLE JACKS with marshmallows",378.0,4.3,89.6,2.8,7.4
08661,"Cereals ready-to-eat, KELLOGG'S CINNAMON JACKS",397.0,5.9,83.0,7.8,9.0
08662,"Cereals ready-to-eat, POST, HONEY BUNCHES OF OATS, with real strawberries",399.0,6.7,83.3,4.9,5.4
08663,"Cereals ready-to-eat, KASHI ORGANIC PROMISE, Berry Fruitful",318.0,10.7,76.2,1.3,10.5
08665,"Cereals ready-to-eat, POST HONEY BUNCHES OF OATS with cinnamon bunches",400.0,7.1,82.8,5.0,5.8
08666,"Cereals ready-to-eat, GENERAL MILLS, Cinnamon Burst CHEERIOS",375.0,6.3,83.2,6.09,9.4
08668,"Cereals ready-to-eat, GENERAL MILLS, FIBER ONE, Nutty Clusters & Almonds",348.0,7.9,79.5,6.8,18.2
08669,"Cereals ready-to-eat, GENERAL MILLS, FIBER ONE 80 Calories, Chocolate Squares",253.0,3.29,84.0,2.9,35.2
08670,"Cereals ready-to-eat, GENERAL MILLS, HONEY NUT CHEERIOS, MEDLEY CRUNCH",387.0,9.1,79.5,5.4,7.5
08671,"Cereals ready-to-eat, GENERAL MILLS, Dulce De Leche CHEERIOS",378.0,6.5,82.0,5.69,7.3
08672,"Cereals ready-to-eat, MALT-O-MEAL, CHOCOLATE MARSHMALLOW MATEYS",392.0,3.5,88.18,3.67,2.5
08673,"Cereals, ready-to-eat, MALT-O-MEAL, Blueberry Mini SPOONERS",350.0,8.81,79.4,1.92,10.3
08674,"Cereals ready-to-eat, MALT-O-MEAL, OAT BLENDERS with honey",396.0,6.78,84.94,4.17,5.0
08675,"Cereals ready-to-eat, MALT-O-MEAL, OAT BLENDERS with honey & almonds",379.0,7.8,77.26,4.88,6.1
08676,"Cereals ready-to-eat, MALT-O-MEAL, Honey Nut SCOOTERS",387.0,8.59,79.62,4.51,6.3
08677,"Cereals ready-to-eat, KELLOGG'S FROSTED MINI-WHEATS Touch of Fruit in the Middle, Raspberry",342.0,8.8,82.1,1.8,10.6
08678,"Cereals ready-to-eat, GENERAL MILLS, Apple Cinnamon CHEX",408.0,4.69,82.8,6.45,2.0
08679,"Cereals ready-to-eat, GENERAL MILLS, FROSTED TOAST CRUNCH",410.0,5.19,78.59,10.1,4.9
08680,"Cereals, oats, instant, fortified, maple and brown sugar, dry",368.0,9.25,76.67,4.73,7.2
08681,"Cereals ready-to-eat, CASCADIAN FARM, Cinnamon Crunch",407.0,5.69,81.59,8.5,11.0
08682,"Cereals ready-to-eat, GENERAL MILLS, Multi Grain CHEERIOS, Peanut Butter",390.0,6.8,82.0,6.19,6.0
08683,"Cereals ready-to-eat, CASCADIAN FARM, Multi-Grain Squares",387.0,9.39,83.0,1.89,7.5
08684,"Cereals ready-to-eat, CASCADIAN FARM, Honey Nut O's",371.0,8.3,83.09,3.29,8.5
08685,"Cereals ready-to-eat, QUAKER WHOLE HEARTS oat cereal",376.0,7.63,80.1,5.61,9.1
08686,"Cereals, QUAKER, Weight Control Instant Oatmeal, maple and brown sugar",361.0,16.37,64.25,6.2,13.0
08687,"Cereals, QUAKER, Weight Control Instant Oatmeal, banana bread",361.0,16.5,64.42,6.16,12.6
08688,"Cereals, QUAKER, Instant Oatmeal, Cinnamon Swirl, high fiber",366.0,8.79,75.67,4.8,22.3
08689,"Cereals, QUAKER, oatmeal, REAL MEDLEYS, blueberry hazelnut, dry",386.0,9.81,69.47,9.8,7.7
08690,"Cereals, QUAKER, oatmeal, REAL MEDLEYS, apple walnut, dry",390.0,8.18,70.53,10.36,7.0
08691,"Cereals, QUAKER, oatmeal, REAL MEDLEYS, summer berry, dry",353.0,11.31,72.58,4.4,8.5
08692,"Cereals, QUAKER, oatmeal, REAL MEDLEYS, peach almond, dry",387.0,10.1,68.61,9.84,7.4
08693,"Cereals, QUAKER, oatmeal, REAL MEDLEYS, cherry pistachio, dry",394.0,12.02,66.73,11.02,7.1
08694,"Cereals, QUAKER, Instant Oatmeal, weight control, cinnamon",361.0,16.5,64.21,6.28,13.0
08695,"Cereals ready-to-eat, KELLOGG, KELLOGG'S FROSTED MINI-WHEATS, little bites",351.0,9.19,83.4,1.7,10.8
08696,"Cereals ready-to-eat, KELLOGG, KELLOGG'S RAISIN BRAN, Cinnamon Almond",347.0,7.4,81.19,2.9,9.2
08697,"Cereals ready-to-eat, KASHI ORGANIC PROMISE, RAISIN VINEYARD",342.0,8.69,79.9,0.8,5.0
08699,"Cereals ready-to-eat, KELLOGG'S KRAVE Smores",401.0,7.3,76.4,10.89,9.4
08700,"Cereals ready-to-eat, KELLOGG RAISIN BRAN with Omega-3 from flaxseed",349.0,7.3,82.69,2.5,9.6
08701,"Cereals ready-to-eat, KELLOGG, KELLOGG'S SPECIAL K Multi-grain",364.0,7.59,86.59,1.29,9.6
08702,"Cereals, KELLOGG'S SPECIAL K NOURISH, Cinnamon Raisin Pecan, dry",370.0,14.1,61.9,10.39,9.2
08703,"Cereals, KELLOGG'S SPECIAL K NOURISH, Cranberry Almond, dry",361.0,15.0,63.29,8.39,9.3
08704,"Cereals, KELLOGG'S SPECIAL K NOURISH, Maple Brown Sugar Crunch, dry",371.0,15.39,62.09,9.89,9.3
08705,"Cereals ready-to-eat, KASHI GOLEAN Vanilla Graham Clusters",330.0,21.5,70.09,2.59,17.3
08706,"Cereals ready-to-eat, KELLOGG SCOOBY-DOO! cereal",376.0,8.6,84.0,4.09,9.8
08707,"Cereals ready-to-eat, KELLOGG'S SPECIAL K Chocolate Almond",375.0,7.59,81.5,5.09,10.3
08708,"Cereals ready-to-eat, KELLOGG's FROSTED MINI-WHEATS Touch of Fruit in the Middle, raisin",343.0,9.1,82.1,1.6,10.8
08709,"Cereals ready-to-eat, MOM'S BEST, Sweetened WHEAT-FULS",373.0,8.18,80.91,1.83,10.0
08710,"Cereals ready-to-eat, KELLOGG'S, SPECIAL K gluten free, touch of brown sugar",369.0,6.09,86.5,2.5,9.3
08711,"Cereals ready-to-eat, KELLOGG'S, SPECIAL K protein, cinnamon brown sugar crunch",356.0,22.29,69.8,2.59,9.5
08712,"Cereals ready-to-eat, KELLOGG, KELLOGG'S RAISIN BRAN with cranberries",344.0,6.9,84.19,1.5,9.2
09001,"Acerola, (west indian cherry), raw",32.0,0.4,7.69,0.3,1.1
09002,"Acerola juice, raw",23.0,0.4,4.8,0.3,0.3
09003,"Apples, raw, with skin",52.0,0.26,13.81,0.17,2.4
09004,"Apples, raw, without skin",48.0,0.27,12.76,0.13,1.3
09005,"Apples, raw, without skin, cooked, boiled",53.0,0.26,13.64,0.36,2.4
09006,"Apples, raw, without skin, cooked, microwave",56.0,0.28,14.41,0.42,2.8
09007,"Apples, canned, sweetened, sliced, drained, unheated",67.0,0.18,16.7,0.49,1.7
09008,"Apples, canned, sweetened, sliced, drained, heated",67.0,0.18,16.84,0.43,2.0
09009,"Apples, dehydrated (low moisture), sulfured, uncooked",346.0,1.32,93.53,0.58,12.4
09010,"Apples, dehydrated (low moisture), sulfured, stewed",74.0,0.28,19.91,0.12,2.6
09011,"Apples, dried, sulfured, uncooked",243.0,0.93,65.89,0.32,8.7
09012,"Apples, dried, sulfured, stewed, without added sugar",57.0,0.22,15.32,0.07,2.0
09013,"Apples, dried, sulfured, stewed, with added sugar",83.0,0.2,20.73,0.07,1.9
09014,"Apples, frozen, unsweetened, unheated",48.0,0.28,12.31,0.32,1.3
09015,"Apples, frozen, unsweetened, heated",47.0,0.29,12.0,0.33,1.3
09016,"Apple juice, canned or bottled, unsweetened, without added ascorbic acid",46.0,0.1,11.3,0.13,0.2
09017,"Apple juice, frozen concentrate, unsweetened, undiluted, without added ascorbic acid",166.0,0.51,41.0,0.37,0.4
09018,"Apple juice, frozen concentrate, unsweetened, diluted with 3 volume water without added ascorbic acid",47.0,0.14,11.54,0.1,0.1
09019,"Applesauce, canned, unsweetened, without added ascorbic acid (includes USDA commodity)",42.0,0.17,11.27,0.1,1.1
09020,"Applesauce, canned, sweetened, without salt (includes USDA commodity)",68.0,0.16,17.49,0.17,1.2
09021,"Apricots, raw",48.0,1.4,11.12,0.39,2.0
09022,"Apricots, canned, water pack, with skin, solids and liquids",27.0,0.71,6.39,0.16,1.6
09023,"Apricots, canned, water pack, without skin, solids and liquids",22.0,0.69,5.48,0.03,1.1
09024,"Apricots, canned, juice pack, with skin, solids and liquids",48.0,0.63,12.34,0.04,1.6
09025,"Apricots, canned, extra light syrup pack, with skin, solids and liquids",49.0,0.6,12.5,0.1,1.6
09026,"Apricots, canned, light syrup pack, with skin, solids and liquids",63.0,0.53,16.49,0.05,1.6
09027,"Apricots, canned, heavy syrup pack, with skin, solids and liquids",83.0,0.53,21.47,0.08,1.6
09028,"Apricots, canned, heavy syrup pack, without skin, solids and liquids",83.0,0.51,21.45,0.09,1.6
09029,"Apricots, canned, extra heavy syrup pack, without skin, solids and liquids",96.0,0.55,24.85,0.04,1.6
09030,"Apricots, dehydrated (low-moisture), sulfured, uncooked",320.0,4.9,82.89,0.62,
09031,"Apricots, dehydrated (low-moisture), sulfured, stewed",126.0,1.93,32.62,0.24,
09032,"Apricots, dried, sulfured, uncooked",241.0,3.39,62.64,0.51,7.3
09033,"Apricots, dried, sulfured, stewed, without added sugar",85.0,1.2,22.15,0.18,2.6
09034,"Apricots, dried, sulfured, stewed, with added sugar",113.0,1.17,29.26,0.15,4.1
09035,"Apricots, frozen, sweetened",98.0,0.7,25.1,0.1,2.2
09036,"Apricot nectar, canned, without added ascorbic acid",56.0,0.37,14.39,0.09,0.6
09037,"Avocados, raw, all commercial varieties",160.0,2.0,8.53,14.66,6.7
09038,"Avocados, raw, California",167.0,1.96,8.64,15.41,6.8
09039,"Avocados, raw, Florida",120.0,2.23,7.82,10.06,5.6
09040,"Bananas, raw",89.0,1.09,22.84,0.33,2.6
09041,"Bananas, dehydrated, or banana powder",346.0,3.89,88.28,1.81,9.9
09042,"Blackberries, raw",43.0,1.39,9.61,0.49,5.3
09043,"Blackberry juice, canned",38.0,0.3,7.8,0.6,0.1
09044,"Cherries, tart, dried, sweetened",333.0,1.25,80.45,0.73,2.5
09046,"Blackberries, canned, heavy syrup, solids and liquids",92.0,1.31,23.1,0.14,3.4
09048,"Blackberries, frozen, unsweetened",64.0,1.18,15.67,0.43,5.0
09050,"Blueberries, raw",57.0,0.74,14.49,0.33,2.4
09052,"Blueberries, canned, heavy syrup, solids and liquids",88.0,0.65,22.06,0.33,1.6
09053,"Blueberries, wild, frozen",57.0,0.0,13.85,0.16,4.4
09054,"Blueberries, frozen, unsweetened",51.0,0.42,12.17,0.64,2.7
09055,"Blueberries, frozen, sweetened",85.0,0.4,21.95,0.13,2.2
09056,"Boysenberries, canned, heavy syrup",88.0,0.99,22.31,0.12,2.6
09057,"Boysenberries, frozen, unsweetened",50.0,1.1,12.19,0.26,5.3
09059,"Breadfruit, raw",103.0,1.07,27.12,0.23,4.9
09060,"Carambola, (starfruit), raw",31.0,1.04,6.73,0.33,2.8
09061,"Carissa, (natal-plum), raw",62.0,0.5,13.63,1.3,
09062,"Cherimoya, raw",75.0,1.57,17.71,0.68,3.0
09063,"Cherries, sour, red, raw",50.0,1.0,12.18,0.3,1.6
09064,"Cherries, sour, red, canned, water pack, solids and liquids (includes USDA commodity red tart cherries, canned)",36.0,0.77,8.94,0.1,1.1
09065,"Cherries, sour, red, canned, light syrup pack, solids and liquids",75.0,0.74,19.3,0.1,0.8
09066,"Cherries, sour, red, canned, heavy syrup pack, solids and liquids",91.0,0.73,23.27,0.1,1.1
09067,"Cherries, sour, red, canned, extra heavy syrup pack, solids and liquids",114.0,0.71,29.23,0.09,0.8
09068,"Cherries, sour, red, frozen, unsweetened",46.0,0.92,11.02,0.44,1.6
09070,"Cherries, sweet, raw",63.0,1.06,16.01,0.2,2.1
09071,"Cherries, sweet, canned, water pack, solids and liquids",46.0,0.77,11.76,0.13,1.5
09072,"Cherries, sweet, canned, juice pack, solids and liquids",54.0,0.91,13.81,0.02,1.5
09073,"Cherries, sweet, canned, light syrup pack, solids and liquids",67.0,0.61,17.29,0.15,1.5
09074,"Cherries, sweet, canned, pitted, heavy syrup pack, solids and liquids",83.0,0.6,21.27,0.15,1.4
09075,"Cherries, sweet, canned, extra heavy syrup pack, solids and liquids",102.0,0.59,26.23,0.15,1.5
09076,"Cherries, sweet, frozen, sweetened",89.0,1.15,22.36,0.13,2.1
09077,"Crabapples, raw",76.0,0.4,19.95,0.3,
09078,"Cranberries, raw",46.0,0.46,11.97,0.13,3.6
09079,"Cranberries, dried, sweetened",308.0,0.17,82.8,1.09,5.3
09081,"Cranberry sauce, canned, sweetened",159.0,0.9,40.4,0.15,1.1
09082,"Cranberry-orange relish, canned",178.0,0.3,46.2,0.1,0.0
09083,"Currants, european black, raw",63.0,1.4,15.38,0.41,
09084,"Currants, red and white, raw",56.0,1.4,13.8,0.2,4.3
09085,"Currants, zante, dried",283.0,4.08,74.08,0.27,6.8
09086,"Custard-apple, (bullock's-heart), raw",101.0,1.7,25.2,0.6,2.4
09087,"Dates, deglet noor",282.0,2.45,75.03,0.39,8.0
09088,"Elderberries, raw",73.0,0.66,18.4,0.5,7.0
09089,"Figs, raw",74.0,0.75,19.18,0.3,2.9
09090,"Figs, canned, water pack, solids and liquids",53.0,0.4,13.99,0.1,2.2
09091,"Figs, canned, light syrup pack, solids and liquids",69.0,0.39,17.95,0.1,1.8
09092,"Figs, canned, heavy syrup pack, solids and liquids",88.0,0.38,22.9,0.1,2.2
09093,"Figs, canned, extra heavy syrup pack, solids and liquids",107.0,0.38,27.86,0.1,
09094,"Figs, dried, uncooked",249.0,3.3,63.87,0.93,9.8
09095,"Figs, dried, stewed",107.0,1.42,27.57,0.4,4.2
09096,"Fruit cocktail, (peach and pineapple and pear and grape and cherry), canned, water pack, solids and liquids",32.0,0.42,8.51,0.05,1.0
09097,"Fruit cocktail, (peach and pineapple and pear and grape and cherry), canned, juice pack, solids and liquids",46.0,0.46,11.86,0.01,1.0
09098,"Fruit cocktail, (peach and pineapple and pear and grape and cherry), canned, extra light syrup, solids and liquids",45.0,0.4,11.63,0.07,1.1
09099,"Fruit cocktail, (peach and pineapple and pear and grape and cherry), canned, light syrup, solids and liquids",57.0,0.4,14.93,0.07,1.0
09100,"Fruit cocktail, (peach and pineapple and pear and grape and cherry), canned, heavy syrup, solids and liquids",73.0,0.39,18.91,0.07,1.0
09101,"Fruit cocktail, (peach and pineapple and pear and grape and cherry), canned, extra heavy syrup, solids and liquids",88.0,0.39,22.89,0.07,1.1
09102,"Fruit salad, (peach and pear and apricot and pineapple and cherry), canned, water pack, solids and liquids",30.0,0.35,7.87,0.07,1.0
09103,"Fruit salad, (peach and pear and apricot and pineapple and cherry), canned, juice pack, solids and liquids",50.0,0.51,13.05,0.03,1.0
09104,"Fruit salad, (peach and pear and apricot and pineapple and cherry), canned, light syrup, solids and liquids",58.0,0.34,15.14,0.07,1.0
09105,"Fruit salad, (peach and pear and apricot and pineapple and cherry), canned, heavy syrup, solids and liquids",73.0,0.34,19.11,0.07,1.0
09106,"Fruit salad, (peach and pear and apricot and pineapple and cherry), canned, extra heavy syrup, solids and liquids",88.0,0.33,22.77,0.06,1.0
09107,"Gooseberries, raw",44.0,0.88,10.18,0.58,4.3
09109,"Gooseberries, canned, light syrup pack, solids and liquids",73.0,0.65,18.75,0.2,2.4
09110,"Goji berries, dried",349.0,14.26,77.06,0.39,13.0
09111,"Grapefruit, raw, pink and red and white, all areas",32.0,0.63,8.08,0.1,1.1
09112,"Grapefruit, raw, pink and red, all areas",42.0,0.77,10.66,0.14,1.6
09113,"Grapefruit, raw, pink and red, California and Arizona",37.0,0.5,9.69,0.1,
09114,"Grapefruit, raw, pink and red, Florida",30.0,0.55,7.5,0.1,1.1
09116,"Grapefruit, raw, white, all areas",33.0,0.69,8.41,0.1,1.1
09117,"Grapefruit, raw, white, California",37.0,0.88,9.09,0.1,
09118,"Grapefruit, raw, white, Florida",32.0,0.63,8.19,0.1,
09119,"Grapefruit, sections, canned, water pack, solids and liquids",36.0,0.58,9.15,0.1,0.4
09120,"Grapefruit, sections, canned, juice pack, solids and liquids",37.0,0.7,9.21,0.09,0.4
09121,"Grapefruit, sections, canned, light syrup pack, solids and liquids",60.0,0.56,15.44,0.1,0.4
09123,"Grapefruit juice, white, canned or bottled, unsweetened",34.0,0.58,7.93,0.1,0.8
09124,"Grapefruit juice, white, canned, sweetened",46.0,0.58,11.13,0.09,0.1
09125,"Grapefruit juice, white, frozen concentrate, unsweetened, undiluted",146.0,1.97,34.56,0.48,0.4
09126,"Grapefruit juice, white, frozen concentrate, unsweetened, diluted with 3 volume water",41.0,0.55,9.73,0.13,0.1
09127,"Grapefruit juice, pink or red, with added calcium",38.0,0.5,8.69,0.1,0.0
09128,"Grapefruit juice, white, raw",39.0,0.5,9.2,0.1,0.1
09129,"Grapes, muscadine, raw",57.0,0.81,13.93,0.47,3.9
09130,"Grape juice, canned or bottled, unsweetened, with added ascorbic acid",60.0,0.37,14.77,0.13,0.2
09131,"Grapes, american type (slip skin), raw",67.0,0.63,17.15,0.35,0.9
09132,"Grapes, red or green (European type, such as Thompson seedless), raw",69.0,0.72,18.1,0.16,0.9
09133,"Grapes, canned, thompson seedless, water pack, solids and liquids",40.0,0.5,10.3,0.11,0.6
09134,"Grapes, canned, thompson seedless, heavy syrup pack, solids and liquids",76.0,0.48,19.65,0.1,0.6
09135,"Grape juice, canned or bottled, unsweetened, without added ascorbic acid",60.0,0.37,14.77,0.13,0.2
09138,"Groundcherries, (cape-gooseberries or poha), raw",53.0,1.9,11.2,0.7,
09139,"Guavas, common, raw",68.0,2.55,14.32,0.95,5.4
09140,"Guavas, strawberry, raw",69.0,0.58,17.36,0.6,5.4
09143,"Guava sauce, cooked",36.0,0.32,9.48,0.14,3.6
09144,"Jackfruit, raw",95.0,1.72,23.25,0.64,1.5
09145,"Java-plum, (jambolan), raw",60.0,0.72,15.56,0.23,
09146,"Jujube, raw",79.0,1.2,20.23,0.2,
09147,"Jujube, Chinese, fresh, dried",281.0,4.72,72.52,0.5,6.0
09148,"Kiwifruit, green, raw",61.0,1.14,14.66,0.52,3.0
09149,"Kumquats, raw",71.0,1.88,15.9,0.86,6.5
09150,"Lemons, raw, without peel",29.0,1.1,9.32,0.3,2.8
09152,"Lemon juice, raw",22.0,0.35,6.9,0.24,0.3
09153,"Lemon juice from concentrate, canned or bottled",17.0,0.45,5.62,0.07,0.7
09154,"Lemon juice, frozen, unsweetened, single strength",22.0,0.46,6.5,0.32,0.4
09156,"Lemon peel, raw",47.0,1.5,16.0,0.3,10.6
09159,"Limes, raw",30.0,0.7,10.54,0.2,2.8
09160,"Lime juice, raw",25.0,0.42,8.42,0.07,0.4
09161,"Lime juice, canned or bottled, unsweetened",21.0,0.25,6.69,0.23,0.4
09163,"Blueberries, dried, sweetened",317.0,2.5,80.0,2.5,7.5
09164,"Litchis, raw",66.0,0.83,16.53,0.44,1.3
09165,"Litchis, dried",277.0,3.8,70.7,1.2,4.6
09167,"Loganberries, frozen",55.0,1.52,13.02,0.31,5.3
09172,"Longans, raw",60.0,1.31,15.14,0.1,1.1
09173,"Longans, dried",286.0,4.9,74.0,0.4,
09174,"Loquats, raw",47.0,0.43,12.14,0.2,1.7
09175,"Mammy-apple, (mamey), raw",51.0,0.5,12.5,0.5,3.0
09176,"Mangos, raw",60.0,0.82,14.98,0.38,1.6
09177,"Mangosteen, canned, syrup pack",73.0,0.41,17.91,0.58,1.8
09178,"Mango, dried, sweetened",319.0,2.45,78.58,1.18,2.4
09181,"Melons, cantaloupe, raw",34.0,0.84,8.16,0.19,0.9
09183,"Melons, casaba, raw",28.0,1.11,6.58,0.1,0.9
09184,"Melons, honeydew, raw",36.0,0.54,9.09,0.14,0.8
09185,"Melon balls, frozen",33.0,0.84,7.94,0.25,0.7
09190,"Mulberries, raw",43.0,1.44,9.8,0.39,1.7
09191,"Nectarines, raw",44.0,1.06,10.55,0.32,1.7
09192,"Oheloberries, raw",28.0,0.38,6.84,0.22,
09193,"Olives, ripe, canned (small-extra large)",115.0,0.84,6.26,10.68,3.2
09194,"Olives, ripe, canned (jumbo-super colossal)",81.0,0.97,5.61,6.87,2.5
09195,"Olives, pickled, canned or bottled, green",145.0,1.03,3.84,15.32,3.3
09200,"Oranges, raw, all commercial varieties",47.0,0.94,11.75,0.12,2.4
09201,"Oranges, raw, California, valencias",49.0,1.04,11.89,0.3,2.5
09202,"Oranges, raw, navels",49.0,0.91,12.54,0.15,2.2
09203,"Oranges, raw, Florida",46.0,0.7,11.54,0.21,2.4
09205,"Oranges, raw, with peel",63.0,1.3,15.5,0.3,4.5
09206,"Orange juice, raw",45.0,0.7,10.4,0.2,0.2
09207,"Orange juice, canned, unsweetened",47.0,0.68,11.01,0.15,0.3
09209,"Orange juice, chilled, includes from concentrate",49.0,0.68,11.54,0.12,0.3
09210,"Orange juice, chilled, includes from concentrate, with added calcium and vitamin D",47.0,0.68,11.27,0.12,0.3
09211,"Orange juice, chilled, includes from concentrate, with added calcium",47.0,0.68,11.27,0.12,0.3
09212,"Orange juice, frozen concentrate, unsweetened, diluted with 3 volume water, with added calcium",37.0,0.6,8.47,0.06,0.2
09213,"Orange juice, frozen concentrate, unsweetened, undiluted, with added calcium",147.0,2.4,33.86,0.25,1.0
09214,"Orange juice, frozen concentrate, unsweetened, undiluted",148.0,2.4,35.19,0.25,1.0
09215,"Orange juice, frozen concentrate, unsweetened, diluted with 3 volume water",37.0,0.6,8.8,0.06,0.2
09216,"Orange peel, raw",97.0,1.5,25.0,0.2,10.6
09217,"Orange-grapefruit juice, canned or bottled, unsweetened",43.0,0.6,10.28,0.1,0.1
09218,"Tangerines, (mandarin oranges), raw",53.0,0.81,13.34,0.31,1.8
09219,"Tangerines, (mandarin oranges), canned, juice pack",37.0,0.62,9.57,0.03,0.7
09220,"Tangerines, (mandarin oranges), canned, light syrup pack",61.0,0.45,16.19,0.1,0.7
09221,"Tangerine juice, raw",43.0,0.5,10.1,0.2,0.2
09223,"Tangerine juice, canned, sweetened",50.0,0.5,12.0,0.2,0.2
09226,"Papayas, raw",43.0,0.47,10.82,0.26,1.7
09228,"Papaya, canned, heavy syrup, drained",206.0,0.14,55.83,0.55,1.5
09229,"Papaya nectar, canned",57.0,0.17,14.51,0.15,0.6
09231,"Passion-fruit, (granadilla), purple, raw",97.0,2.2,23.38,0.7,10.4
09232,"Passion-fruit juice, purple, raw",51.0,0.39,13.6,0.05,0.2
09233,"Passion-fruit juice, yellow, raw",60.0,0.67,14.45,0.18,0.2
09236,"Peaches, yellow, raw",39.0,0.91,9.54,0.25,1.5
09237,"Peaches, canned, water pack, solids and liquids",24.0,0.44,6.11,0.06,1.3
09238,"Peaches, canned, juice pack, solids and liquids",44.0,0.63,11.57,0.03,1.3
09239,"Peaches, canned, extra light syrup, solids and liquids",42.0,0.4,11.1,0.1,1.0
09240,"Peaches, canned, light syrup pack, solids and liquids",54.0,0.45,14.55,0.03,1.3
09241,"Peaches, canned, heavy syrup pack, solids and liquids",74.0,0.45,19.94,0.1,1.3
09242,"Peaches, canned, extra heavy syrup pack, solids and liquids",96.0,0.47,26.06,0.03,1.0
09243,"Peaches, spiced, canned, heavy syrup pack, solids and liquids",75.0,0.41,20.08,0.1,1.3
09244,"Peaches, dehydrated (low-moisture), sulfured, uncooked",325.0,4.89,83.18,1.03,
09245,"Peaches, dehydrated (low-moisture), sulfured, stewed",133.0,2.01,34.14,0.42,
09246,"Peaches, dried, sulfured, uncooked",239.0,3.61,61.33,0.76,8.2
09247,"Peaches, dried, sulfured, stewed, without added sugar",77.0,1.16,19.69,0.25,2.7
09248,"Peaches, dried, sulfured, stewed, with added sugar",103.0,1.06,26.6,0.22,2.4
09250,"Peaches, frozen, sliced, sweetened",94.0,0.63,23.98,0.13,1.8
09251,"Peach nectar, canned, without added ascorbic acid",54.0,0.27,13.92,0.02,0.6
09252,"Pears, raw",57.0,0.36,15.23,0.14,3.1
09253,"Pears, canned, water pack, solids and liquids",29.0,0.19,7.81,0.03,1.6
09254,"Pears, canned, juice pack, solids and liquids",50.0,0.34,12.94,0.07,1.6
09255,"Pears, canned, extra light syrup pack, solids and liquids",47.0,0.3,12.2,0.1,1.6
09256,"Pears, canned, light syrup pack, solids and liquids",57.0,0.19,15.17,0.03,1.6
09257,"Pears, canned, heavy syrup pack, solids and liquids",74.0,0.2,19.17,0.13,1.6
09258,"Pears, canned, extra heavy syrup pack, solids and liquids",97.0,0.19,25.25,0.13,1.6
09259,"Pears, dried, sulfured, uncooked",262.0,1.87,69.7,0.63,7.5
09260,"Pears, dried, sulfured, stewed, without added sugar",127.0,0.91,33.81,0.31,6.4
09261,"Pears, dried, sulfured, stewed, with added sugar",140.0,0.86,37.14,0.29,5.8
09262,"Pear nectar, canned, without added ascorbic acid",60.0,0.11,15.76,0.01,0.6
09263,"Persimmons, japanese, raw",70.0,0.58,18.59,0.19,3.6
09264,"Persimmons, japanese, dried",274.0,1.38,73.43,0.59,14.5
09265,"Persimmons, native, raw",127.0,0.8,33.5,0.4,
09266,"Pineapple, raw, all varieties",50.0,0.54,13.12,0.12,1.4
09267,"Pineapple, canned, water pack, solids and liquids",32.0,0.43,8.3,0.09,0.8
09268,"Pineapple, canned, juice pack, solids and liquids",60.0,0.42,15.7,0.08,0.8
09269,"Pineapple, canned, light syrup pack, solids and liquids",52.0,0.36,13.45,0.12,0.8
09270,"Pineapple, canned, heavy syrup pack, solids and liquids",78.0,0.35,20.2,0.11,0.8
09271,"Pineapple, canned, extra heavy syrup pack, solids and liquids",83.0,0.34,21.5,0.11,0.8
09272,"Pineapple, frozen, chunks, sweetened",86.0,0.4,22.2,0.1,1.1
09273,"Pineapple juice, canned or bottled, unsweetened, without added ascorbic acid",53.0,0.36,12.87,0.12,0.2
09274,"Pineapple juice, frozen concentrate, unsweetened, undiluted",179.0,1.3,44.3,0.1,0.7
09275,"Pineapple juice, frozen concentrate, unsweetened, diluted with 3 volume water",51.0,0.4,12.67,0.03,0.2
09276,"Pitanga, (surinam-cherry), raw",33.0,0.8,7.49,0.4,
09277,"Plantains, raw",122.0,1.3,31.89,0.37,2.3
09278,"Plantains, cooked",116.0,0.79,31.15,0.18,2.3
09279,"Plums, raw",46.0,0.7,11.42,0.28,1.4
09281,"Plums, canned, purple, water pack, solids and liquids",41.0,0.39,11.03,0.01,0.9
09282,"Plums, canned, purple, juice pack, solids and liquids",58.0,0.51,15.15,0.02,0.9
09283,"Plums, canned, purple, light syrup pack, solids and liquids",63.0,0.37,16.28,0.1,0.9
09284,"Plums, canned, purple, heavy syrup pack, solids and liquids",89.0,0.36,23.24,0.1,0.9
09285,"Plums, canned, purple, extra heavy syrup pack, solids and liquids",101.0,0.36,26.31,0.1,1.0
09286,"Pomegranates, raw",83.0,1.67,18.7,1.17,4.0
09287,"Prickly pears, raw",41.0,0.73,9.57,0.51,3.6
09288,"Prunes, canned, heavy syrup pack, solids and liquids",105.0,0.87,27.8,0.2,3.8
09289,"Prunes, dehydrated (low-moisture), uncooked",339.0,3.7,89.07,0.73,
09290,"Prunes, dehydrated (low-moisture), stewed",113.0,1.23,29.7,0.24,
09291,"Plums, dried (prunes), uncooked",240.0,2.18,63.88,0.38,7.1
09292,"Plums, dried (prunes), stewed, without added sugar",107.0,0.96,28.08,0.16,3.1
09293,"Plums, dried (prunes), stewed, with added sugar",124.0,1.09,32.88,0.22,3.8
09294,"Prune juice, canned",71.0,0.61,17.45,0.03,1.0
09295,"Pummelo, raw",38.0,0.76,9.62,0.04,1.0
09296,"Quinces, raw",57.0,0.4,15.3,0.1,1.9
09297,"Raisins, golden seedless",302.0,3.39,79.52,0.46,4.0
09298,"Raisins, seedless",299.0,3.07,79.18,0.46,3.7
09299,"Raisins, seeded",296.0,2.52,78.47,0.54,6.8
09301,"Rambutan, canned, syrup pack",82.0,0.65,20.87,0.21,0.9
09302,"Raspberries, raw",52.0,1.2,11.94,0.65,6.5
09304,"Raspberries, canned, red, heavy syrup pack, solids and liquids",91.0,0.83,23.36,0.12,3.3
09306,"Raspberries, frozen, red, sweetened",103.0,0.7,26.16,0.16,4.4
09307,"Rhubarb, raw",21.0,0.9,4.54,0.2,1.8
09309,"Rhubarb, frozen, uncooked",21.0,0.55,5.1,0.11,1.8
09310,"Rhubarb, frozen, cooked, with sugar",116.0,0.39,31.2,0.05,2.0
09311,"Roselle, raw",49.0,0.96,11.31,0.64,
09312,"Rose-apples, raw",25.0,0.6,5.7,0.3,
09313,"Sapodilla, raw",83.0,0.44,19.96,1.1,5.3
09314,"Sapote, mamey, raw",124.0,1.45,32.1,0.46,5.4
09315,"Soursop, raw",66.0,1.0,16.84,0.3,3.3
09316,"Strawberries, raw",32.0,0.67,7.68,0.3,2.0
09317,"Strawberries, canned, heavy syrup pack, solids and liquids",92.0,0.56,23.53,0.26,1.7
09318,"Strawberries, frozen, unsweetened",35.0,0.43,9.13,0.11,2.1
09319,"Strawberries, frozen, sweetened, whole",78.0,0.52,21.0,0.14,1.9
09320,"Strawberries, frozen, sweetened, sliced",96.0,0.53,25.92,0.13,1.9
09321,"Sugar-apples, (sweetsop), raw",94.0,2.06,23.64,0.29,4.4
09322,"Tamarinds, raw",239.0,2.8,62.5,0.6,5.1
09325,"Fruit salad, (pineapple and papaya and banana and guava), tropical, canned, heavy syrup, solids and liquids",86.0,0.41,22.36,0.1,1.3
09326,"Watermelon, raw",30.0,0.61,7.55,0.15,0.4
09328,"Maraschino cherries, canned, drained",165.0,0.22,41.97,0.21,3.2
09334,"Feijoa, raw",61.0,0.71,15.21,0.42,6.4
09340,"Pears, asian, raw",42.0,0.5,10.65,0.23,3.6
09351,"Fruit cocktail, canned, heavy syrup, drained",70.0,0.47,18.8,0.1,1.7
09352,"Blueberries, canned, light syrup, drained",88.0,1.04,22.66,0.4,2.6
09353,"Blueberries, wild, canned, heavy syrup, drained",107.0,0.56,28.32,0.34,4.9
09354,"Pineapple, canned, juice pack, drained",60.0,0.51,15.56,0.11,1.3
09357,"Apricots, canned, heavy syrup, drained",83.0,0.64,21.31,0.11,2.7
09362,"Cherries, sour, canned, water pack, drained",42.0,0.69,10.45,0.21,1.2
09367,"Cherries, sweet, canned, pitted, heavy syrup, drained",83.0,0.73,21.07,0.21,2.3
09370,"Peaches, canned, heavy syrup, drained",72.0,0.52,18.43,0.18,1.2
09374,"Pears, canned, heavy syrup, drained",74.0,0.24,19.08,0.18,2.7
09379,"Plums, canned, heavy syrup, drained",89.0,0.44,23.12,0.14,1.5
09383,"Tangerines, (mandarin oranges), canned, juice pack, drained",38.0,0.75,9.41,0.04,1.2
09400,"Apple juice, canned or bottled, unsweetened, with added ascorbic acid",46.0,0.1,11.3,0.13,0.2
09401,"Applesauce, canned, unsweetened, with added ascorbic acid",42.0,0.17,11.27,0.1,1.1
09402,"Applesauce, canned, sweetened, with salt",76.0,0.18,19.91,0.18,1.2
09403,"Apricot nectar, canned, with added ascorbic acid",56.0,0.37,14.39,0.09,0.6
09404,"Grapefruit juice, pink, raw",39.0,0.5,9.2,0.1,
09407,"Peach nectar, canned, with added ascorbic acid",54.0,0.27,13.92,0.02,0.6
09408,"Pear nectar, canned, with added ascorbic acid",60.0,0.11,15.76,0.01,0.6
09409,"Pineapple juice, canned or bottled, unsweetened, with added ascorbic acid",53.0,0.36,12.87,0.12,0.2
09410,"Apple juice, frozen concentrate, unsweetened, undiluted, with added ascorbic acid",166.0,0.51,41.0,0.37,
09411,"Apple juice, frozen concentrate, unsweetened, diluted with 3 volume water, with added ascorbic acid",47.0,0.14,11.54,0.1,0.1
09412,"Pears, raw, bartlett",63.0,0.39,15.01,0.16,3.1
09413,"Pears, raw, red anjou",62.0,0.33,14.94,0.14,3.0
09414,"Pears, raw, bosc",67.0,0.36,16.1,0.09,3.1
09415,"Pears, raw, green anjou",66.0,0.44,15.79,0.1,3.1
09416,"Grapefruit juice, white, bottled, unsweetened, OCEAN SPRAY",34.0,0.58,7.93,0.1,0.8
09420,"Jackfruit, canned, syrup pack",92.0,0.36,23.94,0.14,0.9
09421,"Dates, medjool",277.0,1.81,74.97,0.15,6.7
09422,"Durian, raw or frozen",147.0,1.47,27.09,5.33,3.8
09423,Prune puree,257.0,2.1,65.1,0.2,3.3
09426,Candied fruit,322.0,0.34,82.74,0.07,1.6
09427,"Abiyuch, raw",69.0,1.5,17.6,0.1,5.3
09428,"Rowal, raw",111.0,2.3,23.9,2.0,6.2
09429,"Pineapple, raw, traditional varieties",45.0,0.55,11.82,0.13,
09430,"Pineapple, raw, extra sweet variety",51.0,0.53,13.5,0.11,1.4
09431,"USDA Commodity, mixed fruit (peaches, pears, grapes), canned, light syrup, drained",57.0,0.46,14.65,0.1,1.6
09432,"USDA Commodity, mixed fruit (peaches, pears, grapes), canned, light syrup, solids and liquids",55.0,0.41,14.3,0.08,1.2
09433,"Clementines, raw",47.0,0.85,12.02,0.15,1.7
09434,"Guanabana nectar, canned",59.0,0.11,14.93,0.17,0.1
09435,"Guava nectar, canned, with added ascorbic acid",63.0,0.09,16.25,0.06,1.0
09436,"Mango nectar, canned",51.0,0.11,13.12,0.06,0.3
09437,"Tamarind nectar, canned",57.0,0.09,14.73,0.12,0.5
09438,"USDA Commodity peaches, canned, light syrup, drained",61.0,0.56,15.65,0.15,0.7
09439,"USDA Commodity pears, canned, juice pack, drained",51.0,0.34,12.91,0.19,2.2
09440,"USDA Commodity pears, canned, light syrup, drained",62.0,0.28,16.21,0.15,1.6
09442,"Pomegranate juice, bottled",54.0,0.15,13.13,0.29,0.1
09443,"Juice, apple and grape blend, with added ascorbic acid",50.0,0.16,12.46,0.12,0.2
09444,"Juice, apple, grape and pear blend, with added ascorbic acid and calcium",52.0,0.17,12.96,0.12,0.2
09446,"Plantains, green, fried",309.0,1.5,49.17,11.81,3.5
09447,"Plantains, yellow, fried, Latino restaurant",236.0,1.42,40.77,7.51,3.2
09448,"Nance, canned, syrup, drained",95.0,0.56,22.79,1.28,7.0
09449,"Nance, frozen, unsweetened",73.0,0.66,16.97,1.16,7.5
09450,"Naranjilla (lulo) pulp, frozen, unsweetened",25.0,0.44,5.9,0.22,1.1
09451,Horned melon (Kiwano),44.0,1.78,7.56,1.26,
09452,Orange Pineapple Juice Blend,51.0,0.41,12.2,0.08,0.2
09500,"Apples, raw, red delicious, with skin",59.0,0.27,14.06,0.2,2.3
09501,"Apples, raw, golden delicious, with skin",57.0,0.28,13.6,0.15,2.4
09502,"Apples, raw, granny smith, with skin",58.0,0.44,13.61,0.19,2.8
09503,"Apples, raw, gala, with skin",57.0,0.25,13.68,0.12,2.3
09504,"Apples, raw, fuji, with skin",63.0,0.2,15.22,0.18,2.1
09506,"Orange juice, chilled, includes from concentrate, with added calcium and vitamins A, D, E",49.0,0.68,11.54,0.12,0.3
09507,"Fruit juice smoothie, NAKED JUICE, MIGHTY MANGO",63.0,0.42,15.0,0.0,0.0
09508,"Fruit juice smoothie, NAKED JUICE, GREEN MACHINE",53.0,0.6,12.53,0.26,0.7
09510,"Pineapple juice, canned, not from concentrate, unsweetened, with added vitamins A, C and E",50.0,0.36,12.18,0.14,0.2
09511,"Fruit juice smoothie, NAKED JUICE, BLUE MACHINE",71.0,0.42,16.67,0.0,2.9
09512,"Grape juice, canned or bottled, unsweetened, with added ascorbic acid and calcium",62.0,0.37,14.77,0.13,0.2
09513,"Fruit juice smoothie, ODWALLA, ORIGINAL SUPERFOOD",50.0,0.63,11.51,0.36,0.6
09514,"Fruit juice smoothie, BOLTHOUSE FARMS, BERRY BOOST",46.0,0.63,10.9,0.02,0.0
09515,"Fruit juice smoothie, BOLTHOUSE FARMS, GREEN GOODNESS",56.0,0.63,13.04,0.33,0.6
09516,"Fruit juice smoothie, BOLTHOUSE FARMS, strawberry banana",52.0,0.44,12.37,0.3,0.6
09517,"Apple juice, canned or bottled, unsweetened, with added ascorbic acid, calcium, and potassium",48.0,0.12,11.49,0.17,0.3
09518,"Raspberries, frozen, unsweetened",52.0,1.2,11.94,0.65,6.5
09519,"Guava nectar, with sucralose, canned",48.0,0.3,13.3,0.07,1.2
09520,"Kiwifruit, ZESPRI SunGold, raw",63.0,1.02,15.79,0.28,1.4
09522,"Cranberry juice blend, 100% juice, bottled, with added vitamin C and calcium",45.0,0.27,10.91,0.12,0.1
09523,"Lemon juice from concentrate, bottled, CONCORD",24.0,0.4,5.37,0.07,
09524,"Lemon juice from concentrate, bottled, REAL LEMON",17.0,0.47,5.66,0.07,0.7
09525,"Cranberry sauce, whole, canned, OCEAN SPRAY",158.0,0.75,40.4,0.05,1.2
09526,"Cranberry sauce, jellied, canned, OCEAN SPRAY",160.0,1.05,40.61,0.04,1.0
09528,"Ruby Red grapefruit juice blend (grapefruit, grape, apple), OCEAN SPRAY, bottled, with added vitamin C",44.0,0.5,10.53,0.1,0.2
09530,"Fruit juice smoothie, ODWALLA, strawberry banana",48.0,0.5,11.05,0.32,0.6
09531,"Fruit juice smoothie, NAKED JUICE, strawberry banana",50.0,0.48,11.66,0.27,0.6
10000,"Pork, fresh, composite of separable fat, with added solution, cooked",585.0,10.06,0.32,60.42,0.0
10001,"Pork, fresh, carcass, separable lean and fat, raw",376.0,13.91,0.0,35.07,0.0
10002,"Pork, fresh, composite of trimmed retail cuts (leg, loin, shoulder), separable lean only, raw",134.0,21.2,0.0,4.86,0.0
10003,"Pork, fresh, composite of trimmed leg, loin, shoulder, and spareribs, (includes cuts to be cured), separable lean and fat, raw",211.0,18.22,0.0,14.79,0.0
10004,"Pork, fresh, backfat, raw",812.0,2.92,0.0,88.69,0.0
10005,"Pork, fresh, belly, raw",518.0,9.34,0.0,53.01,0.0
10006,"Pork, fresh, separable fat, raw",632.0,9.25,0.0,65.7,0.0
10007,"Pork, fresh, separable fat, cooked",626.0,7.06,0.0,66.1,0.0
10008,"Pork, fresh, leg (ham), whole, separable lean and fat, raw",245.0,17.43,0.0,18.87,0.0
10009,"Pork, fresh, leg (ham), whole, separable lean and fat, cooked, roasted",273.0,26.83,0.0,17.61,0.0
10010,"Pork, fresh, leg (ham), whole, separable lean only, raw",136.0,20.48,0.0,5.41,0.0
10011,"Pork, fresh, leg (ham), whole, separable lean only, cooked, roasted",211.0,29.41,0.0,9.44,0.0
10012,"Pork, fresh, leg (ham), rump half, separable lean and fat, raw",182.0,20.27,0.0,10.63,0.0
10013,"Pork, fresh, leg (ham), rump half, separable lean and fat, cooked, roasted",209.0,27.03,0.0,10.32,0.0
10014,"Pork, fresh, leg (ham), rump half, separable lean only, raw",120.0,21.81,0.0,2.93,0.0
10015,"Pork, fresh, leg (ham), rump half, separable lean only, cooked, roasted",165.0,28.86,0.0,4.62,0.0
10016,"Pork, fresh, leg (ham), shank half, separable lean and fat, raw",193.0,19.87,0.0,11.96,0.0
10017,"Pork, fresh, leg (ham), shank half, separable lean and fat, cooked, roasted",232.0,25.96,0.0,13.42,0.0
10018,"Pork, fresh, leg (ham), shank half, separable lean only, raw",119.0,21.66,0.0,2.95,0.0
10019,"Pork, fresh, leg (ham), shank half, separable lean only, cooked, roasted",175.0,28.69,0.0,5.83,0.0
10020,"Pork, fresh, loin, whole, separable lean and fat, raw",198.0,19.74,0.0,12.58,0.0
10021,"Pork, fresh, loin, whole, separable lean and fat, cooked, braised",239.0,27.23,0.0,13.62,0.0
10022,"Pork, fresh, loin, whole, separable lean and fat, cooked, broiled",242.0,27.32,0.0,13.92,0.0
10023,"Pork, fresh, loin, whole, separable lean and fat, cooked, roasted",248.0,27.09,0.0,14.65,0.0
10024,"Pork, fresh, loin, whole, separable lean only, raw",143.0,21.43,0.0,5.66,0.0
10025,"Pork, fresh, loin, whole, separable lean only, cooked, braised",204.0,28.57,0.0,9.12,0.0
10026,"Pork, fresh, loin, whole, separable lean only, cooked, broiled",210.0,28.57,0.0,9.8,0.0
10027,"Pork, fresh, loin, whole, separable lean only, cooked, roasted",209.0,28.62,0.0,9.63,0.0
10028,"Pork, fresh, loin, blade (chops or roasts), bone-in, separable lean and fat, raw",194.0,19.56,0.0,12.27,0.0
10029,"Pork, fresh, loin, blade (chops), bone-in, separable lean and fat, cooked, braised",255.0,26.54,0.0,15.71,0.0
10030,"Pork, fresh, loin, blade (chops), bone-in, separable lean and fat, cooked, broiled",231.0,23.72,0.0,14.35,0.0
10031,"Pork, fresh, loin, blade (roasts), bone-in, separable lean and fat, cooked, roasted",254.0,24.29,0.0,16.71,0.0
10032,"Pork, fresh, loin, blade (chops or roasts), bone-in, separable lean only, raw",143.0,21.22,0.0,5.84,0.0
10033,"Pork, fresh, loin, blade (chops), bone-in, separable lean only, cooked, braised",222.0,28.02,0.0,11.29,0.0
10034,"Pork, fresh, loin, blade (chops), bone-in, separable lean only, cooked, broiled",193.0,24.99,0.0,9.56,0.0
10035,"Pork, fresh, loin, blade (roasts), bone-in, separable lean only, cooked, roasted",217.0,25.7,0.0,11.89,0.0
10036,"Pork, fresh, loin, center loin (chops), bone-in, separable lean and fat, raw",170.0,20.71,0.0,9.03,0.0
10037,"Pork, fresh, loin, center loin (chops), bone-in, separable lean and fat, cooked, braised",242.0,28.21,0.0,13.51,0.0
10038,"Pork, fresh, loin, center loin (chops), bone-in, separable lean and fat, cooked, broiled",209.0,25.61,0.0,11.06,0.0
10039,"Pork, fresh, loin, center loin (roasts), bone-in, separable lean and fat, cooked, roasted",231.0,27.01,0.0,12.8,0.0
10040,"Pork, fresh, loin, center loin (chops), bone-in, separable lean only, raw",127.0,21.99,0.0,3.71,0.0
10041,"Pork, fresh, loin, center loin (chops), bone-in, separable lean only, cooked, braised",200.0,30.2,0.0,7.86,0.0
10042,"Pork, fresh, loin, center loin (chops), bone-in, separable lean only, cooked, broiled",180.0,26.76,0.0,7.29,0.0
10043,"Pork, fresh, loin, center loin (roasts), bone-in, separable lean only, cooked, roasted",194.0,28.58,0.0,7.95,0.0
10044,"Pork, fresh, loin, center rib (chops or roasts), bone-in, separable lean and fat, raw",186.0,20.28,0.0,11.04,0.0
10045,"Pork, fresh, loin, center rib (chops), bone-in, separable lean and fat, cooked, braised",261.0,26.66,0.0,16.28,0.0
10046,"Pork, fresh, loin, center rib (chops), bone-in, separable lean and fat, cooked, broiled",222.0,24.42,0.0,13.04,0.0
10047,"Pork, fresh, loin, center rib (roasts), bone-in, separable lean and fat, cooked, roasted",248.0,26.99,0.0,14.68,0.0
10048,"Pork, fresh, loin, center rib (chops or roasts), bone-in, separable lean only, raw",136.0,21.79,0.0,4.8,0.0
10049,"Pork, fresh, loin, center rib (chops), bone-in, separable lean only, cooked, braised",208.0,29.03,0.0,9.32,0.0
10050,"Pork, fresh, loin, center rib (chops), bone-in, separable lean only, cooked, broiled",186.0,25.79,0.0,8.36,0.0
10051,"Pork, fresh, loin, center rib (roasts), bone-in, separable lean only, cooked, roasted",206.0,28.82,0.0,9.21,0.0
10052,"Pork, fresh, loin, sirloin (chops or roasts), bone-in, separable lean and fat, raw",168.0,20.48,0.0,8.96,0.0
10053,"Pork, fresh, loin, sirloin (chops), bone-in, separable lean and fat, cooked, braised",234.0,28.81,0.0,12.31,0.0
10054,"Pork, fresh, loin, sirloin (chops), bone-in, separable lean and fat, cooked, broiled",222.0,26.96,0.0,11.82,0.0
10055,"Pork, fresh, loin, sirloin (roasts), bone-in, separable lean and fat, cooked, roasted",230.0,26.64,0.0,12.87,0.0
10056,"Pork, fresh, loin, sirloin (chops or roasts), bone-in, separable lean only, raw",129.0,21.65,0.0,4.02,0.0
10057,"Pork, fresh, loin, sirloin (chops), bone-in, separable lean only, cooked, braised",195.0,31.0,0.0,6.9,0.0
10058,"Pork, fresh, loin, sirloin (chops), bone-in, separable lean only, cooked, broiled",174.0,29.29,0.0,5.45,0.0
10059,"Pork, fresh, loin, sirloin (roasts), bone-in, separable lean only, cooked, roasted",204.0,27.78,0.0,9.44,0.0
10060,"Pork, fresh, loin, tenderloin, separable lean only, raw",109.0,20.95,0.0,2.17,0.0
10061,"Pork, fresh, loin, tenderloin, separable lean only, cooked, roasted",143.0,26.17,0.0,3.51,0.0
10062,"Pork, fresh, loin, top loin (chops), boneless, separable lean and fat, raw",155.0,21.55,0.0,6.94,0.0
10063,"Pork, fresh, loin, top loin (chops), boneless, separable lean and fat, cooked, braised",200.0,29.2,0.0,8.31,0.0
10064,"Pork, fresh, loin, top loin (chops), boneless, separable lean and fat, cooked, broiled",196.0,26.62,0.0,9.14,0.0
10065,"Pork, fresh, loin, top loin (roasts), boneless, separable lean and fat, cooked, roasted",192.0,26.45,0.0,8.82,0.0
10066,"Pork, fresh, loin, top loin (chops), boneless, separable lean only, raw",127.0,22.41,0.0,3.42,0.0
10067,"Pork, fresh, loin, top loin (chops), boneless, separable lean only, cooked, braised",170.0,30.54,0.0,4.34,0.0
10068,"Pork, fresh, loin, top loin (chops), boneless, separable lean only, cooked, broiled",173.0,27.58,0.0,6.08,0.0
10069,"Pork, fresh, loin, top loin (roasts), boneless, separable lean only, cooked, roasted",173.0,27.23,0.0,6.28,0.0
10070,"Pork, fresh, shoulder, whole, separable lean and fat, raw",236.0,17.18,0.0,17.99,0.0
10071,"Pork, fresh, shoulder, whole, separable lean and fat, cooked, roasted",292.0,23.28,0.0,21.39,0.0
10072,"Pork, fresh, shoulder, whole, separable lean only, raw",148.0,19.55,0.0,7.14,0.0
10073,"Pork, fresh, shoulder, whole, separable lean only, cooked, roasted",230.0,25.33,0.0,13.54,0.0
10074,"Pork, fresh, shoulder, arm picnic, separable lean and fat, raw",193.0,18.71,0.0,12.51,0.0
10075,"Pork, fresh, shoulder, arm picnic, separable lean and fat, cooked, braised",235.0,24.88,0.0,14.33,0.0
10076,"Pork, fresh, shoulder, arm picnic, separable lean and fat, cooked, roasted",317.0,23.47,0.0,24.01,0.0
10077,"Pork, fresh, shoulder, arm picnic, separable lean only, raw",120.0,20.26,0.0,3.77,0.0
10078,"Pork, fresh, shoulder, arm picnic, separable lean only, cooked, braised",194.0,26.76,0.0,8.87,0.0
10079,"Pork, fresh, shoulder, arm picnic, separable lean only, cooked, roasted",228.0,26.68,0.0,12.62,0.0
10080,"Pork, fresh, shoulder, (Boston butt), blade (steaks), separable lean and fat, raw",186.0,17.42,0.0,12.36,0.0
10081,"Pork, fresh, shoulder, (Boston butt), blade (steaks), separable lean and fat, cooked, braised",267.0,25.07,0.0,17.69,0.0
10082,"Pork, fresh, shoulder, blade, boston (steaks), separable lean and fat, cooked, broiled",259.0,25.58,0.0,16.61,0.0
10083,"Pork, fresh, shoulder, blade, boston (roasts), separable lean and fat, cooked, roasted",269.0,23.11,0.0,18.86,0.0
10084,"Pork, fresh, shoulder, (Boston butt), blade (steaks), separable lean only, raw",132.0,18.73,0.0,5.71,0.0
10085,"Pork, fresh, shoulder, (Boston butt), blade (steaks), separable lean only, cooked, braised",233.0,26.57,0.0,13.2,0.0
10086,"Pork, fresh, shoulder, blade, boston (steaks), separable lean only, cooked, broiled",227.0,26.74,0.0,12.54,0.0
10087,"Pork, fresh, shoulder, blade, boston (roasts), separable lean only, cooked, roasted",232.0,24.21,0.0,14.3,0.0
10088,"Pork, fresh, spareribs, separable lean and fat, raw",277.0,15.47,0.0,23.4,0.0
10089,"Pork, fresh, spareribs, separable lean and fat, cooked, braised",397.0,29.06,0.0,30.3,0.0
10093,"Pork, fresh, composite of trimmed retail cuts (leg, loin, and shoulder), separable lean only, cooked",201.0,27.51,0.0,9.21,0.0
10094,"Pork, fresh, loin, center loin (chops), boneless, separable lean only, raw",123.0,23.75,0.0,3.09,0.0
10096,"Pork, fresh, variety meats and by-products, brain, raw",127.0,10.28,0.0,9.21,0.0
10097,"Pork, fresh, variety meats and by-products, brain, cooked, braised",138.0,12.14,0.0,9.51,0.0
10098,"Pork, fresh, variety meats and by-products, chitterlings, raw",182.0,7.64,0.0,16.61,0.0
10099,"Pork, fresh, variety meats and by-products, chitterlings, cooked, simmered",233.0,12.49,0.0,20.32,0.0
10100,"Pork, fresh, variety meats and by-products, ears, frozen, raw",234.0,22.45,0.6,15.1,0.0
10101,"Pork, fresh, variety meats and by-products, ears, frozen, cooked, simmered",166.0,15.95,0.2,10.8,0.0
10102,"Pork, fresh, variety meats and by-products, feet, raw",212.0,23.16,0.0,12.59,0.0
10103,"Pork, fresh, variety meats and by-products, heart, raw",118.0,17.27,1.33,4.36,0.0
10104,"Pork, fresh, variety meats and by-products, heart, cooked, braised",148.0,23.6,0.4,5.05,0.0
10105,"Pork, fresh, variety meats and by-products, jowl, raw",655.0,6.38,0.0,69.61,0.0
10106,"Pork, fresh, variety meats and by-products, kidneys, raw",100.0,16.46,0.0,3.25,0.0
10107,"Pork, fresh, variety meats and by-products, kidneys, cooked, braised",151.0,25.4,0.0,4.7,0.0
10109,"Pork, fresh, variety meats and by-products, leaf fat, raw",857.0,1.76,0.0,94.16,0.0
10110,"Pork, fresh, variety meats and by-products, liver, raw",134.0,21.39,2.47,3.65,0.0
10111,"Pork, fresh, variety meats and by-products, liver, cooked, braised",165.0,26.02,3.76,4.4,0.0
10112,"Pork, fresh, variety meats and by-products, lungs, raw",85.0,14.08,0.0,2.72,0.0
10113,"Pork, fresh, variety meats and by-products, lungs, cooked, braised",99.0,16.6,0.0,3.1,0.0
10114,"Pork, fresh, variety meats and by-products, mechanically separated, raw",304.0,15.03,0.0,26.54,0.0
10115,"Pork, fresh, variety meats and by-products, pancreas, raw",199.0,18.56,0.0,13.24,0.0
10116,"Pork, fresh, variety meats and by-products, pancreas, cooked, braised",219.0,28.5,0.0,10.8,0.0
10117,"Pork, fresh, variety meats and by-products, spleen, raw",100.0,17.86,0.0,2.59,0.0
10118,"Pork, fresh, variety meats and by-products, spleen, cooked, braised",149.0,28.2,0.0,3.2,0.0
10119,"Pork, fresh, variety meats and by-products, stomach, raw",159.0,16.85,0.0,10.14,0.0
10120,"Pork, fresh, loin, blade (chops), bone-in, separable lean only, cooked, pan-fried",222.0,26.38,0.0,12.14,0.0
10121,"Pork, fresh, variety meats and by-products, tongue, raw",225.0,16.3,0.0,17.2,0.0
10122,"Pork, fresh, variety meats and by-products, tongue, cooked, braised",271.0,24.1,0.0,18.6,0.0
10123,"Pork, cured, bacon, unprepared",417.0,12.62,1.28,39.69,0.0
10128,"Pork, cured, breakfast strips, raw or unheated",388.0,11.74,0.7,37.16,0.0
10130,"Canadian bacon, unprepared",110.0,20.31,1.34,2.62,0.0
10132,"Pork, cured, feet, pickled",140.0,11.63,0.01,10.02,0.0
10134,"Pork, cured, ham, boneless, extra lean (approximately 5% fat), roasted",145.0,20.93,1.5,5.53,0.0
10136,"Pork, cured, ham, boneless, regular (approximately 11% fat), roasted",178.0,22.62,0.0,9.02,0.0
10137,"Pork, cured, ham, extra lean (approximately 4% fat), canned, unheated",120.0,18.49,0.0,4.56,0.0
10138,"Pork, cured, ham, extra lean (approximately 4% fat), canned, roasted",136.0,21.16,0.52,4.88,0.0
10140,"Pork, cured, ham, regular (approximately 13% fat), canned, roasted",226.0,20.53,0.42,15.2,0.0
10141,"Pork, cured, ham, center slice, country-style, separable lean only, raw",195.0,27.8,0.3,8.32,0.0
10142,"Pork, cured, ham, center slice, separable lean and fat, unheated",203.0,20.17,0.05,12.9,0.0
10146,"Pork, cured, ham, patties, unheated",315.0,12.78,1.69,28.19,0.0
10149,"Pork, cured, ham, steak, boneless, extra lean, unheated",122.0,19.56,0.0,4.25,0.0
10150,"Pork, cured, ham, whole, separable lean and fat, unheated",246.0,18.49,0.06,18.52,0.0
10152,"Pork, cured, ham, whole, separable lean only, unheated",147.0,22.32,0.05,5.71,0.0
10153,"Pork, cured, ham, whole, separable lean only, roasted",157.0,25.05,0.0,5.5,0.0
10158,"USDA Commodity, pork, canned",196.0,19.4,0.59,12.95,0.0
10163,"Pork, fresh, loin, center loin (chops), boneless, separable lean only, cooked, pan-broiled",162.0,30.02,0.0,4.65,0.0
10164,"Pork, fresh, loin, center loin (chops), boneless, separable lean and fat, raw",201.0,21.14,0.0,12.96,0.0
10165,"Pork, cured, salt pork, raw",748.0,5.05,0.0,80.5,0.0
10166,"Pork, cured, separable fat (from ham and arm picnic), unheated",579.0,5.68,0.09,61.41,0.0
10167,"Pork, cured, separable fat (from ham and arm picnic), roasted",591.0,7.64,0.0,61.86,0.0
10168,"Pork, cured, shoulder, arm picnic, separable lean and fat, roasted",280.0,20.43,0.0,21.35,0.0
10169,"Pork, cured, shoulder, arm picnic, separable lean only, roasted",170.0,24.94,0.0,7.04,0.0
10170,"Pork, cured, shoulder, blade roll, separable lean and fat, unheated",269.0,16.47,0.0,21.98,0.0
10171,"Pork, cured, shoulder, blade roll, separable lean and fat, roasted",287.0,17.28,0.37,23.48,0.0
10173,"Pork, fresh, variety meats and by-products, feet, cooked, simmered",238.0,21.94,0.0,16.05,0.0
10174,"Pork, fresh, variety meats and by-products, tail, raw",378.0,17.75,0.0,33.5,0.0
10175,"Pork, fresh, variety meats and by-products, tail, cooked, simmered",396.0,17.0,0.0,35.8,0.0
10176,"Pork, fresh, loin, center loin (chops), bone-in, separable lean only, cooked, pan-fried",195.0,29.56,0.0,7.66,0.0
10177,"Pork, fresh, loin, center rib (chops), bone-in, separable lean only, cooked, pan-fried",211.0,28.84,0.0,9.73,0.0
10178,"Pork, fresh, loin, blade (chops), bone-in, separable lean and fat, cooked, pan-fried",256.0,25.02,0.0,16.56,0.0
10179,"Pork, fresh, loin, center loin (chops), bone-in, separable lean and fat, cooked, pan-fried",238.0,27.63,0.0,13.32,0.0
10180,"Pork, fresh, loin, center rib (chops), bone-in, separable lean and fat, cooked, pan-fried",256.0,26.81,0.0,15.71,0.0
10181,"Pork, fresh, loin, top loin (chops), boneless, separable lean only, cooked, pan-fried",172.0,30.46,0.0,4.62,0.0
10182,"Pork, cured, ham, boneless, extra lean and regular, unheated",162.0,18.26,2.28,8.39,0.0
10183,"Pork, cured, ham, boneless, extra lean and regular, roasted",165.0,21.97,0.5,7.66,0.0
10184,"Pork, cured, ham, extra lean and regular, canned, unheated",144.0,17.97,0.0,7.46,0.0
10185,"Pork, cured, ham, extra lean and regular, canned, roasted",167.0,20.94,0.49,8.43,0.0
10186,"Pork, fresh, loin, top loin (chops), boneless, separable lean and fat, cooked, pan-fried",196.0,29.36,0.0,7.86,0.0
10187,"Pork, fresh, composite of trimmed retail cuts (leg, loin, shoulder, and spareribs), separable lean and fat, raw",216.0,18.95,0.0,14.95,0.0
10188,"Pork, fresh, composite of trimmed retail cuts (leg, loin, shoulder, and spareribs), separable lean and fat, cooked",238.0,26.36,0.0,13.89,0.0
10189,"Pork, fresh, loin, center loin (chops), boneless, separable lean and fat, cooked, pan-broiled",229.0,26.68,0.0,13.6,0.0
10192,"Pork, fresh, backribs, separable lean and fat, raw",224.0,19.07,0.0,16.33,0.0
10193,"Pork, fresh, backribs, separable lean and fat, cooked, roasted",292.0,23.01,0.0,21.51,0.0
10194,"Pork, fresh, loin, center rib (chops or roasts), boneless, separable lean and fat, raw",211.0,19.9,0.0,14.01,0.0
10195,"Pork, fresh, loin, center rib (chops), boneless, separable lean and fat, cooked, braised",255.0,26.29,0.0,15.79,0.0
10196,"Pork, fresh, loin, center rib (chops), boneless, separable lean and fat, cooked, broiled",260.0,27.63,0.0,15.76,0.0
10197,"Pork, fresh, loin, center rib (chops), boneless, separable lean and fat, cooked, pan-fried",273.0,25.82,0.0,18.05,0.0
10198,"Pork, fresh, loin, center rib (roasts), boneless, separable lean and fat, cooked, roasted",252.0,26.99,0.0,15.15,0.0
10199,"Pork, fresh, loin, center rib (chops or roasts), boneless, separable lean only, raw",152.0,21.8,0.0,6.48,0.0
10200,"Pork, fresh, loin, center rib (chops), boneless, separable lean only, cooked, braised",211.0,27.95,0.0,10.14,0.0
10201,"Pork, fresh, loin, center rib (chops), boneless, separable lean only, cooked, broiled",216.0,29.46,0.0,10.05,0.0
10202,"Pork, fresh, loin, center rib (chops), boneless, separable lean only, cooked, pan-fried",224.0,27.68,0.0,11.8,0.0
10203,"Pork, fresh, loin, center rib (roasts), boneless, separable lean only, cooked, roasted",214.0,28.81,0.0,10.13,0.0
10204,"Pork, fresh, loin, country-style ribs, separable lean and fat, raw",189.0,19.34,0.0,11.82,0.0
10205,"Pork, fresh, loin, country-style ribs, separable lean and fat, cooked, braised",273.0,26.49,0.0,17.71,0.0
10206,"Pork, fresh, loin, country-style ribs, separable lean and fat, bone-in, cooked, roasted",359.0,21.75,0.0,29.46,0.0
10207,"Pork, fresh, loin, country-style ribs, separable lean only, raw",140.0,20.76,0.0,5.64,0.0
10208,"Pork, fresh, loin, country-style ribs, separable lean only, cooked, braised",247.0,27.74,0.0,14.26,0.0
10209,"Pork, fresh, loin, country-style ribs, separable lean only, bone-in, cooked, roasted",227.0,29.2,0.0,11.38,0.0
10210,"Pork, fresh, loin, sirloin (chops or roasts), boneless, separable lean and fat, raw",133.0,22.49,0.0,4.05,0.0
10211,"Pork, fresh, loin, sirloin (chops), boneless, separable lean and fat, cooked, braised",171.0,28.41,0.0,5.47,0.0
10212,"Pork, fresh, loin, sirloin (chops), boneless, separable lean and fat, cooked, broiled",170.0,28.19,0.0,5.53,0.0
10213,"Pork, fresh, loin, sirloin (roasts), boneless, separable lean and fat, cooked, roasted",192.0,29.62,0.0,7.32,0.0
10214,"Pork, fresh, loin, sirloin (chops or roasts), boneless, separable lean only, raw",121.0,22.81,0.0,2.59,0.0
10215,"Pork, fresh, loin, sirloin (chops), boneless, separable lean only, cooked, braised",163.0,28.75,0.0,4.5,0.0
10216,"Pork, fresh, loin, sirloin (chops), boneless, separable lean only, cooked, broiled",161.0,28.6,0.0,4.36,0.0
10217,"Pork, fresh, loin, sirloin (roasts), boneless, separable lean only, cooked, roasted",178.0,30.39,0.0,5.31,0.0
10218,"Pork, fresh, loin, tenderloin, separable lean and fat, raw",120.0,20.65,0.0,3.53,0.0
10219,"Pork, fresh, ground, raw",263.0,16.88,0.0,21.19,0.0
10220,"Pork, fresh, ground, cooked",297.0,25.69,0.0,20.77,0.0
10221,"Pork, fresh, loin, tenderloin, separable lean and fat, cooked, broiled",201.0,29.86,0.0,8.11,0.0
10222,"Pork, fresh, loin, tenderloin, separable lean and fat, cooked, roasted",147.0,26.04,0.0,3.96,0.0
10223,"Pork, fresh, loin, tenderloin, separable lean only, cooked, broiled",187.0,30.42,0.0,6.33,0.0
10224,"Pork, fresh, loin, top loin (roasts), boneless, separable lean and fat, raw",166.0,21.34,0.0,8.33,0.0
10225,"Pork, fresh, loin, top loin (roasts), boneless, separable lean only, raw",132.0,22.39,0.0,4.06,0.0
10226,"Pork, fresh, composite of trimmed retail cuts (loin and shoulder blade), separable lean and fat, raw",177.0,20.08,0.0,10.14,0.0
10227,"Pork, fresh, composite of trimmed retail cuts (loin and shoulder blade), separable lean and fat, cooked",235.0,26.07,0.0,13.66,0.0
10228,"Pork, fresh, composite of trimmed retail cuts (loin and shoulder blade), separable lean only, raw",144.0,21.23,0.0,5.88,0.0
10229,"Pork, fresh, composite of trimmed retail cuts (loin and shoulder blade), separable lean only, cooked",211.0,29.47,0.0,9.44,0.0
10802,"USDA Commodity, pork, cured, ham, boneless, cooked, heated",149.0,18.84,0.0,7.62,0.0
10803,"USDA Commodity, pork, ground, fine/coarse, frozen, cooked",265.0,23.55,0.0,18.19,0.0
10804,"USDA Commodity, pork, cured, ham, boneless, cooked, unheated",133.0,17.44,0.69,6.16,0.0
10805,"USDA Commodity, pork, ground, fine/coarse, frozen, raw",221.0,15.41,0.0,17.18,0.0
10851,"HORMEL, Cure 81 Ham",106.0,18.43,0.21,3.59,
10852,"HORMEL ALWAYS TENDER, Pork Tenderloin, Teriyaki-Flavored",119.0,18.2,4.63,3.07,
10853,"HORMEL ALWAYS TENDER, Pork Tenderloin, Peppercorn-Flavored",110.0,17.21,1.82,3.8,
10854,"HORMEL ALWAYS TENDER, Pork Loin Filets, Lemon Garlic-Flavored",118.0,17.83,1.79,4.16,
10855,"HORMEL ALWAYS TENDER, Center Cut Chops, Fresh Pork",167.0,18.74,0.84,9.62,
10856,"HORMEL ALWAYS TENDER, Boneless Pork Loin, Fresh Pork",145.0,19.02,0.76,7.18,
10857,HORMEL Canadian Style Bacon,122.0,16.88,1.87,4.94,
10858,"Pork, fresh, loin, top loin (chops), boneless, separable lean only, with added solution, cooked, pan-broiled",169.0,28.95,0.0,5.0,0.0
10859,"Pork, fresh, loin, top loin (chops), boneless, separable lean and fat, with added solution, cooked, pan-broiled",190.0,28.35,0.0,7.66,0.0
10860,"Pork, cured, bacon, cooked, baked",548.0,35.73,1.35,43.27,0.0
10861,"Pork, cured, bacon, cooked, microwaved",476.0,39.01,0.48,34.12,0.0
10862,"Pork, cured, bacon, pre-sliced, cooked, pan-fried",468.0,33.92,1.7,35.09,0.0
10863,"Pork, fresh, variety meats and by-products, stomach, cooked, simmered",157.0,21.4,0.09,7.26,0.0
10864,"Pork, bacon, rendered fat, cooked",898.0,0.07,0.0,99.5,0.0
10865,"Pork, cured, ham -- water added, rump, bone-in, separable lean only, heated, roasted",121.0,21.41,0.87,3.56,0.0
10866,"Pork, cured, ham -- water added, rump, bone-in, separable lean only, unheated",95.0,15.43,0.67,3.48,0.0
10867,"Pork, cured, ham -- water added, shank, bone-in, separable lean only, heated, roasted",128.0,20.92,1.2,4.43,0.0
10868,"Pork, cured, ham -- water added, slice, bone-in, separable lean only, heated, pan-broil",131.0,22.04,1.48,4.3,0.0
10869,"Pork, cured, ham and water product, slice, bone-in, separable lean only, heated, pan-broil",122.0,20.9,1.35,3.63,0.0
10870,"Pork, cured, ham and water product, slice, boneless, separable lean only, heated, pan-broil",123.0,15.09,4.69,5.06,0.0
10871,"Pork, cured, ham and water product, whole, boneless, separable lean only, heated, roasted",123.0,13.88,4.61,5.46,0.0
10872,"Pork, cured, ham and water product, whole, boneless, separable lean only, unheated",116.0,14.07,4.22,4.86,0.0
10873,"Pork, cured, ham with natural juices, rump, bone-in, separable lean only, heated, roasted",137.0,24.14,0.48,4.25,0.0
10874,"Pork, cured, ham with natural juices, shank, bone-in, separable lean only, heated, roasted",145.0,24.95,0.34,4.97,0.0
10875,"Pork, cured, ham with natural juices, slice, bone-in, separable lean only, heated, pan-broil",150.0,27.75,0.0,4.38,0.0
10876,"Pork, cured, ham with natural juices, spiral slice, meat only, boneless, separable lean only, heated, roasted",126.0,22.56,1.08,3.78,0.0
10877,"Pork, cured, ham and water product, rump, bone-in, separable lean only, heated, roasted",131.0,21.28,1.15,4.7,0.0
10878,"Pork, cured, ham -- water added, slice, boneless, separable lean only, heated, pan-broil",119.0,18.82,1.75,4.09,0.0
10879,"Pork, cured, ham -- water added, whole, boneless, separable lean only, heated, roasted",117.0,17.99,1.57,4.39,0.0
10880,"Pork, cured, ham -- water added, whole, boneless, separable lean only, unheated",110.0,17.34,1.45,3.97,0.0
10881,"Pork, cured, ham and water product, shank, bone-in, separable lean only, heated, roasted",132.0,21.69,1.26,4.45,0.0
10882,"Pork, cured, ham with natural juices, slice, boneless, separable lean only, heated, pan-broil",116.0,20.95,1.05,3.16,0.0
10883,"Pork, cured, ham with natural juices, whole, boneless, separable lean only, heated, roasted",113.0,20.57,0.84,3.01,0.0
10884,"Pork, cured, ham with natural juices, whole, boneless, separable lean only, unheated",111.0,19.44,1.03,3.21,0.0
10885,"Pork, cured, ham -- water added, shank, bone-in, separable lean only, unheated",91.0,18.65,0.71,1.87,0.0
10886,"Pork, cured, ham -- water added, slice, bone-in, separable lean only, unheated",95.0,17.38,1.23,2.29,0.0
10887,"Pork, cured, ham and water product, rump, bone-in, separable lean only, unheated",107.0,17.93,1.24,3.38,0.0
10888,"Pork, cured, ham and water product, slice, bone-in, separable lean only, unheated",103.0,14.47,2.82,3.78,0.0
10889,"Pork, cured, ham and water product, shank, bone-in, unheated, separable lean only",113.0,17.53,1.2,4.18,0.0
10890,"Pork, cured, ham with natural juices, rump, bone-in, separable lean only, unheated",122.0,22.71,0.43,3.47,0.0
10891,"Pork, cured, ham with natural juices, shank, bone-in, separable lean only, unheated",130.0,25.11,0.3,3.33,0.0
10892,"Pork, cured, ham with natural juices, slice, bone-in, separable lean only, unheated",123.0,24.34,0.0,2.87,0.0
10893,"Pork, cured, ham with natural juices, spiral slice, boneless, separable lean only, unheated",109.0,19.25,1.22,3.26,0.0
10894,"Pork, cured, ham, separable fat, boneless, heated",507.0,8.77,2.0,51.57,0.0
10895,"Pork, cured, ham, separable fat, boneless, unheated",515.0,7.5,1.87,53.0,0.0
10898,"Pork, pickled pork hocks",171.0,19.11,0.0,10.54,0.0
10899,"Pork, cured, ham, slice, bone-in, separable lean only, heated, pan-broil",148.0,27.18,0.74,4.09,0.0
10900,"Pork, cured, ham with natural juices, whole, boneless, separable lean and fat, unheated",112.0,19.38,1.02,3.43,0.0
10901,"Pork, cured, ham with natural juices, spiral slice, boneless, separable lean and fat, unheated",129.0,18.66,1.18,5.75,0.0
10902,"Pork, cured, ham with natural juices, slice, bone-in, separable lean and fat, unheated",159.0,22.82,0.17,7.4,0.0
10903,"Pork, cured, ham with natural juices, shank, bone-in, separable lean and fat, unheated",191.0,22.35,0.32,11.11,0.0
10904,"Pork, cured, ham with natural juices, rump, bone-in, separable lean and fat, unheated",200.0,19.7,0.43,13.26,0.0
10905,"Pork, cured, ham and water product, whole, boneless, separable lean and fat, unheated",117.0,14.05,4.21,4.99,0.0
10906,"Pork, cured, ham and water product, slice, bone-in, separable lean and fat, unheated",149.0,13.69,2.72,9.29,0.0
10907,"Pork, cured, ham and water product, shank, bone-in, separable lean and fat, unheated",243.0,14.28,1.42,20.0,0.0
10908,"Pork, cured, ham and water product, rump, bone-in, separable lean and fat, unheated",179.0,16.09,1.35,12.13,0.0
10909,"Pork, cured, ham -- water added, whole, boneless, separable lean and fat, unheated",121.0,17.06,1.42,5.38,0.0
10910,"Pork, cured, ham -- water added, slice, bone-in, separable lean and fat, unheated",164.0,15.73,1.1,10.77,0.0
10911,"Pork, cured, ham -- water added, shank, bone-in, separable lean and fat, unheated",167.0,16.65,0.66,11.02,0.0
10912,"Pork, cured, ham -- water added, rump, bone-in, separable lean and fat, unheated",172.0,13.99,0.8,12.5,0.0
10913,"Pork, cured, ham -- water added, rump, bone-in, separable lean and fat, heated, roasted",161.0,20.1,0.99,8.56,0.0
10914,"Pork, cured, ham -- water added, shank, bone-in, separable lean and fat, heated, roasted",200.0,18.62,1.35,13.37,0.0
10915,"Pork, cured, ham -- water added, slice, bone-in, separable lean and fat, heated, pan-broil",166.0,20.8,1.54,8.73,0.0
10916,"Pork, cured, ham -- water added, slice, boneless, separable lean and fat, heated, pan-broil",125.0,18.62,1.72,5.05,0.0
10917,"Pork, cured, ham -- water added, whole, boneless, separable lean and fat, heated, roasted",126.0,17.77,1.54,5.48,0.0
10918,"Pork, cured, ham and water product, rump, bone-in, separable lean and fat, heated, roasted",186.0,19.46,1.15,11.48,0.0
10919,"Pork, cured, ham and water product, shank, bone-in, separable lean and fat, heated, roasted",234.0,18.17,1.42,17.29,0.0
10920,"Pork, cured, ham and water product, slice, bone-in, separable lean and fat, heated, pan-broil",155.0,19.85,1.41,7.78,0.0
10921,"Pork, cured, ham and water product, slice, boneless, separable lean and fat, heated, pan-broil",124.0,15.08,4.69,5.13,0.0
10922,"Pork, cured, ham and water product, whole, boneless, separable lean and fat, heated, roasted",123.0,13.88,4.61,5.46,0.0
10923,"Pork, cured, ham with natural juices, rump, bone-in, separable lean and fat, heated, roasted",177.0,22.47,0.6,9.39,0.0
10924,"Pork, cured, ham with natural juices, shank, bone-in, separable lean and fat, heated, roasted",191.0,22.88,0.33,10.93,0.0
10925,"Pork, cured, ham with natural juices, slice, bone-in, separable lean and fat, heated, pan-broil",180.0,26.18,0.17,8.28,0.0
10926,"Pork, cured, ham with natural juices, slice, boneless, separable lean and fat, heated, pan-broil",118.0,20.89,1.04,3.4,0.0
10927,"Pork, cured, ham with natural juices, spiral slice, boneless, separable lean and fat, heated, roasted",139.0,22.18,1.06,5.1,0.0
10928,"Pork, cured, ham with natural juices, whole, boneless, separable lean and fat, heated, roasted",114.0,20.54,0.84,3.13,0.0
10929,"Pork, cured, ham, rump, bone-in, separable lean and fat, heated, roasted",177.0,23.95,0.64,8.88,0.0
10931,"Pork, cured, ham, rump, bone-in, separable lean only, heated, roasted",132.0,26.02,0.68,3.07,0.0
10932,"Pork, cured, ham, rump, bone-in, separable lean only, unheated",125.0,24.46,0.32,2.92,0.0
10933,"Pork, cured, ham, shank, bone-in, separable lean only, heated, roasted",139.0,26.49,0.68,3.68,0.0
10934,"Pork, cured, ham, shank, bone-in, separable lean only, unheated",125.0,23.79,0.18,3.19,0.0
10935,"Pork, cured, ham, shank, bone-in, separable lean and fat, heated, roasted",191.0,24.39,0.64,9.35,0.0
10936,"Pork, cured, ham, shank, bone-in, separable lean and fat, unheated",177.0,21.61,0.41,9.85,0.0
10937,"Pork, cured, ham, slice, bone-in, separable lean and fat, heated, pan-broil",181.0,25.48,0.7,8.48,0.0
10938,"Pork, cured, ham, slice, bone-in, separable lean only, unheated",130.0,24.36,0.0,3.59,0.0
10939,"Pork, cured, ham, slice, bone-in, separable lean and fat, unheated",173.0,22.45,0.21,9.17,0.0
10940,"Pork, fresh, spareribs, separable lean and fat, cooked, roasted",361.0,20.89,0.0,30.86,0.0
10942,"Pork, fresh, composite of separable fat, with added solution, raw",508.0,9.27,0.0,52.33,0.0
10943,"Pork, fresh, loin, tenderloin, separable lean only, with added solution, cooked, roasted",116.0,21.61,0.31,3.15,0.0
10944,"Pork, fresh, enhanced, loin, tenderloin, separable lean only, raw",106.0,20.39,0.0,2.09,0.0
10945,"Pork, fresh, shoulder, (Boston butt), blade (steaks), separable lean only, with added solution cooked, braised",227.0,27.58,0.0,12.14,0.0
10946,"Pork, fresh, shoulder, (Boston butt), blade (steaks), separable lean only, with added solution, raw",122.0,18.29,0.18,5.36,0.0
10947,"Pork, fresh, loin, top loin (chops), boneless, separable lean only, with added solution, cooked, broiled",170.0,29.65,0.0,5.73,0.0
10948,"Pork, fresh, loin, top loin (chops), boneless, separable lean only, with added solution, raw",117.0,21.09,0.22,3.48,0.0
10949,"Pork, fresh, loin, top loin (chops), boneless, separable lean and fat, with added solution, raw",171.0,19.45,0.0,10.26,0.0
10950,"Pork, fresh, loin, top loin (chops), boneless, separable lean and fat, with added solution, cooked, broiled",198.0,28.33,0.02,9.42,0.0
10951,"Pork, fresh, loin, tenderloin, separable lean and fat, with added solution, raw",114.0,20.16,0.0,3.14,0.0
10952,"Pork, fresh, loin, tenderloin, separable lean and fat, with added solution, cooked, roasted",121.0,21.5,0.31,3.7,0.0
10953,"Pork, fresh, shoulder, (Boston butt), blade (steaks), separable lean and fat,with added solution, raw",169.0,17.19,0.16,11.12,0.0
10954,"Pork, fresh, shoulder, (Boston butt), blade (steaks), separable lean and fat, with added solution, cooked, braised",263.0,25.84,0.03,16.94,0.0
10955,"Pork, cured, ham, rump, bone-in, separable lean and fat, unheated",176.0,22.27,0.52,9.38,0.0
10956,"Pork, loin, leg cap steak, boneless, separable lean and fat, cooked, broiled",158.0,27.57,0.0,4.41,0.0
10957,"Pork, Leg Cap Steak, boneless, separable lean and fat, raw",123.0,21.64,0.0,3.39,0.0
10958,"Pork, Shoulder breast, boneless, separable lean and fat, raw",127.0,22.54,0.0,3.4,0.0
10959,"Pork, Shoulder breast, boneless, separable lean and fat, cooked, broiled",162.0,28.47,0.0,4.49,0.0
10960,"Pork, shoulder, petite tender, boneless, separable lean and fat, cooked, broiled",155.0,27.47,0.0,4.23,0.0
10961,"Pork, Shoulder petite tender, boneless, separable lean and fat, raw",128.0,21.65,0.0,3.91,0.0
10962,"Pork, Leg sirloin tip roast, boneless, separable lean and fat, cooked, braised",156.0,31.11,0.0,2.56,0.0
10963,"Pork, Leg sirloin tip roast, boneless, separable lean and fat, raw",113.0,22.88,0.0,1.71,0.0
10972,"Pork, ground, 84% lean / 16% fat, raw",218.0,17.99,0.44,16.0,0.0
10973,"Pork, ground, 96% lean / 4% fat, raw",121.0,21.1,0.21,4.0,0.0
10974,"Pork, ground, 72% lean / 28% fat, cooked, crumbles",393.0,22.83,1.39,32.93,0.0
10975,"Pork, ground, 84% lean / 16% fat, cooked, crumbles",289.0,26.69,0.58,20.04,0.0
10976,"Pork, ground, 96% lean / 4% fat, cooked, crumbles",187.0,30.55,0.0,7.15,0.0
10977,"Pork, ground, 72% lean / 28% fat, cooked, pan-broiled",377.0,22.59,1.08,31.42,0.0
10978,"Pork, ground, 84% lean / 16% fat, cooked, pan-broiled",301.0,27.14,0.0,21.39,0.0
10979,"Pork, ground, 96% lean / 4% fat, cooked, pan-broiled",185.0,31.69,0.57,6.2,0.0
10980,"Pork loin, fresh, backribs, bone-in, raw, lean only",172.0,20.85,0.0,9.84,0.0
10981,"Pork loin, fresh, backribs, bone-in, cooked-roasted, lean only",255.0,24.15,0.0,17.65,0.0
10982,"Pork, fresh, loin, blade (chops or roasts), boneless, separable lean only, raw",123.0,21.35,0.82,3.78,0.0
10983,"Pork, fresh, loin, blade (roasts), boneless, separable lean only, cooked, roasted",175.0,27.58,0.0,7.14,0.0
10984,"Pork, fresh, loin, blade (chops), boneless, separable lean only, boneless, cooked, broiled",169.0,26.14,0.89,6.74,0.0
10985,"Pork, fresh, loin, country-style ribs, separable lean only, boneless, cooked, broiled",216.0,27.83,0.0,11.65,0.0
10986,"Pork, fresh, loin, country-style ribs, separable lean only, bone-in, cooked, broiled",216.0,27.83,0.0,11.65,0.0
10987,"Pork, fresh, loin, country-style ribs, separable lean only, boneless, cooked, roasted",219.0,29.2,0.0,11.38,0.0
10988,"Pork, fresh, blade, (chops), boneless, separable lean and fat, cooked, broiled",202.0,24.73,0.83,11.13,0.0
10989,"Pork, fresh, loin, blade (chops or roasts), boneless, separable lean and fat only, raw",157.0,20.54,0.76,7.94,0.0
10990,"Pork, fresh, loin, blade (roasts), boneless, separable lean and fat, cooked, roasted",199.0,26.48,0.0,10.32,0.0
10991,"Pork, fresh, loin, country-style ribs, separable lean and fat, boneless, cooked, broiled",247.0,26.28,0.0,15.73,0.0
10992,"Pork, fresh, loin, country-style ribs, separable lean and fat, bone-in, cooked, broiled",260.0,25.58,0.0,17.56,0.0
10993,"Pork, fresh, loin, country-style ribs, separable lean and fat, boneless, cooked, roasted",270.0,26.4,0.0,18.31,0.0
10994,"Bacon, pre-sliced, reduced/low sodium, unprepared",407.0,12.53,0.83,39.27,0.0
10998,"Canadian bacon, cooked, pan-fried",146.0,28.31,1.8,2.78,0.0
11001,"Alfalfa seeds, sprouted, raw",23.0,3.99,2.1,0.69,1.9
11003,"Amaranth leaves, raw",23.0,2.46,4.02,0.33,
11004,"Amaranth leaves, cooked, boiled, drained, without salt",21.0,2.11,4.11,0.18,
11005,"Arrowhead, raw",99.0,5.33,20.23,0.29,
11006,"Arrowhead, cooked, boiled, drained, without salt",78.0,4.49,16.14,0.1,
11007,"Artichokes, (globe or french), raw",47.0,3.27,10.51,0.15,5.4
11008,"Artichokes, (globe or french), cooked, boiled, drained, without salt",53.0,2.89,11.95,0.34,5.7
11009,"Artichokes, (globe or french), frozen, unprepared",38.0,2.63,7.75,0.43,3.9
11010,"Artichokes, (globe or french), frozen, cooked, boiled, drained, without salt",45.0,3.11,9.18,0.5,4.6
11011,"Asparagus, raw",20.0,2.2,3.88,0.12,2.1
11012,"Asparagus, cooked, boiled, drained",22.0,2.4,4.11,0.22,2.0
11013,"Asparagus, canned, regular pack, solids and liquids",15.0,1.8,2.48,0.18,1.0
11015,"Asparagus, canned, drained solids",19.0,2.14,2.46,0.65,1.6
11018,"Asparagus, frozen, unprepared",24.0,3.23,4.1,0.23,1.9
11019,"Asparagus, frozen, cooked, boiled, drained, without salt",18.0,2.95,1.92,0.42,1.6
11022,"Balsam-pear (bitter gourd), leafy tips, raw",30.0,5.3,3.29,0.69,
11023,"Balsam-pear (bitter gourd), leafy tips, cooked, boiled, drained, without salt",34.0,3.6,6.68,0.2,1.9
11024,"Balsam-pear (bitter gourd), pods, raw",17.0,1.0,3.7,0.17,2.8
11025,"Balsam-pear (bitter gourd), pods, cooked, boiled, drained, without salt",19.0,0.84,4.32,0.18,2.0
11026,"Bamboo shoots, raw",27.0,2.6,5.2,0.3,2.2
11027,"Bamboo shoots, cooked, boiled, drained, without salt",12.0,1.53,1.92,0.22,1.0
11028,"Bamboo shoots, canned, drained solids",19.0,1.72,3.22,0.4,1.4
11029,"Beans, kidney, mature seeds, sprouted, raw",29.0,4.2,4.1,0.5,
11030,"Beans, kidney, mature seeds, sprouted, cooked, boiled, drained, without salt",33.0,4.83,4.72,0.58,
11031,"Lima beans, immature seeds, raw",113.0,6.84,20.17,0.86,4.9
11032,"Lima beans, immature seeds, cooked, boiled, drained, without salt",123.0,6.81,23.64,0.32,5.4
11033,"Lima beans, immature seeds, canned, regular pack, solids and liquids",71.0,4.07,13.33,0.29,3.6
11037,"Lima beans, immature seeds, frozen, fordhook, unprepared",106.0,6.4,19.83,0.35,5.5
11038,"Lima beans, immature seeds, frozen, fordhook, cooked, boiled, drained, without salt",103.0,6.07,19.32,0.34,5.3
11039,"Lima beans, immature seeds, frozen, baby, unprepared",132.0,7.59,25.14,0.44,6.0
11040,"Lima beans, immature seeds, frozen, baby, cooked, boiled, drained, without salt",105.0,6.65,19.45,0.3,4.8
11043,"Mung beans, mature seeds, sprouted, raw",30.0,3.04,5.94,0.18,1.8
11044,"Mung beans, mature seeds, sprouted, cooked, boiled, drained, without salt",21.0,2.03,4.19,0.09,0.8
11045,"Mung beans, mature seeds, sprouted, cooked, stir-fried",50.0,4.3,10.59,0.21,1.9
11046,"Beans, navy, mature seeds, sprouted, raw",67.0,6.15,13.05,0.7,
11047,"Beans, navy, mature seeds, sprouted, cooked, boiled, drained, without salt",78.0,7.07,15.01,0.81,
11048,"Beans, pinto, immature seeds, frozen, unprepared",170.0,9.8,32.5,0.5,5.7
11049,"Beans, pinto, immature seeds, frozen, cooked, boiled, drained, without salt",162.0,9.31,30.87,0.48,5.4
11050,"Beans, shellie, canned, solids and liquids",30.0,1.76,6.19,0.19,3.4
11052,"Beans, snap, green, raw",31.0,1.83,6.97,0.22,2.7
11053,"Beans, snap, green, cooked, boiled, drained, without salt",35.0,1.89,7.88,0.28,3.2
11054,"Beans, snap, green, canned, regular pack, solids and liquids",15.0,0.72,3.27,0.17,1.5
11056,"Beans, snap, green, canned, regular pack, drained solids",22.0,1.12,4.32,0.46,1.9
11058,"Beans, snap, canned, all styles, seasoned, solids and liquids",16.0,0.83,3.49,0.2,1.5
11060,"Beans, snap, green, frozen, all styles, unprepared",39.0,1.79,7.54,0.21,2.6
11061,"Beans, snap, green, frozen, cooked, boiled, drained without salt",28.0,1.49,6.45,0.17,3.0
11062,"Beans, snap, green, frozen, all styles, microwaved",40.0,1.98,6.98,0.41,3.4
11063,"Beans, snap, green, microwaved",39.0,2.31,6.41,0.5,3.4
11080,"Beets, raw",43.0,1.61,9.56,0.17,2.8
11081,"Beets, cooked, boiled, drained",44.0,1.68,9.96,0.18,2.0
11082,"Beets, canned, regular pack, solids and liquids",30.0,0.73,7.14,0.09,1.2
11084,"Beets, canned, drained solids",31.0,0.91,7.21,0.14,1.8
11086,"Beet greens, raw",22.0,2.2,4.33,0.13,3.7
11087,"Beet greens, cooked, boiled, drained, without salt",27.0,2.57,5.46,0.2,2.9
11088,"Broadbeans, immature seeds, raw",72.0,5.6,11.7,0.6,4.2
11089,"Broadbeans, immature seeds, cooked, boiled, drained, without salt",62.0,4.8,10.1,0.5,3.6
11090,"Broccoli, raw",34.0,2.82,6.64,0.37,2.6
11091,"Broccoli, cooked, boiled, drained, without salt",35.0,2.38,7.18,0.41,3.3
11092,"Broccoli, frozen, chopped, unprepared",26.0,2.81,4.78,0.29,3.0
11093,"Broccoli, frozen, chopped, cooked, boiled, drained, without salt",28.0,3.1,5.35,0.12,3.0
11094,"Broccoli, frozen, spears, unprepared",29.0,3.06,5.35,0.34,3.0
11095,"Broccoli, frozen, spears, cooked, boiled, drained, without salt",28.0,3.1,5.36,0.11,3.0
11096,"Broccoli raab, raw",22.0,3.17,2.85,0.49,2.7
11097,"Broccoli raab, cooked",33.0,3.83,3.12,0.52,2.8
11098,"Brussels sprouts, raw",43.0,3.38,8.95,0.3,3.8
11099,"Brussels sprouts, cooked, boiled, drained, without salt",36.0,2.55,7.1,0.5,2.6
11100,"Brussels sprouts, frozen, unprepared",41.0,3.78,7.86,0.41,3.8
11101,"Brussels sprouts, frozen, cooked, boiled, drained, without salt",42.0,3.64,8.32,0.39,4.1
11104,"Burdock root, raw",72.0,1.53,17.34,0.15,3.3
11105,"Burdock root, cooked, boiled, drained, without salt",88.0,2.09,21.15,0.14,1.8
11106,"Butterbur, (fuki), raw",14.0,0.39,3.61,0.04,
11107,"Butterbur, cooked, boiled, drained, without salt",8.0,0.23,2.16,0.02,
11108,"Butterbur, canned",3.0,0.11,0.38,0.13,
11109,"Cabbage, raw",25.0,1.28,5.8,0.1,2.5
11110,"Cabbage, cooked, boiled, drained, without salt",23.0,1.27,5.51,0.06,1.9
11112,"Cabbage, red, raw",31.0,1.43,7.37,0.16,2.1
11113,"Cabbage, red, cooked, boiled, drained, without salt",29.0,1.51,6.94,0.09,2.6
11114,"Cabbage, savoy, raw",27.0,2.0,6.1,0.1,3.1
11115,"Cabbage, savoy, cooked, boiled, drained, without salt",24.0,1.8,5.41,0.09,2.8
11116,"Cabbage, chinese (pak-choi), raw",13.0,1.5,2.18,0.2,1.0
11117,"Cabbage, chinese (pak-choi), cooked, boiled, drained, without salt",12.0,1.56,1.78,0.16,1.0
11118,"Cabbage, kimchi",15.0,1.1,2.4,0.5,1.6
11119,"Cabbage, chinese (pe-tsai), raw",16.0,1.2,3.23,0.2,1.2
11120,"Cabbage, chinese (pe-tsai), cooked, boiled, drained, without salt",14.0,1.5,2.41,0.17,1.7
11122,"Cardoon, raw",17.0,0.7,4.07,0.1,1.6
11123,"Cardoon, cooked, boiled, drained, without salt",22.0,0.76,5.33,0.11,1.7
11124,"Carrots, raw",41.0,0.93,9.58,0.24,2.8
11125,"Carrots, cooked, boiled, drained, without salt",35.0,0.76,8.22,0.18,3.0
11126,"Carrots, canned, regular pack, solids and liquids",23.0,0.58,5.37,0.14,1.8
11128,"Carrots, canned, regular pack, drained solids",25.0,0.64,5.54,0.19,1.5
11130,"Carrots, frozen, unprepared",36.0,0.78,7.9,0.46,3.3
11131,"Carrots, frozen, cooked, boiled, drained, without salt",37.0,0.58,7.73,0.68,3.3
11134,"Cassava, raw",160.0,1.36,38.06,0.28,1.8
11135,"Cauliflower, raw",25.0,1.92,4.97,0.28,2.0
11136,"Cauliflower, cooked, boiled, drained, without salt",23.0,1.84,4.11,0.45,2.3
11137,"Cauliflower, frozen, unprepared",24.0,2.01,4.68,0.27,2.3
11138,"Cauliflower, frozen, cooked, boiled, drained, without salt",19.0,1.61,3.75,0.22,2.7
11141,"Celeriac, raw",42.0,1.5,9.2,0.3,1.8
11142,"Celeriac, cooked, boiled, drained, without salt",27.0,0.96,5.9,0.19,1.2
11143,"Celery, raw",16.0,0.69,2.97,0.17,1.6
11144,"Celery, cooked, boiled, drained, without salt",18.0,0.83,4.0,0.16,1.6
11145,"Celtuce, raw",18.0,0.85,3.65,0.3,1.7
11147,"Chard, swiss, raw",19.0,1.8,3.74,0.2,1.6
11148,"Chard, swiss, cooked, boiled, drained, without salt",20.0,1.88,4.13,0.08,2.1
11149,"Chayote, fruit, raw",19.0,0.82,4.51,0.13,1.7
11150,"Chayote, fruit, cooked, boiled, drained, without salt",24.0,0.62,5.09,0.48,2.8
11151,"Chicory, witloof, raw",17.0,0.9,4.0,0.1,3.1
11152,"Chicory greens, raw",23.0,1.7,4.7,0.3,4.0
11154,"Chicory roots, raw",72.0,1.4,17.51,0.2,1.5
11156,"Chives, raw",30.0,3.27,4.35,0.73,2.5
11157,"Chrysanthemum, garland, raw",24.0,3.36,3.02,0.56,3.0
11158,"Chrysanthemum, garland, cooked, boiled, drained, without salt",20.0,1.64,4.31,0.09,2.3
11161,"Collards, raw",32.0,3.02,5.42,0.61,4.0
11162,"Collards, cooked, boiled, drained, without salt",33.0,2.71,5.65,0.72,4.0
11163,"Collards, frozen, chopped, unprepared",33.0,2.69,6.46,0.37,3.6
11164,"Collards, frozen, chopped, cooked, boiled, drained, without salt",36.0,2.97,7.1,0.41,2.8
11165,"Coriander (cilantro) leaves, raw",23.0,2.13,3.67,0.52,2.8
11167,"Corn, sweet, yellow, raw",86.0,3.27,18.7,1.35,2.0
11168,"Corn, sweet, yellow, cooked, boiled, drained, without salt",96.0,3.41,20.98,1.5,2.4
11170,"Corn, sweet, yellow, canned, brine pack, regular pack, solids and liquids",61.0,1.95,13.86,0.77,1.7
11172,"Corn, sweet, yellow, canned, whole kernel, drained solids",67.0,2.29,14.34,1.22,2.0
11174,"Corn, sweet, yellow, canned, cream style, regular pack",72.0,1.74,18.13,0.42,1.2
11176,"Corn, sweet, yellow, canned, vacuum pack, regular pack",79.0,2.41,19.44,0.5,2.0
11177,"Corn, sweet, yellow, canned, drained solids, rinsed with tap water",74.0,2.18,13.02,1.43,1.7
11178,"Corn, sweet, yellow, frozen, kernels cut off cob, unprepared",88.0,3.02,20.71,0.78,2.1
11179,"Corn, sweet, yellow, frozen, kernels cut off cob, boiled, drained, without salt",81.0,2.55,19.3,0.67,2.4
11180,"Corn, sweet, yellow, frozen, kernels on cob, unprepared",98.0,3.28,23.5,0.78,2.8
11181,"Corn, sweet, yellow, frozen, kernels on cob, cooked, boiled, drained, without salt",94.0,3.11,22.33,0.74,2.8
11182,"Corn, yellow, whole kernel, frozen, microwaved",131.0,3.62,25.87,1.42,2.6
11184,"Corn with red and green peppers, canned, solids and liquids",75.0,2.33,18.17,0.55,
11190,"Cornsalad, raw",21.0,2.0,3.6,0.4,
11191,"Cowpeas (blackeyes), immature seeds, raw",90.0,2.95,18.83,0.35,5.0
11192,"Cowpeas (blackeyes), immature seeds, cooked, boiled, drained, without salt",97.0,3.17,20.32,0.38,5.0
11195,"Cowpeas (blackeyes), immature seeds, frozen, unprepared",139.0,8.98,25.13,0.7,5.0
11196,"Cowpeas (blackeyes), immature seeds, frozen, cooked, boiled, drained, without salt",132.0,8.49,23.76,0.66,6.4
11197,"Cowpeas, young pods with seeds, raw",44.0,3.3,9.5,0.3,3.3
11198,"Cowpeas, young pods with seeds, cooked, boiled, drained, without salt",34.0,2.6,7.0,0.3,
11199,"Yardlong bean, raw",47.0,2.8,8.35,0.4,
11200,"Yardlong bean, cooked, boiled, drained, without salt",47.0,2.53,9.18,0.1,
11201,"Cowpeas, leafy tips, raw",29.0,4.1,4.82,0.25,
11202,"Cowpeas, leafy tips, cooked, boiled, drained, without salt",22.0,4.67,2.8,0.1,
11203,"Cress, garden, raw",32.0,2.6,5.5,0.7,1.1
11204,"Cress, garden, cooked, boiled, drained, without salt",23.0,1.9,3.8,0.6,0.7
11205,"Cucumber, with peel, raw",15.0,0.65,3.63,0.11,0.5
11206,"Cucumber, peeled, raw",12.0,0.59,2.16,0.16,0.7
11207,"Dandelion greens, raw",45.0,2.7,9.2,0.7,3.5
11208,"Dandelion greens, cooked, boiled, drained, without salt",33.0,2.0,6.4,0.6,2.9
11209,"Eggplant, raw",25.0,0.98,5.88,0.18,3.0
11210,"Eggplant, cooked, boiled, drained, without salt",35.0,0.83,8.73,0.23,2.5
11211,"Edamame, frozen, unprepared",109.0,11.22,7.61,4.73,4.8
11212,"Edamame, frozen, prepared",121.0,11.91,8.91,5.2,5.2
11213,"Endive, raw",17.0,1.25,3.35,0.2,3.1
11214,"Escarole, cooked, boiled, drained, no salt added",19.0,1.15,3.07,0.18,2.8
11215,"Garlic, raw",149.0,6.36,33.06,0.5,2.1
11216,"Ginger root, raw",80.0,1.82,17.77,0.75,2.0
11218,"Gourd, white-flowered (calabash), raw",14.0,0.62,3.39,0.02,0.5
11219,"Gourd, white-flowered (calabash), cooked, boiled, drained, without salt",15.0,0.6,3.69,0.02,1.2
11220,"Gourd, dishcloth (towelgourd), raw",20.0,1.2,4.35,0.2,1.1
11221,"Gourd, dishcloth (towelgourd), cooked, boiled, drained, without salt",56.0,0.66,14.34,0.34,2.9
11222,"Drumstick leaves, raw",64.0,9.4,8.28,1.4,2.0
11223,"Drumstick leaves, cooked, boiled, drained, without salt",60.0,5.27,11.15,0.93,2.0
11224,"Hyacinth-beans, immature seeds, raw",46.0,2.1,9.19,0.2,3.3
11225,"Hyacinth-beans, immature seeds, cooked, boiled, drained, without salt",50.0,2.95,9.2,0.27,
11226,"Jerusalem-artichokes, raw",73.0,2.0,17.44,0.01,1.6
11228,"Jew's ear, (pepeao), raw",25.0,0.48,6.75,0.04,
11230,"Pepeao, dried",298.0,4.82,81.03,0.44,
11231,"Jute, potherb, raw",34.0,4.65,5.8,0.25,
11232,"Jute, potherb, cooked, boiled, drained, without salt",37.0,3.68,7.29,0.2,2.0
11233,"Kale, raw",49.0,4.28,8.75,0.93,3.6
11234,"Kale, cooked, boiled, drained, without salt",28.0,1.9,5.63,0.4,2.0
11235,"Kale, frozen, unprepared",28.0,2.66,4.9,0.46,2.0
11236,"Kale, frozen, cooked, boiled, drained, without salt",30.0,2.84,5.23,0.49,2.0
11237,"Kanpyo, (dried gourd strips)",258.0,8.58,65.03,0.56,9.8
11238,"Mushrooms, shiitake, raw",34.0,2.24,6.79,0.49,2.5
11239,"Mushrooms, Chanterelle, raw",38.0,1.49,6.86,0.53,3.8
11240,"Mushrooms, morel, raw",31.0,3.12,5.1,0.57,2.8
11241,"Kohlrabi, raw",27.0,1.7,6.2,0.1,3.6
11242,"Kohlrabi, cooked, boiled, drained, without salt",29.0,1.8,6.69,0.11,1.1
11243,"Mushrooms, portabella, grilled",29.0,3.28,4.44,0.58,2.2
11244,"Lambsquarters, raw",43.0,4.2,7.3,0.8,4.0
11245,"Lambsquarters, cooked, boiled, drained, without salt",32.0,3.2,5.0,0.7,2.1
11246,"Leeks, (bulb and lower leaf-portion), raw",61.0,1.5,14.15,0.3,1.8
11247,"Leeks, (bulb and lower leaf-portion), cooked, boiled, drained, without salt",31.0,0.81,7.62,0.2,1.0
11248,"Lentils, sprouted, raw",106.0,8.96,22.14,0.55,
11249,"Lentils, sprouted, cooked, stir-fried, without salt",101.0,8.8,21.25,0.45,
11250,"Lettuce, butterhead (includes boston and bibb types), raw",13.0,1.35,2.23,0.22,1.1
11251,"Lettuce, cos or romaine, raw",17.0,1.23,3.29,0.3,2.1
11252,"Lettuce, iceberg (includes crisphead types), raw",14.0,0.9,2.97,0.14,1.2
11253,"Lettuce, green leaf, raw",15.0,1.36,2.87,0.15,1.3
11254,"Lotus root, raw",74.0,2.6,17.23,0.1,4.9
11255,"Lotus root, cooked, boiled, drained, without salt",66.0,1.58,16.02,0.07,3.1
11257,"Lettuce, red leaf, raw",16.0,1.33,2.26,0.22,0.9
11258,"Mountain yam, hawaii, raw",67.0,1.34,16.3,0.1,2.5
11259,"Mountain yam, hawaii, cooked, steamed, without salt",82.0,1.73,20.0,0.08,
11260,"Mushrooms, white, raw",22.0,3.09,3.26,0.34,1.0
11261,"Mushrooms, white, cooked, boiled, drained, without salt",28.0,2.17,5.29,0.47,2.2
11263,"Mushrooms, white, stir-fried",26.0,3.58,4.04,0.33,1.8
11264,"Mushrooms, canned, drained solids",25.0,1.87,5.09,0.29,2.4
11265,"Mushrooms, portabella, raw",22.0,2.11,3.87,0.35,1.3
11266,"Mushrooms, brown, italian, or crimini, raw",22.0,2.5,4.3,0.1,0.6
11267,"Mushrooms, shiitake, stir-fried",39.0,3.45,7.68,0.35,3.6
11268,"Mushrooms, shiitake, dried",296.0,9.58,75.37,0.99,11.5
11269,"Mushrooms, shiitake, cooked, without salt",56.0,1.56,14.39,0.22,2.1
11270,"Mustard greens, raw",27.0,2.86,4.67,0.42,3.2
11271,"Mustard greens, cooked, boiled, drained, without salt",26.0,2.56,4.51,0.47,2.0
11272,"Mustard greens, frozen, unprepared",20.0,2.49,3.41,0.27,3.3
11273,"Mustard greens, frozen, cooked, boiled, drained, without salt",19.0,2.27,3.11,0.25,2.8
11274,"Mustard spinach, (tendergreen), raw",22.0,2.2,3.9,0.3,2.8
11275,"Mustard spinach, (tendergreen), cooked, boiled, drained, without salt",16.0,1.7,2.8,0.2,2.0
11276,"New Zealand spinach, raw",14.0,1.5,2.5,0.2,1.5
11277,"New Zealand spinach, cooked, boiled, drained, without salt",12.0,1.3,2.13,0.17,1.4
11278,"Okra, raw",33.0,1.93,7.45,0.19,3.2
11279,"Okra, cooked, boiled, drained, without salt",22.0,1.87,4.51,0.21,2.5
11280,"Okra, frozen, unprepared",30.0,1.69,6.63,0.25,2.2
11281,"Okra, frozen, cooked, boiled, drained, without salt",29.0,1.63,6.41,0.24,2.1
11282,"Onions, raw",40.0,1.1,9.34,0.1,1.7
11283,"Onions, cooked, boiled, drained, without salt",44.0,1.36,10.15,0.19,1.4
11284,"Onions, dehydrated flakes",349.0,8.95,83.28,0.46,9.2
11285,"Onions, canned, solids and liquids",19.0,0.85,4.02,0.09,1.2
11286,"Onions, yellow, sauteed",132.0,0.95,7.86,10.8,1.7
11287,"Onions, frozen, chopped, unprepared",29.0,0.79,6.82,0.1,1.8
11288,"Onions, frozen, chopped, cooked, boiled, drained, without salt",28.0,0.77,6.59,0.1,1.8
11289,"Onions, frozen, whole, unprepared",35.0,0.89,8.45,0.06,1.7
11290,"Onions, frozen, whole, cooked, boiled, drained, without salt",28.0,0.71,6.7,0.05,1.4
11291,"Onions, spring or scallions (includes tops and bulb), raw",32.0,1.83,7.34,0.19,2.6
11292,"Onions, young green, tops only",27.0,0.97,5.74,0.47,1.8
11293,"Onions, welsh, raw",34.0,1.9,6.5,0.4,2.4
11294,"Onions, sweet, raw",32.0,0.8,7.55,0.08,0.9
11295,"Onion rings, breaded, par fried, frozen, unprepared",258.0,3.15,30.53,14.1,1.8
11296,"Onion rings, breaded, par fried, frozen, prepared, heated in oven",276.0,4.14,33.79,14.3,2.2
11297,"Parsley, fresh",36.0,2.97,6.33,0.79,3.3
11298,"Parsnips, raw",75.0,1.2,17.99,0.3,4.9
11299,"Parsnips, cooked, boiled, drained, without salt",71.0,1.32,17.01,0.3,3.6
11300,"Peas, edible-podded, raw",42.0,2.8,7.55,0.2,2.6
11301,"Peas, edible-podded, boiled, drained, without salt",42.0,3.27,7.05,0.23,2.8
11302,"Peas, edible-podded, frozen, unprepared",42.0,2.8,7.2,0.3,3.1
11303,"Peas, edible-podded, frozen, cooked, boiled, drained, without salt",52.0,3.5,9.02,0.38,3.1
11304,"Peas, green, raw",81.0,5.42,14.45,0.4,5.7
11305,"Peas, green, cooked, boiled, drained, without salt",84.0,5.36,15.63,0.22,5.5
11306,"Peas, green, canned, regular pack, solids and liquids",58.0,3.01,10.6,0.48,3.3
11308,"Peas, green (includes baby and lesuer types), canned, drained solids, unprepared",68.0,4.47,11.36,0.8,4.9
11310,"Peas, green, canned, seasoned, solids and liquids",50.0,3.09,9.25,0.27,2.0
11311,"Peas, green, canned, drained solids, rinsed in tap water",71.0,4.33,11.82,0.95,
11312,"Peas, green, frozen, unprepared",77.0,5.22,13.62,0.4,4.5
11313,"Peas, green, frozen, cooked, boiled, drained, without salt",78.0,5.15,14.26,0.27,4.5
11316,"Peas, mature seeds, sprouted, raw",124.0,8.8,27.11,0.68,
11317,"Peas, mature seeds, sprouted, cooked, boiled, drained, without salt",98.0,7.05,17.08,0.51,
11318,"Peas and carrots, canned, regular pack, solids and liquids",38.0,2.17,8.48,0.27,2.0
11322,"Peas and carrots, frozen, unprepared",53.0,3.4,11.15,0.47,3.4
11323,"Peas and carrots, frozen, cooked, boiled, drained, without salt",48.0,3.09,10.12,0.42,3.1
11324,"Peas and onions, canned, solids and liquids",51.0,3.28,8.57,0.38,2.3
11326,"Peas and onions, frozen, unprepared",70.0,3.98,13.51,0.32,3.5
11327,"Peas and onions, frozen, cooked, boiled, drained, without salt",45.0,2.54,8.63,0.2,2.2
11329,"Peppers, hot chili, green, canned, pods, excluding seeds, solids and liquids",21.0,0.9,5.1,0.1,1.3
11333,"Peppers, sweet, green, raw",20.0,0.86,4.64,0.17,1.7
11334,"Peppers, sweet, green, cooked, boiled, drained, without salt",28.0,0.92,6.7,0.2,1.2
11335,"Peppers, sweet, green, canned, solids and liquids",18.0,0.8,3.9,0.3,1.2
11337,"Peppers, sweet, green, frozen, chopped, unprepared",20.0,1.08,4.45,0.21,1.6
11338,"Peppers, sweet, green, frozen, chopped, boiled, drained, without salt",18.0,0.95,3.9,0.18,0.9
11339,"Peppers, sweet, green, sauteed",127.0,0.78,4.22,11.85,1.8
11344,"Pigeonpeas, immature seeds, raw",136.0,7.2,23.88,1.64,5.1
11345,"Pigeonpeas, immature seeds, cooked, boiled, drained, without salt",111.0,5.96,19.49,1.36,4.2
11349,Poi,112.0,0.38,27.23,0.14,0.4
11350,"Pokeberry shoots, (poke), raw",23.0,2.6,3.7,0.4,1.7
11351,"Pokeberry shoots, (poke), cooked, boiled, drained, without salt",20.0,2.3,3.1,0.4,1.5
11352,"Potatoes, flesh and skin, raw",77.0,2.05,17.49,0.09,2.1
11353,"Potatoes, russet, flesh and skin, raw",79.0,2.14,18.07,0.08,1.3
11354,"Potatoes, white, flesh and skin, raw",69.0,1.68,15.71,0.1,2.4
11355,"Potatoes, red, flesh and skin, raw",70.0,1.89,15.9,0.14,1.7
11356,"Potatoes, Russet, flesh and skin, baked",97.0,2.63,21.44,0.13,2.3
11357,"Potatoes, white, flesh and skin, baked",94.0,2.1,21.08,0.15,2.1
11358,"Potatoes, red, flesh and skin, baked",89.0,2.3,19.59,0.15,1.8
11359,"Potatoes, french fried, crinkle or regular cut, salt added in processing, frozen, as purchased",150.0,2.34,23.96,4.99,2.0
11360,"Potatoes, french fried, crinkle or regular cut, salt added in processing, frozen, oven-heated",166.0,2.51,27.5,5.13,2.3
11361,"Potatoes, roasted, salt added in processing, frozen, unprepared",130.0,2.22,26.15,1.81,2.6
11362,"Potatoes, raw, skin",58.0,2.57,12.44,0.1,2.5
11363,"Potatoes, baked, flesh, without salt",93.0,1.96,21.55,0.1,1.5
11364,"Potatoes, baked, skin, without salt",198.0,4.29,46.06,0.1,7.9
11365,"Potatoes, boiled, cooked in skin, flesh, without salt",87.0,1.87,20.13,0.1,1.8
11366,"Potatoes, boiled, cooked in skin, skin, without salt",78.0,2.86,17.21,0.1,3.3
11367,"Potatoes, boiled, cooked without skin, flesh, without salt",86.0,1.71,20.01,0.1,1.8
11368,"Potatoes, microwaved, cooked in skin, flesh, without salt",100.0,2.1,23.28,0.1,1.6
11369,"Potatoes, microwaved, cooked in skin, skin, without salt",132.0,4.39,29.63,0.1,5.5
11370,"Potatoes, hash brown, home-prepared",265.0,3.0,35.11,12.52,3.2
11371,"Potatoes, mashed, home-prepared, whole milk and margarine added",113.0,1.96,16.94,4.2,1.5
11372,"Potatoes, scalloped, home-prepared with butter",88.0,2.87,10.78,3.68,1.9
11373,"Potatoes, au gratin, home-prepared from recipe using butter",132.0,5.06,11.27,7.59,1.8
11374,"Potatoes, canned, solids and liquids",44.0,1.2,9.89,0.11,1.4
11376,"Potatoes, canned, drained solids",60.0,1.41,13.61,0.21,2.3
11378,"Potatoes, mashed, dehydrated, flakes without milk, dry form",354.0,8.34,81.17,0.41,6.6
11379,"Potatoes, mashed, dehydrated, prepared from flakes without milk, whole milk and butter added",97.0,1.77,10.87,5.13,0.8
11380,"Potatoes, mashed, dehydrated, granules without milk, dry form",372.0,8.22,85.51,0.54,7.1
11381,"Potatoes, mashed, dehydrated, prepared from granules without milk, whole milk and butter added",108.0,2.05,14.36,4.96,2.2
11382,"Potatoes, mashed, dehydrated, granules with milk, dry form",357.0,10.9,77.7,1.1,6.6
11383,"Potatoes, mashed, dehydrated, prepared from granules with milk, water and margarine added",116.0,2.13,16.13,4.8,1.3
11384,"Potatoes, au gratin, dry mix, unprepared",314.0,8.9,74.31,3.7,4.1
11385,"Potatoes, au gratin, dry mix, prepared with water, whole milk and butter",93.0,2.3,12.84,4.12,0.9
11386,"Potatoes, scalloped, dry mix, unprepared",358.0,7.77,73.93,4.59,8.6
11387,"Potatoes, scalloped, dry mix, prepared with water, whole milk and butter",93.0,2.12,12.77,4.3,1.1
11390,"Potatoes, hash brown, frozen, plain, unprepared",82.0,2.06,17.72,0.62,1.4
11391,"Potatoes, hash brown, frozen, plain, prepared, pan fried in canola oil",219.0,2.65,28.51,11.59,3.2
11392,"Potatoes, hash brown, frozen, with butter sauce, unprepared",135.0,1.87,18.28,6.66,2.9
11393,"Potatoes, hash brown, frozen, with butter sauce, prepared",178.0,2.46,24.13,8.79,3.8
11394,"Potatoes, french fried, shoestring, salt added in processing, frozen, as purchased",167.0,2.16,25.59,6.24,2.3
11395,"Potatoes, french fried, shoestring, salt added in processing, frozen, oven-heated",199.0,2.9,31.66,6.76,2.8
11396,"Potatoes, o'brien, frozen, unprepared",76.0,1.83,17.47,0.14,1.9
11397,"Potatoes, o'brien, frozen, prepared",204.0,2.22,21.86,13.21,1.7
11398,"Potato puffs, frozen, unprepared",178.0,1.93,24.8,8.71,2.3
11399,"Potato puffs, frozen, oven-heated",192.0,2.13,27.29,9.05,2.0
11400,"Potatoes, frozen, whole, unprepared",78.0,2.38,17.47,0.16,1.2
11401,"Potatoes, frozen, whole, cooked, boiled, drained, without salt",65.0,1.98,14.52,0.13,1.4
11402,"Potatoes, french fried, all types, salt added in processing, frozen, unprepared",147.0,2.24,24.81,4.66,1.9
11403,"Potatoes, french fried, all types, salt added in processing, frozen, home-prepared, oven heated",158.0,2.75,25.55,5.48,2.0
11406,"Potatoes, french fried, cottage-cut, salt not added in processing, frozen, as purchased",153.0,2.42,23.98,5.78,3.0
11407,"Potatoes, french fried, cottage-cut, salt not added in processing, frozen, oven-heated",218.0,3.44,34.03,8.2,3.2
11408,"Potatoes, frozen, french fried, par fried, extruded, unprepared",260.0,2.83,30.15,14.95,2.9
11409,"Potatoes, frozen, french fried, par fried, extruded, prepared, heated in oven, without salt",333.0,3.55,39.68,18.71,3.2
11410,"USDA Commodity, Potato wedges, frozen",123.0,2.7,25.5,2.2,2.0
11411,"Potatoes, french fried, steak fries, salt added in processing, frozen, as purchased",133.0,2.19,23.51,3.39,1.9
11412,"Potatoes, french fried, steak fries, salt added in processing, frozen, oven-heated",152.0,2.57,26.98,3.76,2.6
11413,Potato flour,357.0,6.9,83.1,0.34,5.9
11414,"Potato salad, home-prepared",143.0,2.68,11.17,8.2,1.3
11416,"Pumpkin flowers, raw",15.0,1.03,3.28,0.07,
11417,"Pumpkin flowers, cooked, boiled, drained, without salt",15.0,1.09,3.3,0.08,0.9
11418,"Pumpkin leaves, raw",19.0,3.15,2.33,0.4,
11419,"Pumpkin leaves, cooked, boiled, drained, without salt",21.0,2.72,3.39,0.22,2.7
11422,"Pumpkin, raw",26.0,1.0,6.5,0.1,0.5
11423,"Pumpkin, cooked, boiled, drained, without salt",20.0,0.72,4.9,0.07,1.1
11424,"Pumpkin, canned, without salt",34.0,1.1,8.09,0.28,2.9
11426,"Pumpkin pie mix, canned",104.0,1.09,26.39,0.13,8.3
11427,"Purslane, raw",20.0,2.03,3.39,0.36,
11428,"Purslane, cooked, boiled, drained, without salt",18.0,1.49,3.55,0.19,
11429,"Radishes, raw",16.0,0.68,3.4,0.1,1.6
11430,"Radishes, oriental, raw",18.0,0.6,4.1,0.1,1.6
11431,"Radishes, oriental, cooked, boiled, drained, without salt",17.0,0.67,3.43,0.24,1.6
11432,"Radishes, oriental, dried",271.0,7.9,63.37,0.72,23.9
11435,"Rutabagas, raw",37.0,1.08,8.62,0.16,2.3
11436,"Rutabagas, cooked, boiled, drained, without salt",30.0,0.93,6.84,0.18,1.8
11437,"Salsify, (vegetable oyster), raw",82.0,3.3,18.6,0.2,3.3
11438,"Salsify, cooked, boiled, drained, without salt",68.0,2.73,15.36,0.17,3.1
11439,"Sauerkraut, canned, solids and liquids",19.0,0.91,4.28,0.14,2.9
11442,"Seaweed, agar, raw",26.0,0.54,6.75,0.03,0.5
11444,"Seaweed, irishmoss, raw",49.0,1.51,12.29,0.16,1.3
11445,"Seaweed, kelp, raw",43.0,1.68,9.57,0.56,1.3
11446,"Seaweed, laver, raw",35.0,5.81,5.11,0.28,0.3
11447,"Sesbania flower, raw",27.0,1.28,6.73,0.04,
11448,"Sesbania flower, cooked, steamed, without salt",22.0,1.14,5.23,0.05,
11450,"Soybeans, green, raw",147.0,12.95,11.05,6.8,4.2
11451,"Soybeans, green, cooked, boiled, drained, without salt",141.0,12.35,11.05,6.4,4.2
11452,"Soybeans, mature seeds, sprouted, raw",122.0,13.09,9.57,6.7,1.1
11453,"Soybeans, mature seeds, sprouted, cooked, steamed",81.0,8.47,6.53,4.45,0.8
11454,"Soybeans, mature seeds, sprouted, cooked, stir-fried",125.0,13.1,9.4,7.1,0.8
11457,"Spinach, raw",23.0,2.86,3.63,0.39,2.2
11458,"Spinach, cooked, boiled, drained, without salt",23.0,2.97,3.75,0.26,2.4
11459,"Spinach, canned, regular pack, solids and liquids",19.0,2.11,2.92,0.37,1.6
11461,"Spinach, canned, regular pack, drained solids",23.0,2.81,3.4,0.5,2.4
11463,"Spinach, frozen, chopped or leaf, unprepared",29.0,3.63,4.21,0.57,2.9
11464,"Spinach, frozen, chopped or leaf, cooked, boiled, drained, without salt",34.0,4.01,4.8,0.87,3.7
11467,"Squash, summer, crookneck and straightneck, raw",19.0,1.01,3.88,0.27,1.0
11468,"Squash, summer, crookneck and straightneck, cooked, boiled, drained, without salt",23.0,1.04,3.79,0.39,1.1
11471,"Squash, summer, crookneck and straightneck, canned, drained, solid, without salt",13.0,0.61,2.96,0.07,1.4
11473,"Squash, summer, crookneck and straightneck, frozen, unprepared",20.0,0.83,4.8,0.14,1.2
11474,"Squash, summer, crookneck and straightneck, frozen, cooked, boiled, drained, without salt",25.0,1.28,5.54,0.2,1.4
11475,"Squash, summer, scallop, raw",18.0,1.2,3.84,0.2,1.2
11476,"Squash, summer, scallop, cooked, boiled, drained, without salt",16.0,1.03,3.3,0.17,1.9
11477,"Squash, summer, zucchini, includes skin, raw",17.0,1.21,3.11,0.32,1.0
11478,"Squash, summer, zucchini, includes skin, cooked, boiled, drained, without salt",15.0,1.14,2.69,0.36,1.0
11479,"Squash, summer, zucchini, includes skin, frozen, unprepared",17.0,1.16,3.58,0.13,1.3
11480,"Squash, summer, zucchini, includes skin, frozen, cooked, boiled, drained, without salt",17.0,1.15,3.56,0.13,1.3
11481,"Squash, summer, zucchini, italian style, canned",29.0,1.03,6.85,0.11,
11482,"Squash, winter, acorn, raw",40.0,0.8,10.42,0.1,1.5
11483,"Squash, winter, acorn, cooked, baked, without salt",56.0,1.12,14.58,0.14,4.4
11484,"Squash, winter, acorn, cooked, boiled, mashed, without salt",34.0,0.67,8.79,0.08,2.6
11485,"Squash, winter, butternut, raw",45.0,1.0,11.69,0.1,2.0
11486,"Squash, winter, butternut, cooked, baked, without salt",40.0,0.9,10.49,0.09,3.2
11487,"Squash, winter, butternut, frozen, unprepared",57.0,1.76,14.41,0.1,1.3
11488,"Squash, winter, butternut, frozen, cooked, boiled, without salt",39.0,1.23,10.05,0.07,
11489,"Squash, winter, hubbard, raw",40.0,2.0,8.7,0.5,3.9
11490,"Squash, winter, hubbard, baked, without salt",50.0,2.48,10.81,0.62,4.9
11491,"Squash, winter, hubbard, cooked, boiled, mashed, without salt",30.0,1.48,6.46,0.37,2.9
11492,"Squash, winter, spaghetti, raw",31.0,0.64,6.91,0.57,1.5
11493,"Squash, winter, spaghetti, cooked, boiled, drained, or baked, without salt",27.0,0.66,6.46,0.26,1.4
11495,"Succotash, (corn and limas), raw",99.0,5.03,19.59,1.02,3.8
11496,"Succotash, (corn and limas), cooked, boiled, drained, without salt",115.0,5.07,24.38,0.8,4.5
11497,"Succotash, (corn and limas), canned, with cream style corn",77.0,2.64,17.61,0.54,3.0
11499,"Succotash, (corn and limas), canned, with whole kernel corn, solids and liquids",63.0,2.6,13.98,0.49,2.6
11501,"Succotash, (corn and limas), frozen, unprepared",93.0,4.31,19.94,0.89,4.0
11502,"Succotash, (corn and limas), frozen, cooked, boiled, drained, without salt",93.0,4.31,19.95,0.89,4.1
11503,"Swamp cabbage, (skunk cabbage), raw",19.0,2.6,3.14,0.2,2.1
11504,"Swamp cabbage (skunk  cabbage), cooked, boiled, drained, without salt",20.0,2.08,3.7,0.24,1.9
11505,"Sweet potato leaves, raw",42.0,2.49,8.82,0.51,5.3
11506,"Sweet potato leaves, cooked, steamed, without salt",41.0,2.18,7.38,0.34,1.9
11507,"Sweet potato, raw, unprepared",86.0,1.57,20.12,0.05,3.0
11508,"Sweet potato, cooked, baked in skin, flesh, without salt",90.0,2.01,20.71,0.15,3.3
11510,"Sweet potato, cooked, boiled, without skin",76.0,1.37,17.72,0.14,2.5
11512,"Sweet potato, canned, vacuum pack",91.0,1.65,21.12,0.2,1.8
11514,"Sweet potato, canned, mashed",101.0,1.98,23.19,0.2,1.7
11516,"Sweet potato, frozen, unprepared",96.0,1.71,22.22,0.18,1.7
11517,"Sweet potato, frozen, cooked, baked, without salt",100.0,1.71,23.4,0.12,1.8
11518,"Taro, raw",112.0,1.5,26.46,0.2,4.1
11519,"Taro, cooked, without salt",142.0,0.52,34.6,0.11,5.1
11520,"Taro leaves, raw",42.0,4.98,6.7,0.74,3.7
11521,"Taro leaves, cooked, steamed, without salt",24.0,2.72,4.02,0.41,2.0
11522,"Taro shoots, raw",11.0,0.92,2.32,0.09,
11523,"Taro shoots, cooked, without salt",14.0,0.73,3.2,0.08,
11525,"Taro, tahitian, raw",44.0,2.79,6.91,0.97,
11526,"Taro, tahitian, cooked, without salt",44.0,4.16,6.85,0.68,
11527,"Tomatoes, green, raw",23.0,1.2,5.1,0.2,1.1
11529,"Tomatoes, red, ripe, raw, year round average",18.0,0.88,3.89,0.2,1.2
11530,"Tomatoes, red, ripe, cooked",18.0,0.95,4.01,0.11,0.7
11531,"Tomatoes, red, ripe, canned, packed in tomato juice",16.0,0.79,3.47,0.25,1.9
11533,"Tomatoes, red, ripe, canned, stewed",26.0,0.91,6.19,0.19,1.0
11537,"Tomatoes, red, ripe, canned, with green chilies",15.0,0.69,3.62,0.08,
11540,"Tomato juice, canned, with salt added",17.0,0.85,3.53,0.29,0.4
11546,"Tomato products, canned, paste, without salt added",82.0,4.32,18.91,0.47,4.1
11547,"Tomato products, canned, puree, without salt added",38.0,1.65,8.98,0.21,1.9
11548,Tomato powder,302.0,12.91,74.68,0.44,16.5
11549,"Tomato products, canned, sauce",24.0,1.2,5.31,0.3,1.5
11551,"Tomato products, canned, sauce, with mushrooms",35.0,1.45,8.43,0.13,1.5
11553,"Tomato products, canned, sauce, with onions",42.0,1.56,9.94,0.19,1.8
11555,"Tomato products, canned, sauce, with herbs and cheese",59.0,2.13,10.24,1.93,2.2
11557,"Tomato products, canned, sauce, with onions, green peppers, and celery",41.0,0.94,8.77,0.74,1.4
11559,"Tomato products, canned, sauce, with tomato tidbits",32.0,1.32,7.09,0.39,1.4
11563,"Tree fern, cooked, without salt",40.0,0.29,10.98,0.07,3.7
11564,"Turnips, raw",28.0,0.9,6.43,0.1,1.8
11565,"Turnips, cooked, boiled, drained, without salt",22.0,0.71,5.06,0.08,2.0
11566,"Turnips, frozen, unprepared",16.0,1.04,2.94,0.16,1.8
11567,"Turnips, frozen, cooked, boiled, drained, without salt",23.0,1.53,4.35,0.24,2.0
11568,"Turnip greens, raw",32.0,1.5,7.13,0.3,3.2
11569,"Turnip greens, cooked, boiled, drained, without salt",20.0,1.14,4.36,0.23,3.5
11570,"Turnip greens, canned, solids and liquids",14.0,1.36,2.42,0.3,1.7
11574,"Turnip greens, frozen, unprepared",22.0,2.47,3.67,0.31,2.5
11575,"Turnip greens, frozen, cooked, boiled, drained, without salt",29.0,3.35,4.98,0.42,3.4
11576,"Turnip greens and turnips, frozen, unprepared",21.0,2.46,3.39,0.19,2.4
11577,"Turnip greens and turnips, frozen, cooked, boiled, drained, without salt",35.0,2.99,4.85,0.38,3.1
11578,"Vegetable juice cocktail, canned",22.0,0.93,3.87,0.31,0.5
11579,"Vegetables, mixed, canned, solids and liquids",36.0,1.42,7.13,0.25,3.8
11581,"Vegetables, mixed, canned, drained solids",49.0,2.59,9.26,0.25,3.0
11583,"Vegetables, mixed, frozen, unprepared",72.0,3.33,13.47,0.52,4.0
11584,"Vegetables, mixed, frozen, cooked, boiled, drained, without salt",65.0,2.86,13.09,0.15,4.4
11585,"Vegetable juice cocktail, low sodium, canned",19.0,0.91,3.83,0.32,0.5
11587,"Vinespinach, (basella), raw",19.0,1.8,3.4,0.3,
11588,"Waterchestnuts, chinese, (matai), raw",97.0,1.4,23.94,0.1,3.0
11590,"Waterchestnuts, chinese, canned, solids and liquids",50.0,0.88,12.3,0.06,2.5
11591,"Watercress, raw",11.0,2.3,1.29,0.1,0.5
11593,"Waxgourd, (chinese preserving melon), raw",13.0,0.4,3.0,0.2,2.9
11594,"Waxgourd, (chinese preserving melon), cooked, boiled, drained, without salt",14.0,0.4,3.04,0.2,1.0
11595,"Winged beans, immature seeds, raw",49.0,6.95,4.31,0.87,
11596,"Winged beans, immature seeds, cooked, boiled, drained, without salt",38.0,5.31,3.21,0.66,
11597,"Winged bean leaves, raw",74.0,5.85,14.1,1.1,
11599,"Winged bean tuber, raw",148.0,11.6,28.1,0.9,
11601,"Yam, raw",118.0,1.53,27.88,0.17,4.1
11602,"Yam, cooked, boiled, drained, or baked, without salt",116.0,1.49,27.48,0.14,3.9
11603,"Yambean (jicama), raw",38.0,0.72,8.82,0.09,4.9
11604,"Yambean (jicama), cooked, boiled, drained, without salt",38.0,0.72,8.82,0.09,
11605,"Beets, harvard, canned, solids and liquids",73.0,0.84,18.18,0.06,2.5
11609,"Beets, pickled, canned, solids and liquids",65.0,0.8,16.28,0.08,0.8
11613,"Borage, raw",21.0,1.8,3.06,0.7,
11614,"Borage, cooked, boiled, drained, without salt",25.0,2.09,3.55,0.81,
11615,"Chives, freeze-dried",311.0,21.2,64.29,3.5,26.2
11616,"Dock, raw",22.0,2.0,3.2,0.7,2.9
11617,"Dock, cooked, boiled, drained, without salt",20.0,1.83,2.93,0.64,2.6
11618,"Eppaw, raw",150.0,4.6,31.68,1.8,
11620,"Drumstick pods, raw",37.0,2.1,8.53,0.2,3.2
11621,"Drumstick pods, cooked, boiled, drained, without salt",36.0,2.09,8.18,0.19,4.2
11622,"Kale, scotch, raw",42.0,2.8,8.32,0.6,1.7
11623,"Kale, scotch, cooked, boiled, drained, without salt",28.0,1.9,5.63,0.41,1.2
11624,"Leeks, (bulb and lower-leaf portion), freeze-dried",321.0,15.2,74.65,2.1,10.4
11625,"Parsley, freeze-dried",271.0,31.3,42.38,5.2,32.7
11626,"Beans, mung, mature seeds, sprouted, canned, drained solids",12.0,1.4,2.14,0.06,0.8
11632,"Peppers, jalapeno, canned, solids and liquids",27.0,0.92,4.74,0.94,2.6
11634,"Peppers, sweet, green, freeze-dried",314.0,17.9,68.7,3.0,21.3
11637,"Radishes, white icicle, raw",14.0,1.1,2.63,0.1,1.4
11640,"Shallots, freeze-dried",348.0,12.3,80.7,0.5,15.7
11641,"Squash, summer, all varieties, raw",16.0,1.21,3.35,0.18,1.1
11642,"Squash, summer, all varieties, cooked, boiled, drained, without salt",20.0,0.91,4.31,0.31,1.4
11643,"Squash, winter, all varieties, raw",34.0,0.95,8.59,0.13,1.5
11644,"Squash, winter, all varieties, cooked, baked, without salt",37.0,0.89,8.85,0.35,2.8
11645,"Sweet potato, canned, syrup pack, solids and liquids",89.0,0.98,20.93,0.2,2.5
11647,"Sweet potato, canned, syrup pack, drained solids",108.0,1.28,25.36,0.32,3.0
11649,"Tomato products, canned, sauce, spanish style",33.0,1.44,7.24,0.27,1.4
11653,"Beans, pinto, mature seeds, sprouted, raw",62.0,5.25,11.6,0.9,
11654,"Beans, pinto, mature seeds, sprouted, cooked, boiled, drained, without salt",22.0,1.86,4.1,0.32,
11655,"Carrot juice, canned",40.0,0.95,9.28,0.15,0.8
11656,"Corn pudding, home prepared",131.0,4.42,16.97,5.04,1.2
11657,"Potatoes, mashed, home-prepared, whole milk added",83.0,1.91,17.57,0.57,1.5
11658,Spinach souffle,172.0,7.89,5.9,12.95,0.7
11659,"Sweet potato, cooked, candied, home-prepared",164.0,0.89,32.12,3.54,2.1
11660,"Tomatoes, red, ripe, cooked, stewed",79.0,1.96,13.05,2.68,1.7
11663,"Seaweed, agar, dried",306.0,6.21,80.88,0.3,7.7
11666,"Seaweed, spirulina, raw",26.0,5.92,2.42,0.39,0.4
11667,"Seaweed, spirulina, dried",290.0,57.47,23.9,7.72,3.6
11669,"Seaweed, wakame, raw",45.0,3.03,9.14,0.64,0.5
11670,"Peppers, hot chili, green, raw",40.0,2.0,9.46,0.2,1.5
11671,"Potatoes, o'brien, home-prepared",81.0,2.35,15.47,1.28,
11672,Potato pancakes,268.0,6.08,27.81,14.76,3.3
11674,"Potatoes, baked, flesh and skin, without salt",93.0,2.5,21.15,0.13,2.2
11675,"Potatoes, microwaved, cooked in skin, flesh and skin, without salt",105.0,2.44,24.24,0.1,2.3
11676,"Radish seeds, sprouted, raw",43.0,3.81,3.6,2.53,
11677,"Shallots, raw",72.0,2.5,16.8,0.1,3.2
11683,"Carrot, dehydrated",341.0,8.1,79.57,1.49,23.6
11693,"Tomatoes, crushed, canned",32.0,1.64,7.29,0.28,1.9
11695,"Tomatoes, orange, raw",16.0,1.16,3.18,0.19,0.9
11696,"Tomatoes, yellow, raw",15.0,0.98,2.98,0.26,0.7
11697,"Arrowroot, raw",65.0,4.24,13.39,0.2,1.3
11698,"Chrysanthemum leaves, raw",24.0,3.36,3.01,0.56,3.0
11700,"Amaranth leaves, cooked, boiled, drained, with salt",21.0,2.11,4.11,0.18,
11701,"Arrowhead, cooked, boiled, drained, with salt",78.0,4.49,16.14,0.1,
11702,"Artichokes, (globe or french), cooked, boiled, drained, with salt",51.0,2.89,11.39,0.34,5.7
11703,"Artichokes, (globe or french), frozen, cooked, boiled, drained, with salt",45.0,3.11,9.18,0.5,4.6
11705,"Asparagus, cooked, boiled, drained, with salt",22.0,2.4,4.11,0.22,2.0
11707,"Asparagus, canned, no salt added, solids and liquids",15.0,1.8,2.48,0.18,1.0
11709,"Asparagus, frozen, cooked, boiled, drained, with salt",18.0,2.95,1.92,0.42,1.6
11710,"Balsam-pear (bitter gourd), leafy tips, cooked, boiled, drained, with salt",32.0,3.6,6.16,0.2,1.9
11711,"Balsam-pear (bitter gourd), pods, cooked, boiled, drained, with salt",19.0,0.84,4.32,0.18,2.0
11712,"Bamboo shoots, cooked, boiled, drained, with salt",11.0,1.53,1.52,0.22,1.0
11713,"Beans, kidney, mature seeds, sprouted, cooked, boiled, drained, with salt",33.0,4.83,4.72,0.58,
11714,"Lima beans, immature seeds, cooked, boiled, drained, with salt",123.0,6.81,23.64,0.32,5.3
11715,"Lima beans, immature seeds, canned, no salt added, solids and liquids",71.0,4.07,13.33,0.29,3.6
11716,"Lima beans, immature seeds, frozen, baby, cooked, boiled, drained, with salt",105.0,6.65,19.45,0.3,4.8
11717,"Lima beans, immature seeds, frozen, fordhook, cooked, boiled, drained, with salt",103.0,6.07,19.32,0.34,5.3
11718,"Mung beans, mature seeds, sprouted, cooked, boiled, drained, with salt",19.0,2.03,3.6,0.09,0.8
11719,"Beans, navy, mature seeds, sprouted, cooked, boiled, drained, with salt",78.0,7.07,15.01,0.81,
11720,"Beans, pinto, immature seeds, frozen, cooked, boiled, drained, with salt",162.0,9.31,30.87,0.48,5.4
11721,"Beans, pinto, mature seeds, sprouted, cooked, boiled, drained, with salt",20.0,1.86,3.5,0.32,
11722,"Beans, snap, yellow, raw",31.0,1.82,7.13,0.12,3.4
11723,"Beans, snap, green, cooked, boiled, drained, with salt",35.0,1.89,7.88,0.28,3.2
11724,"Beans, snap, yellow, cooked, boiled, drained, without salt",35.0,1.89,7.88,0.28,3.3
11725,"Beans, snap, yellow, cooked, boiled, drained, with salt",35.0,1.89,7.88,0.28,3.3
11726,"Beans, snap, green, canned, no salt added, solids and liquids",15.0,0.8,3.5,0.1,1.5
11727,"Beans, snap, yellow, canned, regular pack, solids and liquids",15.0,0.8,3.5,0.1,1.5
11728,"Beans, snap, yellow, canned, no salt added, solids and liquids",15.0,0.8,3.5,0.1,1.5
11729,"Beans, snap, green, canned, no salt added, drained solids",22.0,1.12,4.32,0.46,1.9
11730,"Beans, snap, yellow, frozen, all styles, unprepared",33.0,1.8,7.58,0.21,2.8
11731,"Beans, snap, green, frozen, cooked, boiled, drained, with salt",28.0,1.49,6.45,0.17,3.0
11732,"Beans, snap, yellow, frozen, cooked, boiled, drained, without salt",28.0,1.49,6.45,0.17,3.0
11733,"Beans, snap, yellow, frozen, cooked, boiled, drained, with salt",28.0,1.49,6.45,0.17,3.0
11734,"Beets, cooked, boiled. drained, with salt",44.0,1.68,9.96,0.18,2.0
11735,"Beets, canned, no salt added, solids and liquids",28.0,0.8,6.57,0.07,1.2
11736,"Beet greens, cooked, boiled, drained, with salt",27.0,2.57,5.46,0.2,2.9
11737,"Borage, cooked, boiled, drained, with salt",25.0,2.09,3.55,0.81,
11738,"Broadbeans, immature seeds, cooked, boiled, drained, with salt",62.0,4.8,10.1,0.5,
11739,"Broccoli, leaves, raw",28.0,2.98,5.06,0.35,2.3
11740,"Broccoli, flower clusters, raw",28.0,2.98,5.06,0.35,2.3
11741,"Broccoli, stalks, raw",28.0,2.98,5.24,0.35,
11742,"Broccoli, cooked, boiled, drained, with salt",35.0,2.38,7.18,0.41,3.3
11743,"Broccoli, frozen, chopped, cooked, boiled, drained, with salt",28.0,3.1,5.35,0.12,3.0
11744,"Broccoli, frozen, spears, cooked, boiled, drained, with salt",28.0,3.1,5.35,0.11,3.0
11745,"Brussels sprouts, cooked, boiled, drained, with salt",36.0,2.55,7.1,0.5,2.6
11746,"Brussels sprouts, frozen, cooked, boiled, drained, with salt",42.0,3.64,8.32,0.39,4.1
11747,"Burdock root, cooked, boiled, drained, with salt",88.0,2.09,21.15,0.14,1.8
11748,"Butterbur, cooked, boiled, drained, with salt",8.0,0.23,2.16,0.02,
11749,"Cabbage, common (danish, domestic, and pointed types), freshly harvest, raw",24.0,1.21,5.37,0.18,2.3
11750,"Cabbage, common (danish, domestic, and pointed types), stored, raw",24.0,1.21,5.37,0.18,2.3
11751,"Cabbage, common, cooked, boiled, drained, with salt",23.0,1.27,5.51,0.06,1.9
11752,"Cabbage, red, cooked, boiled, drained, with salt",29.0,1.51,6.94,0.09,2.6
11753,"Cabbage, savoy, cooked, boiled, drained, with salt",24.0,1.8,5.41,0.09,2.8
11754,"Cabbage, chinese (pak-choi), cooked, boiled, drained, with salt",12.0,1.56,1.78,0.16,1.0
11755,"Cabbage, chinese (pe-tsai), cooked, boiled, drained, with salt",14.0,1.5,2.41,0.17,1.7
11756,"Cardoon, cooked, boiled, drained, with salt",20.0,0.76,4.74,0.11,1.7
11757,"Carrots, cooked, boiled, drained, with salt",35.0,0.76,8.22,0.18,3.0
11758,"Carrots, canned, no salt added, solids and liquids",23.0,0.59,5.36,0.14,1.8
11759,"Carrots, canned, no salt added, drained solids",25.0,0.64,5.54,0.19,1.5
11760,"Carrots, frozen, cooked, boiled, drained, with salt",37.0,0.58,7.73,0.68,3.3
11761,"Cauliflower, cooked, boiled, drained, with salt",23.0,1.84,4.11,0.45,2.3
11762,"Cauliflower, frozen, cooked, boiled, drained, with salt",17.0,1.61,3.16,0.22,2.7
11763,"Celeriac, cooked, boiled, drained, with salt",27.0,0.96,5.9,0.19,
11764,"Celery, cooked, boiled, drained, with salt",18.0,0.83,4.0,0.16,1.6
11765,"Chard, swiss, cooked, boiled, drained, with salt",20.0,1.88,4.13,0.08,2.1
11766,"Chayote, fruit, cooked, boiled, drained, with salt",22.0,0.62,4.5,0.48,2.8
11767,"Chrysanthemum, garland, cooked, boiled, drained, with salt",20.0,1.64,4.31,0.09,2.3
11768,"Collards, cooked, boiled, drained, with salt",33.0,2.71,5.65,0.72,4.0
11769,"Collards, frozen, chopped, cooked, boiled, drained, with salt",36.0,2.97,7.1,0.41,2.8
11770,"Corn, sweet, yellow, cooked, boiled, drained, with salt",96.0,3.41,20.98,1.5,2.4
11771,"Corn, sweet, yellow, canned, no salt added, solids and liquids",61.0,1.95,13.86,0.77,1.7
11772,"Corn, sweet, yellow, canned, cream style, no salt added",72.0,1.74,18.13,0.42,1.2
11773,"Corn, sweet, yellow, canned, vacuum pack, no salt added",79.0,2.41,19.44,0.5,2.0
11774,"Corn, sweet, yellow, frozen, kernels, cut off cob, boiled, drained, with salt",79.0,2.55,18.71,0.67,2.4
11775,"Corn, sweet, yellow, frozen, kernels on cob, cooked, boiled, drained, with salt",94.0,3.11,22.33,0.74,2.8
11777,"Cowpeas (blackeyes), immature seeds, cooked, boiled, drained, with salt",94.0,3.17,19.73,0.38,5.0
11778,"Cowpeas (blackeyes), immature seeds, frozen, cooked, boiled, drained, with salt",131.0,8.49,23.5,0.66,6.4
11779,"Cowpeas, young pods with seeds, cooked, boiled, drained, with salt",34.0,2.6,7.0,0.3,
11780,"Cowpeas, leafy tips, cooked, boiled, drained, with salt",22.0,4.67,2.8,0.1,
11781,"Cress, garden, cooked, boiled, drained, with salt",23.0,1.9,3.8,0.6,0.7
11782,"Dandelion greens, cooked, boiled, drained, with salt",33.0,2.0,6.4,0.6,2.9
11783,"Eggplant, cooked, boiled, drained, with salt",33.0,0.83,8.14,0.23,2.5
11784,"Gourd, white-flowered (calabash), cooked, boiled, drained, with salt",13.0,0.6,3.1,0.02,1.2
11785,"Gourd, dishcloth (towelgourd), cooked, boiled, drained, with salt",54.0,0.66,13.75,0.34,2.9
11786,"Drumstick leaves, cooked, boiled, drained, with salt",60.0,5.27,11.15,0.93,2.0
11787,"Drumstick pods, cooked, boiled, drained, with salt",36.0,2.09,8.18,0.19,4.2
11788,"Hyacinth-beans, immature seeds, cooked, boiled, drained, with salt",50.0,2.95,9.2,0.27,
11789,"Jute, potherb, cooked, boiled, drained, with salt",37.0,3.68,7.29,0.2,2.0
11790,"Kale, cooked, boiled, drained, with salt",28.0,1.9,5.63,0.4,2.0
11791,"Kale, frozen, cooked, boiled, drained, with salt",30.0,2.84,5.23,0.49,2.0
11792,"Kale, scotch, cooked, boiled, drained, with salt",28.0,1.9,5.62,0.41,
11793,"Kohlrabi, cooked, boiled, drained, with salt",29.0,1.8,6.69,0.11,1.1
11794,"Lambsquarters, cooked, boiled, drained, with salt",32.0,3.2,5.0,0.7,2.1
11795,"Leeks, (bulb and lower leaf-portion), cooked, boiled, drained, with salt",31.0,0.81,7.62,0.2,1.0
11796,"Lotus root, cooked, boiled, drained, with salt",66.0,1.58,16.02,0.07,3.1
11797,"Mushrooms, white, cooked, boiled, drained, with salt",28.0,2.17,5.29,0.47,2.2
11798,"Mushrooms, shiitake, cooked, with salt",56.0,1.56,14.39,0.22,2.1
11799,"Mustard greens, cooked, boiled, drained, with salt",26.0,2.56,4.51,0.47,2.0
11800,"Mustard greens, frozen, cooked, boiled, drained, with salt",19.0,2.27,3.11,0.25,2.8
11801,"Mustard spinach, (tendergreen), cooked, boiled, drained, with salt",16.0,1.7,2.8,0.2,2.0
11802,"New zealand spinach, cooked, boiled, drained, with salt",12.0,1.3,2.13,0.17,1.4
11803,"Okra, cooked, boiled, drained, with salt",22.0,1.87,4.51,0.21,2.5
11804,"Okra, frozen, cooked, boiled, drained, with salt",34.0,1.63,6.41,0.24,2.1
11805,"Onions, cooked, boiled, drained, with salt",42.0,1.36,9.56,0.19,1.4
11806,"Onions, frozen, chopped, cooked, boiled, drained, with salt",26.0,0.77,6.0,0.1,1.7
11807,"Onions, frozen, whole, cooked, boiled, drained, with salt",26.0,0.71,6.11,0.05,1.4
11808,"Parsnips, cooked, boiled, drained, with salt",71.0,1.32,17.01,0.3,4.0
11809,"Peas, edible-podded, cooked, boiled, drained, with salt",40.0,3.27,6.46,0.23,2.8
11810,"Peas, edible-podded, frozen, cooked, boiled, drained, with salt",50.0,3.5,8.43,0.38,3.1
11811,"Peas, green, cooked, boiled, drained, with salt",84.0,5.36,15.63,0.22,5.5
11812,"Peas, green, canned, no salt added, solids and liquids",53.0,3.19,9.75,0.3,3.3
11813,"Peas, green, canned, no salt added, drained solids",69.0,4.42,12.58,0.35,4.1
11814,"Peas, green, frozen, cooked, boiled, drained, with salt",78.0,5.15,14.26,0.27,4.5
11815,"Peas, mature seeds, sprouted, cooked, boiled, drained, with salt",98.0,7.05,17.08,0.51,
11816,"Peas and carrots, canned, no salt added, solids and liquids",38.0,2.17,8.48,0.27,3.3
11817,"Peas and carrots, frozen, cooked, boiled, drained, with salt",48.0,3.09,10.12,0.42,3.1
11818,"Peas and onions, frozen, cooked, boiled, drained, with salt",45.0,2.54,8.63,0.2,2.2
11819,"Peppers, hot chili, red, raw",40.0,1.87,8.81,0.44,1.5
11820,"Peppers, hot chili, red, canned, excluding seeds, solids and liquids",21.0,0.9,5.1,0.1,1.3
11821,"Peppers, sweet, red, raw",31.0,0.99,6.03,0.3,2.1
11822,"Peppers, sweet, green, cooked, boiled, drained, with salt",26.0,0.92,6.11,0.2,1.2
11823,"Peppers, sweet, red, cooked, boiled, drained, without salt",28.0,0.92,6.7,0.2,1.2
11824,"Peppers, sweet, red, cooked, boiled, drained, with salt",26.0,0.92,6.11,0.2,1.2
11825,"Peppers, sweet, green, frozen, chopped, cooked, boiled, drained, with salt",16.0,0.95,3.31,0.18,0.9
11826,"Pigeonpeas, immature seeds, cooked, boiled, drained, with salt",111.0,5.96,19.49,1.36,4.2
11827,"Pokeberry shoots, (poke), cooked, boiled, drained, with salt",20.0,2.3,3.1,0.4,1.5
11828,"Potatoes, baked, flesh and skin, with salt",93.0,2.5,21.15,0.13,2.2
11829,"Potatoes, baked, flesh, with salt",93.0,1.96,21.55,0.1,1.5
11830,"Potatoes, baked, skin only, with salt",198.0,4.29,46.06,0.1,7.9
11831,"Potatoes, boiled, cooked in skin, flesh, with salt",87.0,1.87,20.13,0.1,2.0
11832,"Potatoes, boiled, cooked in skin, skin, with salt",78.0,2.86,17.2,0.1,3.3
11833,"Potatoes, boiled, cooked without skin, flesh, with salt",86.0,1.71,20.01,0.1,2.0
11834,"Potatoes, microwaved, cooked, in skin, flesh and skin, with salt",105.0,2.44,24.24,0.1,2.3
11835,"Potatoes, microwaved, cooked in skin, flesh, with salt",100.0,2.1,23.28,0.1,1.6
11836,"Potatoes, microwaved, cooked, in skin, skin with salt",132.0,4.39,29.63,0.1,5.5
11837,"Potatoes, frozen, whole, cooked, boiled, drained, with salt",63.0,1.98,13.93,0.13,1.4
11840,"Potatoes, frozen, french fried, par fried, cottage-cut, prepared, heated in oven, with salt",218.0,3.44,34.03,8.2,3.2
11841,"Potatoes, french fried, all types, salt not added in processing, frozen, oven-heated",172.0,2.66,28.71,5.22,2.6
11842,"Potatoes, french fried, all types, salt not added in processing, frozen, as purchased",150.0,2.24,24.81,4.66,1.9
11843,"Potatoes, au gratin, home-prepared from recipe using margarine",132.0,5.06,11.27,7.59,1.8
11844,"Potatoes, scalloped, home-prepared with margarine",88.0,2.87,10.78,3.68,1.9
11845,"Pumpkin, cooked, boiled, drained, with salt",18.0,0.72,4.31,0.07,1.1
11846,"Pumpkin, canned, with salt",34.0,1.1,8.09,0.28,2.9
11847,"Pumpkin, flowers, cooked, boiled, drained, with salt",15.0,1.09,3.18,0.08,0.9
11848,"Pumpkin leaves, cooked, boiled, drained, with salt",21.0,2.72,3.39,0.22,2.7
11849,"Purslane, cooked, boiled, drained, with salt",18.0,1.49,3.55,0.19,
11850,"Radishes, oriental, cooked, boiled, drained, with salt",17.0,0.67,3.43,0.24,1.6
11851,"Rutabagas, cooked, boiled, drained, with salt",30.0,0.93,6.84,0.18,1.8
11852,"Salsify, cooked, boiled, drained, with salt",68.0,2.73,15.36,0.17,3.1
11853,"Soybeans, green, cooked, boiled, drained, with salt",141.0,12.35,11.05,6.4,4.2
11854,"Spinach, cooked, boiled, drained, with salt",23.0,2.97,3.75,0.26,2.4
11855,"Spinach, canned, no salt added, solids and liquids",19.0,2.11,2.92,0.37,2.2
11856,"Spinach, frozen, chopped or leaf, cooked, boiled, drained, with salt",34.0,4.01,4.8,0.87,3.7
11857,"Squash, summer, all varieties, cooked, boiled, drained, with salt",20.0,0.91,4.31,0.31,1.4
11858,"Squash, summer, crookneck and straightneck, cooked, boiled, drained, with salt",19.0,1.04,3.79,0.39,1.1
11859,"Squash, summer, crookneck and straightneck, frozen, cooked, boiled, drained, with salt",25.0,1.28,5.54,0.2,1.4
11860,"Squash, summer, scallop, cooked, boiled, drained, with salt",16.0,1.03,3.3,0.17,1.9
11861,"Squash, summer, zucchini, includes skin, cooked, boiled, drained, with salt",15.0,1.14,2.69,0.36,1.0
11862,"Squash, summer, zucchini, includes skin, frozen, cooked, boiled, drained, with salt",14.0,1.15,2.97,0.13,1.3
11863,"Squash, winter, all varieties, cooked, baked, with salt",37.0,0.89,8.85,0.35,2.8
11864,"Squash, winter, acorn, cooked, baked, with salt",56.0,1.12,14.58,0.14,4.4
11865,"Squash, winter, acorn, cooked, boiled, mashed, with salt",34.0,0.67,8.79,0.08,2.6
11866,"Squash, winter, butternut, cooked, baked, with salt",40.0,0.9,10.49,0.09,3.2
11867,"Squash, winter, butternut, frozen, cooked, boiled, with salt",39.0,1.23,10.04,0.07,
11868,"Squash, winter, hubbard, baked, with salt",50.0,2.48,10.81,0.62,4.9
11869,"Squash, winter, hubbard, cooked, boiled, mashed, with salt",30.0,1.48,6.46,0.37,2.9
11870,"Squash, winter, spaghetti, cooked, boiled, drained, or baked, with salt",27.0,0.66,6.46,0.26,1.4
11871,"Succotash, (corn and limas), cooked, boiled, drained, with salt",111.0,5.07,24.37,0.8,
11872,"Succotash, (corn and limas), frozen, cooked, boiled, drained, with salt",93.0,4.31,19.95,0.89,4.1
11873,"Swamp cabbage (skunk cabbage), cooked, boiled, drained, with salt",20.0,2.08,3.7,0.24,1.9
11874,"Sweet potato leaves, cooked, steamed, with salt",35.0,2.18,7.38,0.34,1.9
11875,"Sweet potato, cooked, baked in skin, flesh, with salt",92.0,2.01,20.71,0.15,3.3
11876,"Sweet potato, cooked, boiled, without skin, with salt",76.0,1.37,17.72,0.14,2.5
11877,"Sweet potato, frozen, cooked, baked, with salt",100.0,1.71,23.4,0.12,1.8
11878,"Taro, cooked, with salt",142.0,0.52,34.6,0.11,5.1
11879,"Taro, leaves, cooked, steamed, with salt",24.0,2.72,3.89,0.41,2.0
11880,"Taro, shoots, cooked, with salt",14.0,0.73,3.19,0.08,
11881,"Taro, tahitian, cooked, with salt",44.0,4.16,6.85,0.68,
11884,"Tomatoes, red, ripe, cooked, with salt",18.0,0.95,4.01,0.11,0.7
11885,"Tomatoes, red, ripe, canned, packed in tomato juice, no salt added",16.0,0.79,3.47,0.25,1.9
11886,"Tomato juice, canned, without salt added",17.0,0.85,3.53,0.29,0.4
11888,"Tomato products, canned, puree, with salt added",38.0,1.65,8.98,0.21,1.9
11889,"Turnips, cooked, boiled, drained, with salt",22.0,0.71,5.06,0.08,2.0
11890,"Turnips, frozen, cooked, boiled, drained, with salt",21.0,1.53,3.73,0.24,2.0
11891,"Turnip greens, cooked, boiled, drained, with salt",20.0,1.14,4.36,0.23,3.5
11892,"Turnip greens, frozen, cooked, boiled, drained, with salt",29.0,3.35,4.98,0.42,3.4
11893,"Turnip greens and turnips, frozen, cooked, boiled, drained, with salt",34.0,2.99,4.74,0.38,3.1
11894,"Vegetables, mixed, frozen, cooked, boiled, drained, with salt",60.0,2.86,13.09,0.15,4.4
11895,"Waxgourd, (chinese preserving melon), cooked, boiled, drained, with salt",11.0,0.4,2.45,0.2,1.0
11896,"Winged bean, immature seeds, cooked, boiled, drained, with salt",37.0,5.31,3.21,0.66,
11897,"Yam, cooked, boiled, drained, or baked, with salt",114.0,1.49,26.99,0.14,3.9
11898,"Yambean (jicama), cooked, boiled, drained, with salt",36.0,0.72,8.23,0.09,
11899,"Yardlong bean, cooked, boiled, drained, with salt",47.0,2.53,9.17,0.1,
11900,"Corn, sweet, white, raw",86.0,3.22,19.02,1.18,2.7
11901,"Corn, sweet, white, cooked, boiled, drained, without salt",97.0,3.34,21.71,1.41,2.7
11902,"Corn, sweet, white, cooked, boiled, drained, with salt",97.0,3.34,21.71,1.41,2.7
11903,"Corn, sweet, white, canned, whole kernel, regular pack, solids and liquids",64.0,1.95,15.41,0.5,1.7
11904,"Corn, sweet, white, canned, whole kernel, no salt added, solids and liquids",64.0,1.95,15.41,0.5,0.7
11905,"Corn, sweet, white, canned, whole kernel, drained solids",71.0,2.32,15.06,1.37,2.3
11906,"Corn, sweet, white, canned, cream style, regular pack",74.0,1.74,18.62,0.42,1.2
11907,"Corn, sweet, white, canned, cream style, no salt added",72.0,1.74,18.13,0.42,1.2
11908,"Corn, sweet, white, canned, vacuum pack, regular pack",79.0,2.41,19.44,0.5,2.0
11909,"Corn, sweet, white, canned, vacuum pack, no salt added",79.0,2.41,19.44,0.5,2.0
11910,"Corn, sweet, white, frozen, kernels cut off cob, unprepared",88.0,3.02,20.73,0.77,2.9
11911,"Corn, sweet, white, frozen, kernels cut off cob, boiled, drained, without salt",80.0,2.75,19.56,0.43,2.4
11912,"Corn, sweet, white, frozen, kernels cut off cob, boiled, drained, with salt",80.0,2.75,19.56,0.43,2.4
11913,"Corn, sweet, white, frozen, kernels on cob, unprepared",98.0,3.28,23.5,0.78,2.8
11914,"Corn, sweet, white, frozen, kernels on cob, cooked, boiled, drained, without salt",94.0,3.11,22.33,0.74,2.1
11915,"Corn, sweet, white, frozen, kernels on cob, cooked, boiled, drained, with salt",94.0,3.11,22.33,0.74,2.8
11916,"Peppers, sweet, red, canned, solids and liquids",18.0,0.8,3.9,0.3,1.2
11917,"Peppers, sweet, red, frozen, chopped, unprepared",20.0,1.08,4.45,0.21,1.6
11918,"Peppers, sweet, red, frozen, chopped, boiled, drained, without salt",16.0,0.95,3.31,0.18,0.8
11919,"Peppers, sweet, red, frozen, chopped, boiled, drained, with salt",16.0,0.95,3.31,0.18,0.8
11921,"Peppers, sweet, red, sauteed",133.0,1.04,6.57,12.75,1.8
11922,"Sesbania flower, cooked, steamed, with salt",21.0,1.14,5.1,0.05,
11923,"Soybeans, mature seeds, sprouted, cooked, steamed, with salt",81.0,8.47,6.53,4.45,0.8
11924,"Soybeans, mature seeds, sprouted, cooked, stir-fried, with salt",125.0,13.1,9.4,7.1,0.8
11925,"Dock, cooked, boiled, drained, with salt",20.0,1.83,2.93,0.64,
11926,"Lentils, sprouted, cooked, stir-fried, with salt",101.0,8.8,21.25,0.45,
11927,"Mountain yam, hawaii, cooked, steamed, with salt",82.0,1.73,19.99,0.08,
11928,"Tree fern, cooked, with salt",40.0,0.29,10.78,0.07,3.7
11929,"Potatoes, mashed, prepared from granules, without milk, whole milk and margarine",108.0,2.05,14.4,4.93,2.2
11930,"Potatoes, mashed, dehydrated, prepared from flakes without milk, whole milk and margarine added",113.0,1.9,15.02,5.6,2.3
11931,"Peppers, sweet, red, freeze-dried",314.0,17.9,68.7,3.0,21.3
11932,"Beans, snap, yellow, canned, regular pack, drained solids",20.0,1.15,4.5,0.1,1.3
11933,"Beans, snap, yellow, canned, no salt added, drained solids",20.0,1.15,4.5,0.1,1.3
11934,"Potatoes, mashed, home-prepared, whole milk and butter added",113.0,1.86,16.81,4.22,1.5
11935,Catsup,101.0,1.04,27.4,0.1,0.3
11936,"Mushrooms, brown, italian, or crimini, exposed to ultraviolet light, raw",22.0,2.5,4.3,0.1,0.6
11937,"Pickles, cucumber, dill or kosher dill",12.0,0.5,2.41,0.3,1.0
11938,"Mushroom, white, exposed to ultraviolet light, raw",22.0,3.09,3.26,0.34,1.0
11939,"Mushrooms, portabella, exposed to ultraviolet light, grilled",29.0,3.28,4.44,0.58,2.2
11940,"Pickles, cucumber, sweet (includes bread and butter pickles)",91.0,0.58,21.15,0.41,1.0
11941,"Pickles, cucumber, sour",11.0,0.33,2.26,0.2,1.2
11943,"Pimento, canned",23.0,1.1,5.1,0.3,1.9
11944,"Pickle relish, hot dog",91.0,1.5,23.35,0.46,1.5
11945,"Pickle relish, sweet",130.0,0.37,35.06,0.47,1.1
11946,"Pickles, cucumber, sour, low sodium",11.0,0.33,2.26,0.2,1.2
11947,"Pickles, cucumber, dill, reduced sodium",12.0,0.5,2.41,0.3,1.0
11948,"Pickles, cucumber, sweet, low sodium (includes bread and butter pickles)",122.0,0.37,33.73,0.26,1.1
11949,"Catsup, low sodium",101.0,1.04,27.4,0.1,0.3
11950,"Mushrooms, enoki, raw",37.0,2.66,7.81,0.29,2.7
11951,"Peppers, sweet, yellow, raw",27.0,1.0,6.32,0.21,0.9
11952,"Radicchio, raw",23.0,1.43,4.48,0.25,0.9
11953,"Squash, zucchini, baby, raw",21.0,2.71,3.11,0.4,1.1
11954,"Tomatillos, raw",32.0,0.96,5.84,1.02,1.9
11955,"Tomatoes, sun-dried",258.0,14.11,55.76,2.97,12.3
11956,"Tomatoes, sun-dried, packed in oil, drained",213.0,5.06,23.33,14.08,5.8
11957,"Fennel, bulb, raw",31.0,1.24,7.3,0.2,3.1
11958,"Pickle relish, hamburger",129.0,0.63,34.48,0.54,3.2
11959,"Arugula, raw",25.0,2.58,3.65,0.66,1.6
11960,"Carrots, baby, raw",35.0,0.64,8.24,0.13,2.9
11961,"Hearts of palm, canned",28.0,2.52,4.62,0.62,2.4
11962,"Peppers, hot chile, sun-dried",324.0,10.58,69.86,5.81,28.7
11963,"Nopales, raw",16.0,1.32,3.33,0.09,2.2
11964,"Nopales, cooked, without salt",15.0,1.35,3.28,0.05,2.0
11965,"Cauliflower, green, raw",31.0,2.95,6.09,0.3,3.2
11967,"Cauliflower, green, cooked, no salt added",32.0,3.04,6.28,0.31,3.3
11968,"Cauliflower, green, cooked, with salt",32.0,3.04,6.28,0.31,3.3
11969,"Broccoli, chinese, cooked",22.0,1.14,3.81,0.72,2.5
11970,"Cabbage, napa, cooked",12.0,1.1,2.23,0.17,
11972,"Lemon grass (citronella), raw",99.0,1.82,25.31,0.49,
11973,"Beans, fava, in pod, raw",88.0,7.92,17.63,0.73,7.5
11974,"Grape leaves, raw",93.0,5.6,17.31,2.12,11.0
11975,"Grape leaves, canned",69.0,4.27,11.71,1.97,9.9
11976,"Pepper, banana, raw",27.0,1.66,5.35,0.45,3.4
11977,"Peppers, serrano, raw",32.0,1.74,6.7,0.44,3.7
11978,"Peppers, ancho, dried",281.0,11.86,51.42,8.2,21.6
11979,"Peppers, jalapeno, raw",29.0,0.91,6.5,0.37,2.8
11980,"Peppers, chili, green, canned",21.0,0.72,4.6,0.27,1.7
11981,"Peppers, hungarian, raw",29.0,0.8,6.7,0.41,1.0
11982,"Peppers, pasilla, dried",345.0,12.35,51.13,15.85,26.8
11983,"Pickles, chowchow, with cauliflower onion mustard, sweet",121.0,1.5,26.64,0.9,1.5
11984,"Epazote, raw",32.0,0.33,7.44,0.52,3.8
11985,"Fireweed, leaves, raw",103.0,4.71,19.22,2.75,10.6
11986,"Malabar spinach, cooked",23.0,2.98,2.71,0.78,2.1
11987,"Mushrooms, oyster, raw",33.0,3.31,6.09,0.41,2.3
11988,"Fungi, Cloud ears, dried",284.0,9.25,73.01,0.73,70.1
11989,"Mushrooms, straw, canned, drained solids",32.0,3.83,4.64,0.68,2.5
11990,"Wasabi, root, raw",109.0,4.8,23.54,0.63,7.8
11991,"Yautia (tannier), raw",98.0,1.46,23.63,0.4,1.5
11992,"Mushrooms, white, microwaved",35.0,3.91,6.04,0.46,2.5
11993,"Mushrooms, maitake, raw",31.0,1.94,6.97,0.19,2.7
11994,"Broccoli, chinese, raw",30.0,1.2,4.67,0.76,2.6
11995,"Fiddlehead ferns, raw",34.0,4.55,5.54,0.4,
11996,"Fiddlehead ferns, frozen, unprepared",34.0,4.31,5.74,0.35,
11998,"Mushrooms, portabella, exposed to ultraviolet light, raw",22.0,2.11,3.87,0.35,1.3
12001,"Seeds, breadfruit seeds, raw",191.0,7.4,29.24,5.59,5.2
12003,"Seeds, breadfruit seeds, boiled",168.0,5.3,32.0,2.3,4.8
12004,"Seeds, breadnut tree seeds, raw",217.0,5.97,46.28,0.99,
12005,"Seeds, breadnut tree seeds, dried",367.0,8.62,79.39,1.68,14.9
12006,"Seeds, chia seeds, dried",486.0,16.54,42.12,30.74,34.4
12007,"Seeds, cottonseed flour, partially defatted (glandless)",359.0,40.96,40.54,6.2,3.0
12008,"Seeds, cottonseed flour, low fat (glandless)",332.0,49.83,36.1,1.41,
12011,"Seeds, cottonseed meal, partially defatted (glandless)",367.0,49.1,38.43,4.77,
12012,"Seeds, hemp seed, hulled",553.0,31.56,8.67,48.75,4.0
12013,"Seeds, lotus seeds, dried",332.0,15.41,64.47,1.97,
12014,"Seeds, pumpkin and squash seed kernels, dried",559.0,30.23,10.71,49.05,6.0
12016,"Seeds, pumpkin and squash seed kernels, roasted, without salt",574.0,29.84,14.71,49.05,6.5
12021,"Seeds, safflower seed kernels, dried",517.0,16.18,34.29,38.45,
12022,"Seeds, safflower seed meal, partially defatted",342.0,35.62,48.73,2.39,
12023,"Seeds, sesame seeds, whole, dried",573.0,17.73,23.45,49.67,11.8
12024,"Seeds, sesame seeds, whole, roasted and toasted",565.0,16.96,25.74,48.0,14.0
12029,"Seeds, sesame seed kernels, toasted, without salt added (decorticated)",567.0,16.96,26.04,48.0,16.9
12032,"Seeds, sesame flour, partially defatted",382.0,40.32,35.14,11.89,
12033,"Seeds, sesame flour, low-fat",333.0,50.14,35.51,1.75,
12034,"Seeds, sesame meal, partially defatted",567.0,16.96,26.04,48.0,
12036,"Seeds, sunflower seed kernels, dried",584.0,20.78,20.0,51.46,8.6
12037,"Seeds, sunflower seed kernels, dry roasted, without salt",582.0,19.33,24.07,49.8,11.1
12038,"Seeds, sunflower seed kernels, oil roasted, without salt",592.0,20.06,22.89,51.3,10.6
12039,"Seeds, sunflower seed kernels, toasted, without salt",619.0,17.21,20.59,56.8,11.5
12040,"Seeds, sunflower seed butter, without salt",617.0,17.28,23.32,55.2,5.7
12041,"Seeds, sunflower seed flour, partially defatted",326.0,48.06,35.83,1.61,5.2
12058,"Nuts, acorns, raw",387.0,6.15,40.75,23.86,
12059,"Nuts, acorns, dried",509.0,8.1,53.66,31.41,
12060,"Nuts, acorn flour, full fat",501.0,7.49,54.65,30.17,
12061,"Nuts, almonds",579.0,21.15,21.55,49.93,12.5
12062,"Nuts, almonds, blanched",590.0,21.4,18.67,52.52,9.9
12063,"Nuts, almonds, dry roasted, without salt added",598.0,20.96,21.01,52.54,10.9
12065,"Nuts, almonds, oil roasted, without salt added",607.0,21.23,17.68,55.17,10.5
12071,"Nuts, almond paste",458.0,9.0,47.81,27.74,4.8
12077,"Nuts, beechnuts, dried",576.0,6.2,33.5,50.0,
12078,"Nuts, brazilnuts, dried, unblanched",659.0,14.32,11.74,67.1,7.5
12084,"Nuts, butternuts, dried",612.0,24.9,12.05,56.98,4.7
12085,"Nuts, cashew nuts, dry roasted, without salt added",574.0,15.31,32.69,46.35,3.0
12086,"Nuts, cashew nuts, oil roasted, without salt added",580.0,16.84,29.87,47.77,3.3
12087,"Nuts, cashew nuts, raw",553.0,18.22,30.19,43.85,3.3
12088,"Nuts, cashew butter, plain, without salt added",587.0,17.56,27.57,49.41,2.0
12093,"Nuts, chestnuts, chinese, raw",224.0,4.2,49.07,1.11,
12094,"Nuts, chestnuts, chinese, dried",363.0,6.82,79.76,1.81,
12095,"Nuts, chestnuts, chinese, boiled and steamed",153.0,2.88,33.64,0.76,
12096,"Nuts, chestnuts, chinese, roasted",239.0,4.48,52.36,1.19,
12097,"Nuts, chestnuts, european, raw, unpeeled",213.0,2.42,45.54,2.26,8.1
12098,"Nuts, chestnuts, european, raw, peeled",196.0,1.63,44.17,1.25,
12099,"Nuts, chestnuts, european, dried, unpeeled",374.0,6.39,77.31,4.45,11.7
12100,"Nuts, chestnuts, european, dried, peeled",369.0,5.01,78.43,3.91,
12101,"Nuts, chestnuts, european, boiled and steamed",131.0,2.0,27.76,1.38,
12104,"Nuts, coconut meat, raw",354.0,3.33,15.23,33.49,9.0
12108,"Nuts, coconut meat, dried (desiccated), not sweetened",660.0,6.88,23.65,64.53,16.3
12109,"Nuts, coconut meat, dried (desiccated), sweetened, flaked, packaged",456.0,3.13,51.85,27.99,9.9
12110,"Nuts, coconut meat, dried (desiccated), sweetened, flaked, canned",443.0,3.35,40.91,31.69,4.5
12114,"Nuts, coconut meat, dried (desiccated), toasted",592.0,5.3,44.4,47.0,
12115,"Nuts, coconut cream, raw (liquid expressed from grated meat)",330.0,3.63,6.65,34.68,2.2
12116,"Nuts, coconut cream, canned, sweetened",357.0,1.17,53.21,16.31,0.2
12117,"Nuts, coconut milk, raw (liquid expressed from grated meat and water)",230.0,2.29,5.54,23.84,2.2
12118,"Nuts, coconut milk, canned (liquid expressed from grated meat and water)",197.0,2.02,2.81,21.33,
12119,"Nuts, coconut water (liquid from coconuts)",19.0,0.72,3.71,0.2,1.1
12120,"Nuts, hazelnuts or filberts",628.0,14.95,16.7,60.75,9.7
12121,"Nuts, hazelnuts or filberts, blanched",629.0,13.7,17.0,61.15,11.0
12122,"Nuts, hazelnuts or filberts, dry roasted, without salt added",646.0,15.03,17.6,62.4,9.4
12127,"Nuts, ginkgo nuts, raw",182.0,4.32,37.6,1.68,
12128,"Nuts, ginkgo nuts, dried",348.0,10.35,72.45,2.0,
12129,"Nuts, ginkgo nuts, canned",111.0,2.29,22.1,1.62,9.3
12130,"Nuts, hickorynuts, dried",657.0,12.72,18.25,64.37,6.4
12131,"Nuts, macadamia nuts, raw",718.0,7.91,13.82,75.77,8.6
12132,"Nuts, macadamia nuts, dry roasted, without salt added",718.0,7.79,13.38,76.08,8.0
12135,"Nuts, mixed nuts, dry roasted, with peanuts, without salt added",607.0,19.5,22.42,53.5,6.4
12136,"Nuts, mixed nuts, dry roasted, with peanuts, salt added, PLANTERS pistachio blend",580.0,21.95,22.51,49.3,8.1
12137,"Nuts, mixed nuts, oil roasted, with peanuts, without salt added",607.0,20.04,21.05,53.95,7.0
12138,"Nuts, mixed nuts, oil roasted, without peanuts, without salt added",615.0,15.52,22.27,56.17,5.5
12140,"Nuts, formulated, wheat-based, unflavored, with salt added",622.0,13.82,23.68,57.7,5.2
12141,"Nuts, mixed nuts, dry roasted, with peanuts, salt added, CHOSEN ROASTER",632.0,18.0,19.02,58.8,7.1
12142,"Nuts, pecans",691.0,9.17,13.86,71.97,9.6
12143,"Nuts, pecans, dry roasted, without salt added",710.0,9.5,13.55,74.27,9.4
12144,"Nuts, pecans, oil roasted, without salt added",715.0,9.2,13.01,75.23,9.5
12145,"Nuts, pilinuts, dried",719.0,10.8,3.98,79.55,
12147,"Nuts, pine nuts, dried",673.0,13.69,13.08,68.37,3.7
12149,"Nuts, pine nuts, pinyon, dried",629.0,11.57,19.3,60.98,10.7
12151,"Nuts, pistachio nuts, raw",560.0,20.16,27.17,45.32,10.6
12152,"Nuts, pistachio nuts, dry roasted, without salt added",572.0,21.05,28.28,45.82,10.3
12154,"Nuts, walnuts, black, dried",619.0,24.06,9.58,59.33,6.8
12155,"Nuts, walnuts, english",654.0,15.23,13.71,65.21,6.7
12156,"Nuts, walnuts, glazed",500.0,8.28,47.59,35.71,3.6
12157,"Nuts, walnuts, dry roasted, with salt added",643.0,14.29,17.86,60.71,7.1
12158,"Seeds, breadfruit seeds, roasted",207.0,6.2,40.1,2.7,6.0
12160,"Seeds, cottonseed kernels, roasted (glandless)",506.0,32.59,21.9,36.29,5.5
12163,"Seeds, pumpkin and squash seeds, whole, roasted, without salt",446.0,18.55,53.75,19.4,18.4
12166,"Seeds, sesame butter, tahini, from roasted and toasted kernels (most common type)",595.0,17.0,21.19,53.76,9.3
12167,"Nuts, chestnuts, european, roasted",245.0,3.17,52.96,2.2,5.1
12169,"Seeds, sesame butter, paste",586.0,18.08,24.05,50.87,5.5
12170,"Seeds, sesame flour, high-fat",526.0,30.78,26.62,37.1,
12171,"Seeds, sesame butter, tahini, from unroasted kernels (non-chemically removed seed coat)",607.0,17.95,17.89,56.44,9.3
12174,"Seeds, watermelon seed kernels, dried",557.0,28.33,15.31,47.37,
12175,"Nuts, chestnuts, japanese, dried",360.0,5.25,81.43,1.24,
12176,"Nuts, coconut milk, frozen (liquid expressed from grated meat and water)",202.0,1.61,5.58,20.8,
12177,"Nuts, coconut meat, dried (desiccated), creamed",684.0,5.3,21.52,69.08,
12179,"Nuts, coconut meat, dried (desiccated), sweetened, shredded",501.0,2.88,47.67,35.49,4.5
12193,"Seeds, sisymbrium sp. seeds, whole, dried",318.0,12.14,58.26,4.6,
12195,"Nuts, almond butter, plain, without salt added",614.0,20.96,18.82,55.5,10.3
12198,"Seeds, sesame butter, tahini, from raw and stone ground kernels",570.0,17.81,26.19,48.0,9.3
12200,"Nuts, formulated, wheat-based, all flavors except macadamia, without salt",647.0,13.11,20.79,62.3,5.2
12201,"Seeds, sesame seed kernels, dried (decorticated)",631.0,20.45,11.73,61.21,11.6
12202,"Nuts, chestnuts, japanese, raw",154.0,2.25,34.91,0.53,
12203,"Nuts, chestnuts, japanese, boiled and steamed",56.0,0.82,12.64,0.19,
12204,"Nuts, chestnuts, japanese, roasted",201.0,2.97,45.13,0.8,
12205,"Seeds, lotus seeds, raw",89.0,4.13,17.28,0.53,
12206,"Nuts, almonds, honey roasted, unblanched",594.0,18.17,27.9,49.9,13.7
12220,"Seeds, flaxseed",534.0,18.29,28.88,42.16,27.3
12516,"Seeds, pumpkin and squash seed kernels, roasted, with salt added",574.0,29.84,14.71,49.05,6.5
12529,"Seeds, sesame seed kernels, toasted, with salt added (decorticated)",567.0,16.96,26.04,48.0,16.9
12536,"Seeds, sunflower seed kernels from shell, dry roasted, with salt added",546.0,19.33,15.31,49.8,9.0
12537,"Seeds, sunflower seed kernels, dry roasted, with salt added",582.0,19.33,24.07,49.8,9.0
12538,"Seeds, sunflower seed kernels, oil roasted, with salt added",592.0,20.06,22.89,51.3,10.6
12539,"Seeds, sunflower seed kernels, toasted, with salt added",619.0,17.21,20.59,56.8,11.5
12540,"Seeds, sunflower seed butter, with salt added",617.0,17.28,23.32,55.2,5.7
12563,"Nuts, almonds, dry roasted, with salt added",598.0,20.96,21.01,52.54,10.9
12565,"Nuts, almonds, oil roasted, with salt added",607.0,21.23,17.68,55.17,10.5
12567,"Nuts, almonds, oil roasted, with salt added, smoke flavor",607.0,21.43,17.86,55.89,10.7
12585,"Nuts, cashew nuts, dry roasted, with salt added",574.0,15.31,32.69,46.35,3.0
12586,"Nuts, cashew nuts, oil roasted, with salt added",581.0,16.84,30.16,47.77,3.3
12588,"Nuts, cashew butter, plain, with salt added",609.0,12.12,30.3,53.03,3.0
12632,"Nuts, macadamia nuts, dry roasted, with salt added",716.0,7.79,12.83,76.08,8.0
12635,"Nuts, mixed nuts, dry roasted, with peanuts, with salt added",594.0,17.3,25.35,51.45,9.0
12637,"Nuts, mixed nuts, oil roasted, with peanuts, with salt added",607.0,20.04,21.05,53.95,7.0
12638,"Nuts, mixed nuts, oil roasted, without peanuts, with salt added",615.0,15.52,22.27,56.17,5.5
12643,"Nuts, pecans, dry roasted, with salt added",710.0,9.5,13.55,74.27,9.4
12644,"Nuts, pecans, oil roasted, with salt added",715.0,9.2,13.01,75.23,9.5
12652,"Nuts, pistachio nuts, dry roasted, with salt added",569.0,21.05,27.55,45.82,10.3
12663,"Seeds, pumpkin and squash seeds, whole, roasted, with salt added",446.0,18.55,53.75,19.4,18.4
12665,"Nuts, almonds, oil roasted, lightly salted",607.0,21.23,17.68,55.17,10.5
12695,"Nuts, almond butter, plain, with salt added",614.0,20.96,18.82,55.5,10.3
12698,"Seeds, sesame butter, tahini, type of kernels unspecified",592.0,17.4,21.5,53.01,4.7
12737,"Nuts, mixed nuts, oil roasted, with peanuts, lightly salted",607.0,20.04,21.05,53.95,7.0
12738,"Nuts, mixed nuts, oil roasted, without peanuts, lightly salted",607.0,17.86,25.0,50.0,7.1
13000,"Beef, grass-fed, strip steaks, lean only, raw",117.0,23.07,0.0,2.69,0.0
13001,"Beef, carcass, separable lean and fat, choice, raw",291.0,17.32,0.0,24.05,0.0
13002,"Beef, carcass, separable lean and fat, select, raw",278.0,17.48,0.0,22.55,0.0
13019,"Beef, retail cuts, separable fat, raw",674.0,8.21,0.0,70.89,0.0
13020,"Beef, retail cuts, separable fat, cooked",680.0,10.65,0.0,70.33,0.0
13023,"Beef, brisket, whole, separable lean only, all grades, raw",155.0,20.72,0.0,7.37,0.0
13047,"Beef, grass-fed, ground, raw",198.0,19.42,0.0,12.73,0.0
13055,"Beef, brisket, flat half, separable lean and fat, trimmed to 1/8"" fat, select, cooked, braised",280.0,28.97,0.0,17.37,0.0
13065,"Beef, flank, steak, separable lean and fat, trimmed to 0"" fat, choice, raw",165.0,21.22,0.0,8.29,0.0
13066,"Beef, flank, steak, separable lean and fat, trimmed to 0"" fat, choice, cooked, braised",263.0,26.98,0.0,16.44,0.0
13067,"Beef, flank, steak, separable lean and fat, trimmed to 0"" fat, choice, cooked, broiled",202.0,27.55,0.0,9.31,0.0
13068,"Beef, flank, steak, separable lean only, trimmed to 0"" fat, choice, raw",149.0,21.72,0.0,6.29,0.0
13069,"Beef, flank, steak, separable lean only, trimmed to 0"" fat, choice, cooked, braised",237.0,28.02,0.0,13.0,0.0
13070,"Beef, flank, steak, separable lean only, trimmed to 0"" fat, choice, cooked, broiled",194.0,27.82,0.0,8.32,0.0
13095,"Beef, rib, eye, small end (ribs 10-12), separable lean and fat, trimmed to 0"" fat, choice, raw",274.0,17.51,0.0,22.07,0.0
13096,"Beef, rib, eye, small end (ribs 10-12), separable lean and fat, trimmed to 0"" fat, choice, cooked, broiled",265.0,26.58,0.0,16.76,0.0
13097,"Beef, rib, eye, small end (ribs 10-12), separable lean only, trimmed to 0"" fat, choice, raw",161.0,20.13,0.0,8.3,0.0
13098,"Beef, rib, eye, small end (ribs 10-12), separable lean only, trimmed to 0"" fat, choice, cooked, broiled",205.0,28.88,0.0,9.01,0.0
13147,"Beef, rib, shortribs, separable lean and fat, choice, raw",388.0,14.4,0.0,36.23,0.0
13148,"Beef, rib, shortribs, separable lean and fat, choice, cooked, braised",471.0,21.57,0.0,41.98,0.0
13149,"Beef, rib, shortribs, separable lean only, choice, raw",173.0,19.05,0.0,10.19,0.0
13150,"Beef, rib, shortribs, separable lean only, choice, cooked, braised",295.0,30.76,0.0,18.13,0.0
13156,"Beef, round, full cut, separable lean only, trimmed to 1/4"" fat, choice, cooked, broiled",191.0,29.21,0.0,7.31,0.0
13158,"Beef, round, full cut, separable lean only, trimmed to 1/4"" fat, select, cooked, broiled",172.0,29.25,0.0,5.22,0.0
13165,"Beef, brisket, flat half, separable lean and fat, trimmed to 0"" fat, choice, cooked, braised",221.0,32.21,0.0,9.24,0.0
13166,"USDA Commodity, beef, canned",246.0,20.52,0.0,17.57,0.0
13227,"Beef, shank crosscuts, separable lean only, trimmed to 1/4"" fat, choice, raw",128.0,21.75,0.0,3.85,0.0
13228,"Beef, shank crosscuts, separable lean only, trimmed to 1/4"" fat, choice, cooked, simmered",201.0,33.68,0.0,6.36,0.0
13231,"Beef, short loin, porterhouse steak, separable lean only, trimmed to 1/8"" fat, choice, raw",161.0,22.13,0.0,7.39,0.0
13232,"Beef, short loin, porterhouse steak, separable lean only, trimmed to 1/8"" fat, choice, cooked, grilled",221.0,27.65,0.0,11.36,0.0
13235,"Beef, short loin, t-bone steak, bone-in, separable lean only, trimmed to 1/8"" fat, choice, raw",160.0,22.1,0.0,7.27,0.0
13236,"Beef, short loin, t-bone steak, bone-in, separable lean only, trimmed to 1/8"" fat, choice, cooked, grilled",217.0,27.48,0.0,11.05,0.0
13284,"Beef, rib eye, small end (ribs 10-12), separable lean only, trimmed to 0"" fat, select, raw",149.0,21.17,0.0,6.57,0.0
13285,"Beef, chuck, under blade pot roast, boneless, separable lean only, trimmed to 0"" fat, all grades, cooked, braised",216.0,30.54,0.0,10.46,0.0
13293,"Beef, chuck, under blade pot roast or steak, boneless, separable lean only, trimmed to 0"" fat, all grades, raw",140.0,21.13,0.31,6.07,0.0
13294,"Beef, chuck, under blade pot roast or steak, boneless, separable lean only, trimmed to 0"" fat, choice, raw",145.0,21.19,0.39,6.51,0.0
13317,"Beef, ground, patties, frozen, cooked, broiled",295.0,23.05,0.0,21.83,0.0
13318,"Beef, variety meats and by-products, brain, raw",143.0,10.86,1.05,10.3,0.0
13319,"Beef, variety meats and by-products, brain, cooked, pan-fried",196.0,12.57,0.0,15.83,0.0
13320,"Beef, variety meats and by-products, brain, cooked, simmered",151.0,11.67,1.48,10.53,0.0
13321,"Beef, variety meats and by-products, heart, raw",112.0,17.72,0.14,3.94,0.0
13322,"Beef, variety meats and by-products, heart, cooked, simmered",165.0,28.48,0.15,4.73,0.0
13323,"Beef, variety meats and by-products, kidneys, raw",99.0,17.4,0.29,3.09,0.0
13324,"Beef, variety meats and by-products, kidneys, cooked, simmered",158.0,27.27,0.0,4.65,0.0
13325,"Beef, variety meats and by-products, liver, raw",135.0,20.36,3.89,3.63,0.0
13326,"Beef, variety meats and by-products, liver, cooked, braised",191.0,29.08,5.13,5.26,0.0
13327,"Beef, variety meats and by-products, liver, cooked, pan-fried",175.0,26.52,5.16,4.68,0.0
13328,"Beef, variety meats and by-products, lungs, raw",92.0,16.2,0.0,2.5,0.0
13329,"Beef, variety meats and by-products, lungs, cooked, braised",120.0,20.4,0.0,3.7,0.0
13330,"Beef, variety meats and by-products, mechanically separated beef, raw",276.0,14.97,0.0,23.52,0.0
13331,"Beef, variety meats and by-products, pancreas, raw",235.0,15.7,0.0,18.6,0.0
13332,"Beef, variety meats and by-products, pancreas, cooked, braised",271.0,27.1,0.0,17.2,0.0
13333,"Beef, variety meats and by-products, spleen, raw",105.0,18.3,0.0,3.0,0.0
13334,"Beef, variety meats and by-products, spleen, cooked, braised",145.0,25.1,0.0,4.2,0.0
13335,"Beef, variety meats and by-products, suet, raw",854.0,1.5,0.0,94.0,0.0
13337,"Beef, variety meats and by-products, thymus, raw",236.0,12.18,0.0,20.35,0.0
13338,"Beef, variety meats and by-products, thymus, cooked, braised",319.0,21.85,0.0,24.98,0.0
13339,"Beef, variety meats and by-products, tongue, raw",224.0,14.9,3.68,16.09,0.0
13340,"Beef, variety meats and by-products, tongue, cooked, simmered",284.0,19.29,0.0,22.3,0.0
13341,"Beef, variety meats and by-products, tripe, raw",85.0,12.07,0.0,3.69,0.0
13342,"Beef, sandwich steaks, flaked, chopped, formed and thinly sliced, raw",309.0,16.5,0.0,27.0,0.0
13343,"Beef, brisket, flat half, separable lean only, trimmed to 0"" fat, choice, cooked, braised",212.0,32.62,0.0,8.07,0.0
13344,"Beef, cured, breakfast strips, raw or unheated",406.0,12.5,0.7,38.8,0.0
13345,"Beef, cured, breakfast strips, cooked",449.0,31.3,1.4,34.4,0.0
13346,"Beef, cured, corned beef, brisket, raw",198.0,14.68,0.14,14.9,0.0
13347,"Beef, cured, corned beef, brisket, cooked",251.0,18.17,0.47,18.98,0.0
13348,"Beef, cured, corned beef, canned",250.0,27.1,0.0,14.93,0.0
13349,"Beef, chuck, under blade pot roast or steak, boneless, separable lean only, trimmed to 0"" fat, select, raw",134.0,21.03,0.19,5.41,0.0
13350,"Beef, cured, dried",153.0,31.1,2.76,1.94,0.0
13351,"Beef, chuck, under blade center steak, boneless, Denver Cut, separable lean only, trimmed to 0"" fat, all grades, cooked, grilled",220.0,26.5,0.14,12.64,0.0
13352,"Beef, chuck, under blade center steak, boneless, Denver Cut, separable lean only, trimmed to 0"" fat, choice, cooked, grilled",228.0,26.49,0.28,13.42,0.0
13353,"Beef, cured, luncheon meat, jellied",111.0,19.0,0.0,3.3,0.0
13354,"Beef, chuck, under blade center steak, boneless, Denver Cut, separable lean only, trimmed to 0"" fat, select, cooked, grilled",209.0,26.53,0.0,11.46,0.0
13355,"Beef, cured, pastrami",147.0,21.8,0.36,5.82,0.0
13356,"Beef, chuck, under blade center steak, boneless, Denver Cut, separable lean only, trimmed to 0"" fat, all grades, raw",170.0,19.42,0.49,9.99,0.0
13357,"Beef, cured, sausage, cooked, smoked",312.0,14.11,2.42,26.91,0.0
13358,"Beef, cured, smoked, chopped beef",133.0,20.19,1.86,4.42,0.0
13359,"Beef, chuck, under blade center steak, boneless, Denver Cut, separable lean only, trimmed to 0"" fat, choice, raw",178.0,19.23,0.67,10.96,0.0
13361,"Beef, composite of trimmed retail cuts, separable lean and fat, trimmed to 0"" fat, all grades, cooked",230.0,28.4,0.0,12.42,0.0
13362,"Beef, composite of trimmed retail cuts, separable lean and fat, trimmed to 0"" fat, choice, cooked",233.0,28.17,0.0,12.53,0.0
13363,"Beef, composite of trimmed retail cuts, separable lean and fat, trimmed to 0"" fat, select, cooked",203.0,28.61,0.0,9.18,0.0
13364,"Beef, composite of trimmed retail cuts, separable lean only, trimmed to 0"" fat, all grades, cooked",203.0,29.9,0.0,8.37,0.0
13365,"Beef, composite of trimmed retail cuts, separable lean only, trimmed to 0"" fat, choice, cooked",206.0,29.51,0.0,8.87,0.0
13366,"Beef, composite of trimmed retail cuts, separable lean only, trimmed to 0"" fat, select, cooked",188.0,29.88,0.0,7.12,0.0
13367,"Beef, brisket, whole, separable lean and fat, trimmed to 0"" fat, all grades, cooked, braised",291.0,26.79,0.0,19.52,0.0
13368,"Beef, brisket, whole, separable lean only, trimmed to 0"" fat, all grades, cooked, braised",218.0,29.75,0.0,10.08,0.0
13369,"Beef, brisket, flat half, separable lean and fat, trimmed to 0"" fat, all grades, cooked, braised",213.0,32.9,0.0,8.01,0.0
13370,"Beef, brisket, flat half, separable lean only, trimmed to 0"" fat, all grades, cooked, braised",205.0,33.26,0.0,6.99,0.0
13371,"Beef, brisket, point half, separable lean and fat, trimmed to 0"" fat, all grades, cooked, braised",358.0,23.53,0.0,28.5,0.0
13372,"Beef, brisket, point half, separable lean only, trimmed to 0"" fat, all grades, cooked, braised",244.0,28.05,0.0,13.8,0.0
13373,"Beef, chuck, arm pot roast, separable lean and fat, trimmed to 0"" fat, all grades, cooked, braised",297.0,28.94,0.0,19.17,0.0
13375,"Beef, chuck, arm pot roast, separable lean and fat, trimmed to 0"" fat, select, cooked, braised",283.0,29.23,0.0,17.56,0.0
13377,"Beef, chuck, arm pot roast, separable lean only, trimmed to 0"" fat, choice, cooked, braised",212.0,33.36,0.0,7.67,0.0
13378,"Beef, chuck, arm pot roast, separable lean only, trimmed to 0"" fat, select, cooked, braised",195.0,33.37,0.0,5.8,0.0
13379,"Beef, chuck, blade roast, separable lean and fat, trimmed to 0"" fat, all grades, cooked, braised",334.0,27.18,0.0,24.14,0.0
13380,"Beef, chuck, under blade pot roast, boneless, separable lean and fat, trimmed to 0"" fat, choice, cooked, braised",306.0,26.39,0.0,21.48,0.0
13381,"Beef, chuck, under blade pot roast, boneless, separable lean and fat, trimmed to 0"" fat, select, cooked, braised",288.0,27.17,0.0,19.02,0.0
13382,"Beef, chuck, blade roast, separable lean only, trimmed to 0"" fat, all grades, cooked, braised",253.0,31.06,0.0,13.3,0.0
13383,"Beef, chuck, under blade pot roast, boneless, separable lean only, trimmed to 0"" fat, choice, cooked, braised",231.0,30.45,0.0,11.14,0.0
13384,"Beef, chuck, under blade pot roast, boneless, separable lean only, trimmed to 0"" fat, select, cooked, braised",216.0,30.68,0.0,9.44,0.0
13386,"Beef, rib, large end (ribs 6-9), separable lean and fat, trimmed to 0"" fat, choice, cooked, roasted",372.0,22.8,0.0,30.49,0.0
13387,"Beef, rib, large end (ribs 6-9), separable lean and fat, trimmed to 0"" fat, select, cooked, roasted",331.0,23.48,0.0,25.54,0.0
13388,"Beef, rib, large end (ribs 6-9), separable lean only, trimmed to 0"" fat, all grades, cooked, roasted",238.0,27.53,0.0,13.4,0.0
13389,"Beef, rib, large end (ribs 6-9), separable lean only, trimmed to 0"" fat, choice, cooked, roasted",253.0,27.53,0.0,15.0,0.0
13390,"Beef, rib, large end (ribs 6-9), separable lean only, trimmed to 0"" fat, select, cooked, roasted",220.0,27.53,0.0,11.4,0.0
13391,"Beef, rib, small end (ribs 10-12), separable lean and fat, trimmed to 0"" fat, all grades, cooked, broiled",249.0,27.27,0.0,14.74,0.0
13392,"Beef, rib, small end (ribs 10-12), separable lean and fat, trimmed to 0"" fat, choice, cooked, broiled",312.0,24.73,0.0,22.84,0.0
13393,"Beef, rib, small end (ribs 10-12), separable lean and fat, trimmed to 0"" fat, select, cooked, broiled",285.0,24.91,0.0,19.79,0.0
13394,"Beef, rib, small end (ribs 10-12), separable lean only, trimmed to 0"" fat, all grades, cooked, broiled",193.0,29.41,0.0,7.53,0.0
13395,"Beef, rib, small end (ribs 10-12), separable lean only, trimmed to 0"" fat, choice, cooked, broiled",225.0,28.04,0.0,11.7,0.0
13396,"Beef, rib, small end (ribs 10-12), separable lean only, trimmed to 0"" fat, select, cooked, broiled",198.0,28.04,0.0,8.7,0.0
13398,"Beef, round, bottom round, steak, separable lean and fat, trimmed to 0"" fat, all grades, cooked, braised",223.0,33.56,0.0,8.86,0.0
13399,"Beef, round, bottom round, roast, separable lean and fat, trimmed to 0"" fat, all grades, cooked, roasted",187.0,27.42,0.0,7.72,0.0
13401,"Beef, round, bottom round, steak, separable lean and fat, trimmed to 0"" fat, choice, cooked, braised",230.0,32.73,0.0,10.0,0.0
13402,"Beef, round, bottom round, roast, separable lean and fat, trimmed to 0"" fat, choice, cooked, roasted",199.0,26.76,0.0,9.37,0.0
13404,"Beef, round, bottom round, steak, separable lean and fat, trimmed to 0"" fat, select, cooked, braised",217.0,34.39,0.0,7.72,0.0
13405,"Beef, round, bottom round, roast, separable lean and fat, trimmed to 0"" fat, select, cooked, roasted",175.0,28.08,0.0,6.06,0.0
13407,"Beef, round, bottom round, steak, separable lean only, trimmed to 0"" fat, all grades, cooked, braised",214.0,34.0,0.0,7.67,0.0
13408,"Beef, round, bottom round, roast, separable lean only, trimmed to 0"" fat, all grades, cooked, roasted",177.0,27.76,0.0,6.48,0.0
13410,"Beef, round, bottom round, steak, separable lean only, trimmed to 0"" fat, choice, cooked, braised",223.0,33.08,0.0,9.03,0.0
13411,"Beef, round, bottom round, roast, separable lean only, trimmed to 0"" fat, choice, cooked, roasted",185.0,27.23,0.0,7.63,0.0
13413,"Beef, round, bottom round, steak, separable lean only, trimmed to 0"" fat, select, cooked, braised",206.0,34.93,0.0,6.3,0.0
13414,"Beef, round, bottom round roast, separable lean only, trimmed to 0"" fat, select, cooked, roasted",169.0,28.29,0.0,5.33,0.0
13415,"Beef, round, eye of round roast, boneless, separable lean and fat, trimmed to 0"" fat, all grades, cooked, roasted",167.0,29.66,0.0,4.46,0.0
13416,"Beef, round, eye of round roast, boneless, separable lean and fat, trimmed to 0"" fat, choice, cooked, roasted",171.0,29.79,0.0,4.83,0.0
13417,"Beef, round, eye of round roast, boneless, separable lean and fat, trimmed to 0"" fat, select, cooked, roasted",162.0,29.45,0.0,3.97,0.0
13418,"Beef, round, eye of round roast, boneless, separable lean only, trimmed to 0"" fat, all grades, cooked, roasted",163.0,29.85,0.0,3.9,0.0
13419,"Beef, round, eye of round roast, boneless, separable lean only, trimmed to 0"" fat, choice, cooked, roasted",166.0,29.94,0.0,4.26,0.0
13420,"Beef, round, eye of round roast, boneless, separable lean only, trimmed to 0"" fat, select, cooked, roasted",157.0,29.52,0.0,3.43,0.0
13421,"Beef, round, tip round, roast, separable lean and fat, trimmed to 0"" fat, all grades, cooked, roasted",188.0,26.79,0.0,8.21,0.0
13422,"Beef, round, tip round, roast, separable lean and fat, trimmed to 0"" fat, choice, cooked, roasted",196.0,27.01,0.0,8.9,0.0
13423,"Beef, round, tip round, roast, separable lean and fat, trimmed to 0"" fat, select, cooked, roasted",181.0,26.57,0.0,7.53,0.0
13424,"Beef, round, tip round, roast, separable lean only, trimmed to 0"" fat, all grades, cooked, roasted",174.0,27.53,0.0,6.2,0.0
13425,"Beef, round, tip round, roast, separable lean only, trimmed to 0"" fat, choice, cooked, roasted",176.0,27.68,0.0,6.42,0.0
13426,"Beef, round, tip round, roast, separable lean only, trimmed to 0"" fat, select, cooked, roasted",149.0,27.37,0.0,4.38,0.0
13428,"Beef, round, top round, separable lean and fat, trimmed to 0"" fat, all grades, cooked, braised",209.0,35.62,0.0,6.31,0.0
13430,"Beef, round, top round, separable lean and fat, trimmed to 0"" fat, choice, cooked, braised",216.0,35.62,0.0,7.09,0.0
13432,"Beef, round, top round, separable lean and fat, trimmed to 0"" fat, select, cooked, braised",200.0,35.62,0.0,5.33,0.0
13436,"Beef, round, top round, separable lean only, trimmed to 0"" fat, choice, cooked, braised",207.0,36.12,0.0,5.8,0.0
13438,"Beef, round, top round, separable lean only, trimmed to 0"" fat, select, cooked, braised",190.0,36.12,0.0,4.0,0.0
13439,"Beef, loin, tenderloin steak, boneless, separable lean and fat, trimmed to 0"" fat, all grades, cooked, grilled",211.0,30.5,0.0,8.91,0.0
13440,"Beef, loin, tenderloin steak, boneless, separable lean and fat, trimmed to 0"" fat, choice, cooked, grilled",217.0,30.21,0.0,9.71,0.0
13441,"Beef, loin, tenderloin steak, boneless, separable lean and fat, trimmed to 0"" fat, select, cooked, grilled",202.0,30.93,0.0,7.7,0.0
13442,"Beef, loin, tenderloin steak, boneless, separable lean only, trimmed to 0"" fat, all grades, cooked, grilled",198.0,30.7,0.0,8.32,0.0
13443,"Beef, loin, tenderloin steak, boneless, separable lean only, trimmed to 0"" fat, choice, cooked, grilled",211.0,30.45,0.0,9.03,0.0
13444,"Beef, loin, tenderloin steak, boneless, separable lean only, trimmed to 0"" fat, select, cooked, grilled",198.0,31.09,0.0,7.25,0.0
13445,"Beef, loin, top loin steak, boneless, lip off, separable lean and fat, trimmed to 0"" fat, all grades, cooked, grilled",223.0,28.57,0.0,11.15,0.0
13446,"Beef, loin, top loin steak, boneless, lip off, separable lean and fat, trimmed to 0"" fat, choice, cooked, grilled",233.0,28.19,0.0,12.51,0.0
13447,"Beef, loin, top loin steak, boneless, lip off, separable lean and fat, trimmed to 0"" fat, select, cooked, grilled",207.0,29.16,0.0,9.12,0.0
13448,"Beef, loin, top loin steak, boneless, lip off, separable lean only, trimmed to 0"" fat, all grades, cooked, grilled",202.0,29.53,0.0,8.41,0.0
13449,"Beef, loin, top loin steak, boneless, lip off, separable lean only, trimmed to 0"" fat, choice, cooked, grilled",211.0,29.22,0.0,9.52,0.0
13450,"Beef, loin, top loin steak, boneless, lip off, separable lean only, trimmed to 0"" fat, select, cooked, grilled",189.0,29.99,0.0,6.74,0.0
13451,"Beef, top sirloin, steak, separable lean and fat, trimmed to 0"" fat, all grades, cooked, broiled",212.0,29.33,0.0,9.67,0.0
13452,"Beef, top sirloin, steak, separable lean and fat, trimmed to 0"" fat, choice, cooked, broiled",219.0,29.02,0.0,10.54,0.0
13453,"Beef, top sirloin, steak, separable lean and fat, trimmed to 0"" fat, select, cooked, broiled",206.0,29.65,0.0,8.8,0.0
13454,"Beef, top sirloin, steak, separable lean only, trimmed to 0"" fat, all grades, cooked, broiled",183.0,30.55,0.0,5.79,0.0
13455,"Beef, top sirloin, steak, separable lean only, trimmed to 0"" fat, choice, cooked, broiled",188.0,30.29,0.0,6.55,0.0
13456,"Beef, top sirloin, steak, separable lean only, trimmed to 0"" fat, select, cooked, broiled",177.0,30.8,0.0,5.03,0.0
13459,"Beef, short loin, porterhouse steak, separable lean and fat, trimmed to 0"" fat, all grades, cooked, broiled",276.0,23.96,0.0,19.27,0.0
13460,"Beef, short loin, porterhouse steak, separable lean and fat, trimmed to 0"" fat, USDA choice, cooked, broiled",283.0,23.61,0.0,20.15,0.0
13463,"Beef, short loin, porterhouse steak, separable lean and fat, trimmed to 0"" fat, USDA select, cooked, broiled",267.0,24.47,0.0,17.98,0.0
13464,"Beef, short loin, porterhouse steak, separable lean only, trimmed to 1/8"" fat, all grades, raw",155.0,22.32,0.0,6.6,0.0
13465,"Beef, short loin, porterhouse steak, separable lean only,  trimmed to 1/8"" fat, all grades, cooked, grilled",213.0,28.16,0.0,10.32,0.0
13466,"Beef, short loin, porterhouse steak, separable lean only, trimmed to 0"" fat, all grades, cooked, broiled",212.0,26.07,0.0,11.18,0.0
13467,"Beef, short loin, porterhouse steak, separable lean only, trimmed to 0"" fat, choice, cooked, broiled",224.0,25.51,0.0,12.8,0.0
13468,"Beef, short loin, porterhouse steak, separable lean only, trimmed to 1/8"" fat, select, raw",145.0,22.61,0.0,5.41,0.0
13469,"Beef, short loin, porterhouse steak, separable lean only, trimmed to 1/8"" fat, select, cooked, grilled",203.0,28.92,0.0,8.76,0.0
13470,"Beef, short loin, porterhouse steak, separable lean only, trimmed to 0"" fat, select, cooked, broiled",194.0,26.89,0.0,8.81,0.0
13473,"Beef, short loin, t-bone steak, separable lean and fat, trimmed to 0"" fat, all grades, cooked, broiled",247.0,24.18,0.0,15.93,0.0
13474,"Beef, short loin, t-bone steak, separable lean and fat, trimmed to 0"" fat, USDA choice, cooked, broiled",258.0,24.05,0.0,17.26,0.0
13477,"Beef, short loin, t-bone steak, separable lean and fat, trimmed to 0"" fat, USDA select, cooked, broiled",230.0,24.38,0.0,14.0,0.0
13478,"Beef, short loin, t-bone steak, bone-in, separable lean only, trimmed to 1/8"" fat, all grades, raw",153.0,22.22,0.0,6.5,0.0
13479,"Beef, short loin, t-bone steak, bone-in, separable lean only, trimmed to 1/8"" fat, all grades, cooked, grilled",212.0,27.86,0.0,10.37,0.0
13481,"Beef, short loin, t-bone steak, separable lean only, trimmed to 0"" fat, choice, cooked, broiled",198.0,25.98,0.0,9.61,0.0
13482,"Beef, short loin, t-bone steak, bone-in, separable lean only, trimmed to 1/8"" fat, select, raw",144.0,22.41,0.0,5.34,0.0
13483,"Beef, short loin, t-bone steak, bone-in, separable lean only, trimmed to 1/8"" fat, select, cooked, grilled",206.0,28.45,0.0,9.35,0.0
13484,"Beef, short loin, t-bone steak, separable lean only, trimmed to 0"" fat, select, cooked, broiled",177.0,26.0,0.0,7.36,0.0
13485,"Beef, brisket, flat half, separable lean only, trimmed to 0"" fat, select, cooked, braised",198.0,33.9,0.0,5.92,0.0
13486,"Beef, round, tip round, roast, separable lean and fat, trimmed to 0"" fat, all grades, raw",151.0,20.48,0.0,7.01,0.0
13487,"Beef, round, tip round, roast, separable lean and fat, trimmed to 0"" fat, choice, raw",156.0,20.16,0.0,7.73,0.0
13488,"Beef, round, tip round, roast, separable lean and fat, trimmed to 0"" fat, select, raw",145.0,20.8,0.0,6.28,0.0
13490,"Beef, rib, eye, small end (ribs 10- 12) separable lean only, trimmed to 0"" fat, select, cooked, broiled",182.0,29.93,0.0,6.05,0.0
13491,"Beef, round, top round steak, boneless, separable lean only, trimmed to 0"" fat, all grades, cooked, grilled",162.0,30.09,0.0,3.77,0.0
13492,"Beef, round, top round steak, boneless, separable lean only, trimmed to 0"" fat, choice, cooked, grilled",166.0,30.24,0.0,4.11,0.0
13493,"Beef, round, top round steak, boneless, separable lean only, trimmed to 0"" fat, select, cooked, grilled",158.0,29.81,0.0,3.37,0.0
13494,"Beef, ground, 70% lean meat / 30% fat, crumbles, cooked, pan-browned",270.0,25.56,0.0,17.86,0.0
13495,"Beef, ground, 70% lean meat / 30% fat, loaf, cooked, baked",241.0,23.87,0.0,15.37,0.0
13496,"Beef, ground, 70% lean meat / 30% fat, patty cooked, pan-broiled",238.0,22.86,0.0,15.54,0.0
13497,"Beef, ground, 70% lean meat / 30% fat, patty, cooked, broiled",277.0,25.38,0.0,18.66,0.0
13498,"Beef, ground, 70% lean meat / 30% fat, raw",332.0,14.35,0.0,30.0,0.0
13499,"Beef, chuck, under blade center steak, boneless, Denver Cut, separable lean only, trimmed to 0"" fat, select, raw",157.0,19.71,0.21,8.54,0.0
13500,"Beef, shoulder top blade steak, boneless, separable lean only, trimmed to 0"" fat, all grades, cooked, grilled",196.0,28.15,0.0,9.23,0.0
13501,"Beef, shoulder top blade steak, boneless, separable lean only, trimmed to 0"" fat, choice, cooked, grilled",202.0,28.28,0.0,9.83,0.0
13502,"Beef, shoulder top blade steak, boneless, separable lean only, trimmed to 0"" fat, select, cooked, grilled",187.0,27.96,0.0,8.34,0.0
13519,"Beef, shoulder top blade steak, boneless, separable lean only, trimmed to 0"" fat, all grades, raw",139.0,20.36,0.0,6.42,0.0
13520,"Beef, shoulder top blade steak, boneless, separable lean only, trimmed to 0"" fat, choice, raw",143.0,20.35,0.0,6.88,0.0
13523,"Beef, shoulder top blade steak, boneless, separable lean only, trimmed to 0"" fat, select, raw",133.0,20.39,0.0,5.73,0.0
13595,"Beef, brisket, flat half, boneless separable lean only, trimmed to 0"" fat, all grades, raw",132.0,21.47,0.0,5.11,0.0
13596,"Beef, brisket, flat half, boneless, separable lean only, trimmed to 0"" fat, choice, raw",137.0,21.28,0.0,5.75,0.0
13597,"Beef, brisket, flat half, boneless, separable lean only, trimmed to 0"" fat, select, raw",124.0,21.74,0.0,4.14,0.0
13598,"Beef, shoulder top blade steak, boneless, separable lean and fat, trimmed to 0"" fat, all grades, cooked, grilled",210.0,27.59,0.0,11.07,0.0
13647,"Beef, shoulder pot roast or steak, boneless, separable lean only, trimmed to 0"" fat, all grades, raw",123.0,21.64,0.0,4.09,0.0
13648,"Beef, shoulder pot roast or steak, boneless, separable lean only, trimmed to 0"" fat, choice, raw",125.0,21.45,0.11,4.35,0.0
13649,"Beef, shoulder pot roast or steak, boneless, separable lean only, trimmed to 0"" fat, select, raw",121.0,21.93,0.0,3.7,0.0
13650,"Beef, shoulder top blade steak, boneless, separable lean and fat, trimmed to 0"" fat, choice, cooked, grilled",220.0,27.51,0.0,12.26,0.0
13786,"Beef, chuck eye roast, boneless, America's Beef Roast, separable lean and fat, trimmed to 0"" fat, all grades, raw",180.0,19.18,0.0,11.48,0.0
13788,"Beef, chuck eye roast, boneless, America's Beef Roast, separable lean and fat, trimmed to 0"" fat, choice, raw",185.0,19.14,0.0,12.02,0.0
13791,"Beef, chuck eye roast, boneless, America's Beef Roast, separable lean and fat, trimmed to 0"" fat, select, raw",173.0,19.25,0.0,10.67,0.0
13795,"Beef, composite of trimmed retail cuts, separable lean and fat, trimmed to 1/8"" fat, all grades, raw",214.0,20.01,0.0,14.42,0.0
13796,"Beef, composite of trimmed retail cuts, separable lean and fat, trimmed to 1/8"" fat, all grades, cooked",259.0,26.11,0.0,16.59,0.0
13797,"Beef, composite of trimmed retail cuts, separable lean and fat, trimmed to 1/8"" fat, choice, raw",222.0,19.79,0.0,15.42,0.0
13798,"Beef, composite of trimmed retail cuts, separable lean and fat, trimmed to 1/8"" fat, choice, cooked",268.0,25.85,0.0,17.68,0.0
13799,"Beef, composite of trimmed retail cuts, separable lean and fat, trimmed to 1/8"" fat, select, raw",192.0,19.06,0.0,12.4,0.0
13800,"Beef, composite of trimmed retail cuts, separable lean and fat, trimmed to 1/8"" fat, select, cooked",245.0,26.06,0.0,15.09,0.0
13803,"Beef, brisket, whole, separable lean and fat, trimmed to 1/8"" fat, all grades, raw",251.0,18.42,0.0,19.06,0.0
13804,"Beef, brisket, whole, separable lean and fat, trimmed to 1/8"" fat, all grades, cooked, braised",331.0,25.85,0.0,24.5,0.0
13805,"Beef, brisket, flat half, separable lean and fat, trimmed to 1/8"" fat, all grades, raw",277.0,17.94,0.0,22.18,0.0
13806,"Beef, brisket, flat half, separable lean and fat, trimmed to 1/8"" fat, all grades, cooked, braised",289.0,28.82,0.0,18.42,0.0
13807,"Beef, brisket, point half, separable lean and fat, trimmed to 1/8"" fat, all grades, raw",265.0,17.65,0.0,20.98,0.0
13808,"Beef, brisket, point half, separable lean and fat, trimmed to 1/8"" fat, all grades, cooked, braised",349.0,24.4,0.0,27.17,0.0
13809,"Beef, chuck, arm pot roast, separable lean and fat, trimmed to 1/8"" fat, all grades, raw",244.0,19.23,0.0,17.98,0.0
13810,"Beef, chuck, arm pot roast, separable lean and fat, trimmed to 1/8"" fat, all grades, cooked, braised",302.0,30.12,0.0,19.22,0.0
13811,"Beef, chuck, arm pot roast, separable lean and fat, trimmed to 1/8"" fat, choice, raw",249.0,19.14,0.0,18.57,0.0
13812,"Beef, chuck, arm pot roast, separable lean and fat, trimmed to 1/8"" fat, choice, cooked, braised",309.0,30.2,0.0,19.93,0.0
13813,"Beef, chuck, arm pot roast, separable lean and fat, trimmed to 1/8"" fat, select, raw",239.0,19.33,0.0,17.39,0.0
13814,"Beef, chuck, arm pot roast, separable lean and fat, trimmed to 1/8"" fat, select, cooked, braised",295.0,30.05,0.0,18.5,0.0
13815,"Beef, chuck, blade roast, separable lean and fat, trimmed to 1/8"" fat, all grades, raw",248.0,17.16,0.0,19.41,0.0
13816,"Beef, chuck, blade roast, separable lean and fat, trimmed to 1/8"" fat, all grades, cooked, braised",341.0,26.78,0.0,25.12,0.0
13817,"Beef, chuck, blade roast, separable lean and fat, trimmed to 1/8"" fat, choice, raw",265.0,16.98,0.0,21.31,0.0
13818,"Beef, chuck, blade roast, separable lean and fat, trimmed to 1/8"" fat, choice, cooked, braised",359.0,26.37,0.0,27.26,0.0
13819,"Beef, chuck, blade roast, separable lean and fat, trimmed to 1/8"" fat, select, raw",230.0,17.37,0.0,17.33,0.0
13820,"Beef, chuck, blade roast, separable lean and fat, trimmed to 1/8"" fat, select, cooked, braised",318.0,27.33,0.0,22.35,0.0
13821,"Beef, chuck eye roast, boneless, America's Beef Roast, separable lean only, trimmed to 0"" fat, all grades, cooked, roasted",183.0,26.65,0.0,8.46,0.0
13822,"Beef, chuck eye roast, boneless, America's Beef Roast, separable lean only, trimmed to 0"" fat, choice, cooked, roasted",190.0,26.41,0.0,9.36,0.0
13823,"Beef, chuck eye roast, boneless, America's Beef Roast, separable lean only, trimmed to 0"" fat, select, cooked, roasted",172.0,27.02,0.0,7.12,0.0
13824,"Beef, rib, whole (ribs 6-12), separable lean and fat, trimmed to 1/8"" fat, all grades, raw",306.0,16.53,0.0,26.1,0.0
13825,"Beef, rib, whole (ribs 6-12), separable lean and fat, trimmed to 1/8"" fat, all grades, cooked, broiled",337.0,22.42,0.0,26.75,0.0
13826,"Beef, rib, whole (ribs 6-12), separable lean and fat, trimmed to 1/8"" fat, all grades, cooked, roasted",351.0,22.77,0.0,28.11,0.0
13827,"Beef, rib, whole (ribs 6-12), separable lean and fat, trimmed to 1/8"" fat, choice, raw",322.0,16.34,0.0,27.93,0.0
13828,"Beef, rib, whole (ribs 6-12), separable lean and fat, trimmed to 1/8"" fat, choice, cooked, broiled",352.0,22.26,0.0,28.5,0.0
13829,"Beef, rib, whole (ribs 6-12), separable lean and fat, trimmed to 1/8"" fat, choice, cooked, roasted",365.0,22.6,0.0,29.79,0.0
13830,"Beef, rib, whole (ribs 6-12), separable lean and fat, trimmed to 1/8"" fat, select, raw",288.0,16.75,0.0,23.95,0.0
13831,"Beef, rib, whole (ribs 6-12), separable lean and fat, trimmed to 1/8"" fat, select, cooked, broiled",315.0,22.73,0.0,24.2,0.0
13832,"Beef, rib, whole (ribs 6-12), separable lean and fat, trimmed to 1/8"" fat, select, cooked, roasted",330.0,23.1,0.0,25.63,0.0
13833,"Beef, rib, whole (ribs 6-12), separable lean and fat, trimmed to 1/8"" fat, prime, raw",355.0,16.15,0.0,31.66,0.0
13834,"Beef, rib, whole (ribs 6-12), separable lean and fat, trimmed to 1/8"" fat, prime, cooked, broiled",386.0,21.95,0.0,32.38,0.0
13835,"Beef, rib, whole (ribs 6-12), separable lean and fat, trimmed to 1/8"" fat, prime, cooked, roasted",400.0,22.57,0.0,33.7,0.0
13838,"Beef, rib, large end (ribs 6-9), separable lean and fat, trimmed to 1/8"" fat, all grades, raw",316.0,16.26,0.0,27.29,0.0
13839,"Beef, rib, large end (ribs 6-9), separable lean and fat, trimmed to 1/8"" fat, all grades, cooked, broiled",338.0,21.55,0.0,27.22,0.0
13840,"Beef, rib, large end (ribs 6-9), separable lean and fat, trimmed to 1/8"" fat, all grades, cooked, roasted",355.0,23.01,0.0,28.51,0.0
13841,"Beef, rib, large end (ribs 6-9), separable lean and fat, trimmed to 1/8"" fat, choice, raw",333.0,16.03,0.0,29.34,0.0
13842,"Beef, rib, large end (ribs 6-9), separable lean and fat, trimmed to 1/8"" fat, choice, cooked, broiled",370.0,20.86,0.0,31.18,0.0
13843,"Beef, rib, large end (ribs 6-9), separable lean and fat, trimmed to 1/8"" fat, choice, cooked, roasted",378.0,22.5,0.0,31.28,0.0
13844,"Beef, rib, large end (ribs 6-9), separable lean and fat, trimmed to 1/8"" fat, select, raw",295.0,16.52,0.0,24.85,0.0
13845,"Beef, rib, large end (ribs 6-9), separable lean and fat, trimmed to 1/8"" fat, select, cooked, broiled",324.0,21.55,0.0,25.71,0.0
13846,"Beef, rib, large end (ribs 6-9), separable lean and fat, trimmed to 1/8"" fat, select, cooked, roasted",333.0,23.4,0.0,25.84,0.0
13847,"Beef, rib, large end (ribs 6-9), separable lean and fat, trimmed to 1/8"" fat, prime, raw",367.0,15.77,0.0,33.26,0.0
13848,"Beef, rib, large end (ribs 6-9), separable lean and fat, trimmed to 1/8"" fat, prime, cooked, broiled",404.0,20.65,0.0,34.97,0.0
13849,"Beef, rib, large end (ribs 6-9), separable lean and fat, trimmed to 1/8"" fat, prime, cooked, roasted",393.0,22.86,0.0,32.74,0.0
13850,"Beef, rib, small end (ribs 10-12), separable lean and fat, trimmed to 1/8"" fat, all grades, raw",254.0,19.33,0.0,19.06,0.0
13851,"Beef, rib, small end (ribs 10-12), separable lean and fat, trimmed to 1/8"" fat, all grades, cooked, broiled",291.0,25.85,0.0,20.04,0.0
13852,"Beef, rib, small end (ribs 10-12), separable lean and fat, trimmed to 1/8"" fat, all grades, cooked, roasted",341.0,22.54,0.0,27.14,0.0
13853,"Beef, rib, small end (ribs 10-12), separable lean and fat, trimmed to 1/8"" fat, choice, raw",263.0,19.09,0.0,20.13,0.0
13854,"Beef, rib, small end (ribs 10-12), separable lean and fat, trimmed to 1/8"" fat, choice, cooked, broiled",304.0,24.53,0.0,22.09,0.0
13855,"Beef, rib, small end (ribs 10-12), separable lean and fat, trimmed to 1/8"" fat, choice, cooked, roasted",359.0,22.28,0.0,29.21,0.0
13856,"Beef, rib, small end (ribs 10-12), separable lean and fat, trimmed to 1/8"" fat, select, raw",246.0,19.56,0.0,18.0,0.0
13857,"Beef, rib, small end (ribs 10-12), separable lean and fat, trimmed to 1/8"" fat, select, cooked, broiled",278.0,27.17,0.0,18.0,0.0
13858,"Beef, rib, small end (ribs 10-12), separable lean and fat, trimmed to 1/8"" fat, select, cooked, roasted",323.0,22.76,0.0,25.02,0.0
13859,"Beef, rib, small end (ribs 10-12), separable lean and fat, trimmed to 1/8"" fat, prime, raw",335.0,16.74,0.0,29.18,0.0
13860,"Beef, rib, small end (ribs 10-12), separable lean and fat, trimmed to 1/8"" fat, prime, cooked, broiled",354.0,24.13,0.0,27.86,0.0
13861,"Beef, rib, small end (ribs 10-12), separable lean and fat, trimmed to 1/8"" fat, prime, cooked, roasted",411.0,22.15,0.0,35.12,0.0
13862,"Beef, shoulder top blade steak, boneless, separable lean and fat, trimmed to 0"" fat, select, cooked, grilled",194.0,27.7,0.0,9.29,0.0
13863,"Beef, shoulder top blade steak, boneless, separable lean and fat, trimmed to 0"" fat, all grades, raw",146.0,20.16,0.0,7.25,0.0
13864,"Beef, round, full cut, separable lean and fat, trimmed to 1/8"" fat, choice, raw",195.0,20.56,0.0,11.92,0.0
13865,"Beef, round, full cut, separable lean and fat, trimmed to 1/8"" fat, choice, cooked, broiled",235.0,27.54,0.0,12.98,0.0
13866,"Beef, round, full cut, separable lean and fat, trimmed to 1/8"" fat, select, raw",184.0,20.56,0.0,10.68,0.0
13867,"Beef, round, full cut, separable lean and fat, trimmed to 1/8"" fat, select, cooked, broiled",218.0,27.58,0.0,11.08,0.0
13868,"Beef, round, bottom round, steak, separable lean and fat, trimmed to 1/8"" fat, all grades, raw",192.0,20.7,0.0,11.54,0.0
13869,"Beef, round, bottom round, steak, separable lean and fat, trimmed to 1/8"" fat, all grades, cooked, braised",247.0,32.76,0.0,11.87,0.0
13870,"Beef, round, bottom round, roast, separable lean and fat, trimmed to 1/8"" fat, all grades, cooked, roasted",218.0,26.41,0.0,11.64,0.0
13871,"Beef, round, bottom round, steak, separable lean and fat, trimmed to 1/8"" fat, choice, raw",198.0,20.71,0.0,12.15,0.0
13872,"Beef, round, bottom round, steak, separable lean and fat, trimmed to 1/8"" fat, choice, cooked, braised",254.0,32.85,0.0,12.56,0.0
13873,"Beef, round, bottom round, roast, separable lean and fat, trimmed to 1/8"" fat, choice, cooked, roasted",223.0,26.05,0.0,12.44,0.0
13874,"Beef, round, bottom round, steak, separable lean and fat, trimmed to 1/8"" fat, select, raw",187.0,20.68,0.0,10.93,0.0
13875,"Beef, round, bottom round, steak, separable lean and fat, trimmed to 1/8"" fat, select, cooked, braised",240.0,32.67,0.0,11.19,0.0
13876,"Beef, round, bottom round, roast, separable lean and fat, trimmed to 1/8"" fat, select, cooked, roasted",212.0,26.77,0.0,10.85,0.0
13877,"Beef, round, eye of round, roast, separable lean and fat, trimmed to 1/8"" fat, all grades, raw",166.0,21.49,0.0,8.24,0.0
13878,"Beef, round, eye of round, roast, separable lean and fat, trimmed to 1/8"" fat, all grades, cooked, roasted",208.0,28.31,0.0,9.65,0.0
13879,"Beef, round, eye of round, roast, separable lean and fat, trimmed to 1/8"" fat, choice, raw",173.0,21.68,0.0,8.91,0.0
13880,"Beef, round, eye of round, roast, separable lean and fat, trimmed to 1/8"" fat, choice, cooked, roasted",212.0,28.48,0.0,10.05,0.0
13881,"Beef, round, eye of round, roast, separable lean and fat, trimmed to 1/8"" fat, select, raw",159.0,21.3,0.0,7.57,0.0
13882,"Beef, round, eye of round, roast, separable lean and fat, trimmed to 1/8"" fat, select, cooked, roasted",204.0,28.13,0.0,9.26,0.0
13883,"Beef, round, tip round, separable lean and fat, trimmed to 1/8"" fat, all grades, raw",189.0,19.6,0.0,11.67,0.0
13884,"Beef, round, tip round, roast, separable lean and fat, trimmed to 1/8"" fat, all grades, cooked, roasted",219.0,27.45,0.0,11.34,0.0
13885,"Beef, round, tip round, separable lean and fat, trimmed to 1/8"" fat, choice, raw",199.0,19.48,0.0,12.83,0.0
13886,"Beef, round, tip round, roast, separable lean and fat, trimmed to 1/8"" fat, choice, cooked, roasted",228.0,27.27,0.0,12.34,0.0
13887,"Beef, round, tip round, separable lean and fat, trimmed to 1/8"" fat, select, raw",178.0,19.74,0.0,10.39,0.0
13888,"Beef, round, tip round, roast, separable lean and fat, trimmed to 1/8"" fat, select, cooked, roasted",210.0,27.63,0.0,10.24,0.0
13889,"Beef, shoulder top blade steak, boneless, separable lean and fat, trimmed to 0"" fat, choice, raw",152.0,20.07,0.0,7.94,0.0
13890,"Beef, round, top round, separable lean only, trimmed to 1/8"" fat, choice, cooked, pan-fried",228.0,33.93,2.03,8.33,0.0
13891,"Beef, round, top round, steak, separable lean and fat, trimmed to 1/8"" fat, all grades, raw",166.0,22.06,0.0,7.93,0.0
13892,"Beef, round, top round, separable lean and fat, trimmed to 1/8"" fat, all grades, cooked, braised",238.0,34.34,0.0,10.13,0.0
13893,"Beef, round, top round steak, separable lean and fat, trimmed to 1/8"" fat, all grades, cooked, broiled",204.0,30.67,0.0,9.0,0.0
13894,"Beef, round, top round, steak, separable lean and fat, trimmed to 1/8"" fat, choice, raw",168.0,21.94,0.0,8.19,0.0
13895,"Beef, round, top round, separable lean and fat, trimmed to 1/8"" fat, choice, cooked, braised",250.0,34.09,0.0,11.61,0.0
13896,"Beef, round, top round, steak, separable lean and fat, trimmed to 1/8"" fat, choice, cooked, broiled",224.0,30.7,0.0,10.27,0.0
13897,"Beef, round, top round, separable lean and fat, trimmed to 1/8"" fat, choice, cooked, pan-fried",266.0,32.99,0.0,13.83,0.0
13898,"Beef, round, top round, steak, separable lean and fat, trimmed to 1/8"" fat, select, raw",164.0,22.18,0.0,7.68,0.0
13899,"Beef, round, top round, separable lean and fat, trimmed to 1/8"" fat, select, cooked, braised",225.0,34.6,0.0,8.54,0.0
13900,"Beef, round, top round, steak, separable lean and fat, trimmed to 1/8"" fat, select, cooked, broiled",201.0,30.63,0.0,7.73,0.0
13901,"Beef, round, top round, separable lean and fat, trimmed to 1/8"" fat, prime, raw",173.0,22.24,0.0,8.67,0.0
13902,"Beef, round, top round, steak, separable lean and fat, trimmed to 1/8"" fat, prime, cooked, broiled",225.0,31.27,0.0,10.1,0.0
13903,"Beef, shoulder top blade steak, boneless, separable lean and fat, trimmed to 0"" fat, select, raw",137.0,20.28,0.0,6.21,0.0
13904,"Beef, brisket, flat half, boneless, separable lean and fat, trimmed to 0"" fat, all grades, raw",165.0,20.32,0.0,9.29,0.0
13905,"Beef, short loin, porterhouse steak, separable lean and fat, trimmed to 1/8"" fat, choice, raw",218.0,20.36,0.0,14.58,0.0
13906,"Beef, short loin, porterhouse steak, separable lean and fat, trimmed to 1/8"" fat, choice, cooked, grilled",284.0,24.85,0.0,19.78,0.0
13907,"Beef, short loin, t-bone steak, separable lean and fat, trimmed to 1/8"" fat, choice, raw",228.0,20.0,0.0,15.83,0.0
13908,"Beef, short loin, t-bone steak, separable lean and fat, trimmed to 1/8"" fat, choice, cooked, grilled",294.0,24.21,0.0,21.13,0.0
13909,"Beef, short loin, top loin, steak, separable lean and fat, trimmed to 1/8"" fat, all grades, raw",228.0,20.61,0.0,15.49,0.0
13910,"Beef, loin, top loin, separable lean and fat, trimmed to 1/8"" fat, all grades, cooked, grilled",264.0,26.44,0.0,16.78,0.0
13911,"Beef, loin, top loin, separable lean and fat, trimmed to 1/8"" fat, choice, raw",237.0,19.32,0.0,17.1,0.0
13912,"Beef, short loin, top loin, steak, separable lean and fat, trimmed to 1/8"" fat, choice, cooked, grilled",278.0,26.16,0.0,18.45,0.0
13913,"Beef, loin, top loin, separable lean and fat, trimmed to 1/8"" fat, select, raw",224.0,20.59,0.0,15.04,0.0
13914,"Beef, loin, top loin, separable lean and fat, trimmed to 1/8"" fat, select, cooked, grilled",250.0,26.72,0.0,15.11,0.0
13915,"Beef, short loin, top loin, steak, separable lean and fat, trimmed to 1/8"" fat, prime, raw",281.0,19.0,0.0,22.17,0.0
13916,"Beef, short loin, top loin, separable lean and fat, trimmed to 1/8"" fat, prime, cooked, broiled",310.0,25.92,0.0,22.12,0.0
13917,"Beef, tenderloin, steak, separable lean and fat, trimmed to 1/8"" fat, all grades, raw",247.0,19.61,0.0,18.16,0.0
13918,"Beef, tenderloin, steak, separable lean and fat, trimmed to 1/8"" fat, all grades, cooked, broiled",267.0,26.46,0.0,17.12,0.0
13919,"Beef, tenderloin, roast, separable lean and fat, trimmed to 1/8"" fat, all grades, cooked, roasted",324.0,23.9,0.0,24.6,0.0
13920,"Beef, tenderloin, steak, separable lean and fat, trimmed to 1/8"" fat, choice, raw",246.0,19.82,0.0,17.88,0.0
13921,"Beef, tenderloin, steak, separable lean and fat, trimmed to 1/8"" fat, choice, cooked, broiled",273.0,26.43,0.0,17.78,0.0
13922,"Beef, tenderloin, roast, separable lean and fat, trimmed to 1/8"" fat, choice, cooked, roasted",331.0,23.9,0.0,25.39,0.0
13923,"Beef, tenderloin, steak, separable lean and fat, trimmed to 1/8"" fat, select, raw",249.0,19.37,0.0,18.46,0.0
13924,"Beef, tenderloin, steak, separable lean and fat, trimmed to 1/8"" fat, select, cooked, broiled",262.0,26.48,0.0,16.53,0.0
13925,"Beef, tenderloin, roast, separable lean and fat, trimmed to 1/8"" fat, select, cooked, roasted",316.0,23.9,0.0,23.7,0.0
13926,"Beef, tenderloin, separable lean and fat, trimmed to 1/8"" fat, prime, raw",274.0,18.15,0.0,21.83,0.0
13927,"Beef, tenderloin, steak, separable lean and fat, trimmed to 1/8"" fat, prime, cooked, broiled",308.0,25.26,0.0,22.21,0.0
13928,"Beef, tenderloin, roast, separable lean and fat, trimmed to 1/8"" fat, prime, cooked, roasted",343.0,24.04,0.0,26.67,0.0
13929,"Beef, top sirloin, steak, separable lean and fat, trimmed to 1/8"" fat, all grades, raw",201.0,20.3,0.0,12.71,0.0
13930,"Beef, top sirloin, steak, separable lean and fat, trimmed to 1/8"" fat, all grades, cooked, broiled",243.0,26.96,0.0,14.23,0.0
13931,"Beef, top sirloin, steak, separable lean and fat, trimmed to 1/8"" fat, choice, raw",214.0,19.92,0.0,14.28,0.0
13932,"Beef, top sirloin, steak, separable lean and fat, trimmed to 1/8"" fat, choice, cooked, broiled",257.0,26.8,0.0,15.75,0.0
13933,"Beef, top sirloin, steak, separable lean and fat, trimmed to 1/8"" fat, choice, cooked, pan-fried",313.0,28.77,0.0,21.06,0.0
13934,"Beef, top sirloin, steak, separable lean and fat, trimmed to 1/8"" fat, select, raw",189.0,20.68,0.0,11.13,0.0
13935,"Beef, top sirloin, steak, separable lean and fat, trimmed to 1/8"" fat, select, cooked, broiled",230.0,27.12,0.0,12.71,0.0
13937,"Beef, chuck, clod roast, separable lean only, trimmed to 0"" fat, choice, cooked, roasted",171.0,25.95,0.0,6.69,0.0
13940,"Beef, chuck, clod roast, separable lean only, trimmed to 0"" fat, select, cooked, roasted",172.0,28.09,0.0,5.82,0.0
13943,"Beef, shoulder steak, boneless, separable lean only, trimmed to 0"" fat, choice, cooked, grilled",178.0,28.54,0.0,6.25,0.0
13946,"Beef, shoulder steak, boneless, separable lean only, trimmed to 0"" fat, select, cooked, grilled",169.0,28.71,0.0,5.17,0.0
13948,"Beef, flank, steak, separable lean and fat, trimmed to 0"" fat, all grades, cooked, broiled",192.0,27.66,0.0,8.23,0.0
13949,"Beef, flank, steak, separable lean and fat, trimmed to 0"" fat, select, cooked, broiled",183.0,27.78,0.0,7.15,0.0
13950,"Beef, brisket, flat half, separable lean and fat, trimmed to 0"" fat, select, cooked, braised",205.0,33.59,0.0,6.77,0.0
13951,"Beef, rib eye, small end (ribs 10-12), separable lean and fat, trimmed to 0"" fat, select, cooked, broiled",234.0,27.95,0.0,12.71,0.0
13952,"Beef, rib eye, small end (ribs 10-12), separable lean and fat, trimmed to 0"" fat, all grades, cooked, broiled",249.0,27.27,0.0,14.74,0.0
13953,"Beef, bottom sirloin, tri-tip roast, separable lean and fat, trimmed to 0"" fat, all grades, cooked, roasted",211.0,26.05,0.0,11.07,0.0
13954,"Beef, bottom sirloin, tri-tip roast, separable lean and fat, trimmed to 0"" fat, all grades, raw",165.0,20.64,0.0,8.55,0.0
13955,"Beef, bottom sirloin, tri-tip roast, separable lean and fat, trimmed to 0"" fat, choice, cooked, roasted",221.0,25.66,0.0,12.36,0.0
13956,"Beef, bottom sirloin, tri-tip roast, separable lean and fat, trimmed to 0"" fat, choice, raw",174.0,20.64,0.0,9.51,0.0
13957,"Beef, bottom sirloin, tri-tip roast, separable lean and fat, trimmed to 0"" fat, select, cooked, roasted",201.0,26.44,0.0,9.78,0.0
13958,"Beef, bottom sirloin, tri-tip roast, separable lean and fat, trimmed to 0"" fat, select, raw",157.0,20.64,0.0,7.68,0.0
13959,"Beef, round, top round steak, boneless, separable lean and fat, trimmed to 0"" fat, all grades, cooked, grilled",167.0,29.96,0.0,4.28,0.0
13961,"Beef, chuck, mock tender steak, separable lean only, trimmed to 0"" fat, choice, cooked, broiled",161.0,25.74,0.0,5.69,0.0
13963,"Beef, chuck, mock tender steak, separable lean only, trimmed to 0"" fat, select, cooked, broiled",157.0,26.13,0.0,5.02,0.0
13965,"Beef, chuck, top blade, separable lean only, trimmed to 0"" fat, choice, cooked, broiled",217.0,26.11,0.0,11.65,0.0
13967,"Beef, chuck, top blade, separable lean only, trimmed to 0"" fat, select, cooked, broiled",184.0,26.16,0.0,8.0,0.0
13968,"Beef, round, top round steak, boneless, separable lean and fat, trimmed to 0"" fat, choice, cooked, grilled",170.0,30.12,0.0,4.62,0.0
13969,"Beef, round, top round steak, boneless, separable lean and fat, trimmed to 0"" fat, select, cooked, grilled",162.0,29.7,0.0,3.85,0.0
13970,"Beef, flank, steak, separable lean and fat, trimmed to 0"" fat, all grades, raw",155.0,21.22,0.0,7.17,0.0
13971,"Beef, flank, steak, separable lean and fat, trimmed to 0"" fat, select, raw",145.0,21.22,0.0,6.06,0.0
13972,"Beef, chuck eye roast, boneless, America's Beef Roast, separable lean only, trimmed to 0"" fat, all grades, raw",137.0,20.61,0.0,6.01,0.0
13973,"Beef, chuck eye roast, boneless, America's Beef Roast, separable lean only, trimmed to 0"" fat, choice, raw",139.0,20.67,0.0,6.21,0.0
13974,"Beef, chuck eye roast, boneless, America's Beef Roast, separable lean only, trimmed to 0"" fat, select, raw",133.0,20.52,0.0,5.71,0.0
13975,"Beef, brisket, flat half, boneless, separable lean and fat, trimmed to 0"" fat, choice, raw",169.0,20.15,0.0,9.86,0.0
13977,"Beef, plate, inside skirt steak, separable lean only, trimmed to 0"" fat, all grades, cooked, broiled",205.0,26.66,0.0,10.06,0.0
13979,"Beef, plate, outside skirt steak, separable lean only, trimmed to 0"" fat, all grades, cooked, broiled",233.0,24.18,0.0,14.37,0.0
13980,"Beef, chuck, short ribs, boneless, separable lean only, trimmed to 0"" fat, choice, cooked, braised",250.0,28.84,0.0,14.95,0.0
13981,"Beef, chuck, short ribs, boneless, separable lean only, trimmed to 0"" fat, select, cooked, braised",224.0,28.79,0.0,12.08,0.0
13982,"Beef, chuck, short ribs, boneless, separable lean only, trimmed to 0"" fat, all grades, cooked, braised",240.0,28.82,0.0,13.8,0.0
13983,"Beef, brisket, flat half, boneless, separable lean and fat, trimmed to 0"" fat, select, raw",158.0,20.57,0.0,8.45,0.0
13985,"Beef, loin, bottom sirloin butt, tri-tip roast, separable lean only, trimmed to 0"" fat, all grades, cooked, roasted",182.0,26.75,0.0,8.34,0.0
14003,"Alcoholic beverage, beer, regular, all",43.0,0.46,3.55,0.0,0.0
14004,"Alcoholic beverage, beer, regular, BUDWEISER",41.0,0.36,2.97,0.0,0.0
14005,"Alcoholic beverage, beer, light, BUDWEISER SELECT",28.0,0.2,0.87,0.0,0.0
14006,"Alcoholic beverage, beer, light",29.0,0.24,1.64,0.0,0.0
14007,"Alcoholic beverage, beer, light, BUD LIGHT",29.0,0.25,1.3,0.0,0.0
14009,"Alcoholic beverage, daiquiri, canned",125.0,0.0,15.7,0.0,0.0
14010,"Alcoholic beverage, daiquiri, prepared-from-recipe",186.0,0.06,6.94,0.06,0.1
14013,"Alcoholic beverage, beer, light, low carb",27.0,0.17,0.73,0.0,0.0
14015,"Alcoholic beverage, pina colada, canned",237.0,0.6,27.6,7.6,0.1
14016,"Beverages, almond milk, sweetened, vanilla flavor, ready-to-drink",38.0,0.42,6.59,1.04,0.4
14017,"Alcoholic beverage, pina colada, prepared-from-recipe",174.0,0.42,22.66,1.88,0.3
14019,"Alcoholic beverage, tequila sunrise, canned",110.0,0.3,11.3,0.1,0.0
14021,"Beverages,  Energy drink, Citrus",45.0,0.0,11.27,0.0,0.0
14022,"Beverages, MONSTER energy drink, low carb",5.0,0.0,1.38,0.0,0.0
14024,"Beverages, Whiskey sour mix, powder",383.0,0.6,97.3,0.1,0.0
14025,"Alcoholic beverage, whiskey sour, prepared with water, whiskey and powder mix",164.0,0.1,15.85,0.02,0.0
14026,"Beverages, THE COCA-COLA COMPANY, NOS Zero, energy drink, sugar-free with guarana, fortified with vitamins B6 and B12",4.0,0.0,1.03,0.0,0.0
14027,"Alcoholic beverage, whiskey sour, canned",119.0,0.0,13.4,0.0,0.1
14028,"Beverages, Whiskey sour mix, bottled",87.0,0.1,21.4,0.1,0.0
14029,"Alcoholic beverage, whiskey sour, prepared from item 14028",153.0,0.06,12.82,0.06,0.0
14030,"Beverages, THE COCA-COLA COMPANY, NOS energy drink, Original, grape, loaded cherry, charged citrus, fortified with vitamins B6 and B12",44.0,0.0,11.25,0.0,0.0
14031,"Beverages, water, bottled, yumberry, pomegranate with anti-oxidants, zero calories",5.0,0.0,1.25,0.0,0.0
14033,"Beverages, ABBOTT, EAS whey protein powder",385.0,66.67,17.95,5.13,0.0
14034,"Alcoholic beverage, creme de menthe, 72 proof",371.0,0.0,41.6,0.3,0.0
14035,"Beverages, ABBOTT, EAS soy protein powder",405.0,47.62,43.94,3.57,0.0
14036,"Beverages, CYTOSPORT, Muscle Milk, ready-to-drink",49.0,5.87,2.06,2.01,0.2
14037,"Alcoholic beverage, distilled, all (gin, rum, vodka, whiskey) 80 proof",231.0,0.0,0.0,0.0,0.0
14038,"Beverages, OCEAN SPRAY, Cran-Energy, Cranberry Energy Juice Drink",15.0,0.0,3.75,0.0,0.0
14041,"Beverages, NESTLE, Boost plus, nutritional drink, ready-to-drink",138.0,5.38,17.29,5.38,1.2
14044,"Beverages, SLIMFAST, Meal replacement,  High Protein Shake, Ready-To-Drink, 3-2-1 plan",58.0,6.59,0.85,2.88,0.4
14045,"Beverages, UNILEVER, SLIMFAST, meal replacement, regular, ready-to-drink,  3-2-1 Plan",57.0,3.32,7.74,1.93,1.6
14047,"Beverages, UNILEVER, SLIMFAST Shake Mix, powder, 3-2-1 Plan",448.0,8.13,73.92,13.34,18.1
14048,"Beverages, FUZE, orange mango, fortified with vitamins A, C, E, B6",38.0,0.68,9.2,0.06,0.2
14049,"Alcoholic beverage, distilled, gin, 90 proof",263.0,0.0,0.0,0.0,0.0
14050,"Alcoholic beverage, distilled, rum, 80 proof",231.0,0.0,0.0,0.0,0.0
14051,"Alcoholic beverage, distilled, vodka, 80 proof",231.0,0.0,0.0,0.0,0.0
14052,"Alcoholic beverage, distilled, whiskey, 86 proof",250.0,0.0,0.1,0.0,0.0
14054,"Beverages, almond milk, chocolate, ready-to-drink",50.0,0.63,9.38,1.25,0.4
14055,"Beverages, UNILEVER, SLIMFAST Shake Mix, high protein, whey powder, 3-2-1 Plan,",368.0,27.87,50.0,11.62,18.2
14056,"Beverages, Acai berry drink, fortified",62.0,0.83,12.83,0.83,1.2
14057,"Alcoholic beverage, wine, dessert, sweet",160.0,0.2,13.69,0.0,0.0
14058,"Beverages, Whey protein powder isolate",359.0,58.14,29.07,1.16,0.0
14059,"Beverages, KELLOGG'S, SPECIAL K Protein Shake",64.0,3.2,9.2,1.6,1.7
14060,"Beverages, Energy Drink with carbonated water and high fructose corn syrup",62.0,0.42,15.0,0.0,0.0
14061,"Beverages, Energy Drink, sugar free",4.0,0.42,0.42,0.0,0.0
14062,"Beverages, ABBOTT, ENSURE, Nutritional Shake, Ready-to-Drink",105.0,3.8,16.88,2.53,0.0
14063,"Beverages, chocolate powder, no sugar added",373.0,9.09,63.64,9.09,9.1
14064,"Beverages, Orange juice, light, No pulp",21.0,0.21,5.42,0.0,0.0
14065,"Beverages, The COCA-COLA company, Hi-C Flashin' Fruit Punch",45.0,0.0,12.5,0.0,0.0
14066,"Beverages, Protein powder whey based",352.0,78.13,6.25,1.56,3.1
14067,"Beverages, Protein powder soy based",388.0,55.56,28.89,5.56,6.7
14068,"Beverages, KELLOGG'S SPECIAL K20 protein powder",380.0,35.2,58.4,0.6,37.5
14073,"Beverages, ZEVIA, cola",0.0,0.0,1.13,0.0,0.0
14074,"Beverages, ZEVIA, cola, caffeine free",0.0,0.0,1.13,0.0,0.0
14075,"Beverages, GEROLSTEINER BRUNNEN GmbH & Co. KG,Gerolsteiner naturally sparkling mineral water,",0.0,0.0,0.0,0.0,0.0
14076,"Beverages, ICELANDIC, Glacial Natural spring water",0.0,0.0,0.0,0.0,0.0
14079,"Beverages, yellow green colored citrus soft drink with caffeine",49.0,0.0,12.83,0.0,0.0
14080,"Beverages, rich chocolate, powder",372.0,0.0,92.96,0.0,0.0
14082,"Beverages, GEROLSTEINER BRUNNEN GmbH & Co. KG (Gerolsteiner), naturally sparkling, mineral bottled water",0.0,0.0,0.0,0.0,0.0
14083,"Beverages, chocolate malt, powder, prepared with fat free milk",49.0,3.25,8.64,0.17,0.0
14084,"Alcoholic beverage, wine, table, all",83.0,0.07,2.72,0.0,0.0
14086,"Beverages, V8 SPLASH Smoothies, Peach Mango",37.0,1.22,7.76,0.0,0.0
14087,"Beverages, V8 SPLASH Smoothies, Strawberry Banana",37.0,1.22,8.16,0.0,0.0
14088,"Beverages, V8 SPLASH Smoothies, Tropical Colada",41.0,1.22,8.54,0.0,0.4
14090,"Beverages, Coconut water, ready-to-drink, unsweetened",18.0,0.22,4.24,0.0,0.0
14091,"Beverages, almond milk, unsweetened, shelf stable",15.0,0.59,0.58,1.1,0.0
14092,"Beverages, chocolate almond milk, unsweetened, shelf-stable, fortified with vitamin D2 and E",21.0,0.83,1.25,1.46,0.4
14093,"Beverages, The COCA-COLA company, Glaceau Vitamin Water, Revive Fruit Punch, fortified",0.0,0.0,0.0,0.0,0.0
14095,"Beverages, MINUTE MAID, Lemonada, Limeade",50.0,0.0,13.75,0.0,0.0
14096,"Alcoholic beverage, wine, table, red",85.0,0.07,2.61,0.0,0.0
14097,"Alcoholic Beverage, wine, table, red, Cabernet Sauvignon",83.0,0.07,2.6,0.0,
14098,"Alcoholic Beverage, wine, table, red, Cabernet Franc",83.0,0.07,2.45,0.0,
14099,"Alcoholic Beverage, wine, table, red, Pinot Noir",82.0,0.07,2.31,0.0,
14100,"Alcoholic Beverage, wine, table, red, Syrah",83.0,0.07,2.58,0.0,
14101,"Alcoholic Beverage, wine, table, red, Barbera",85.0,0.07,2.79,0.0,
14102,"Alcoholic Beverage, wine, table, red, Zinfandel",88.0,0.07,2.86,0.0,
14103,"Alcoholic Beverage, wine, table, red, Petite Sirah",85.0,0.07,2.68,0.0,
14105,"Alcoholic Beverage, wine, table, red, Claret",83.0,0.07,3.01,0.0,
14106,"Alcoholic beverage, wine, table, white",82.0,0.07,2.6,0.0,0.0
14107,"Alcoholic Beverage, wine, table, red, Lemberger",80.0,0.07,2.46,0.0,
14108,"Alcoholic Beverage, wine, table, red, Sangiovese",86.0,0.07,2.62,0.0,
14109,"Alcoholic Beverage, wine, table, red, Carignane",74.0,0.07,2.4,0.0,
14113,"Alcoholic beverage, wine, table, white, Pinot Gris (Grigio)",83.0,0.07,2.06,0.0,
14116,"Alcoholic beverage, wine, table, white, Chenin Blanc",80.0,0.07,3.31,0.0,
14117,"Alcoholic beverage, wine, table, white, Fume Blanc",82.0,0.07,2.27,0.0,
14119,"Beverages, Mixed vegetable and fruit juice drink, with added nutrients",29.0,0.04,7.47,0.01,0.0
14120,"Alcoholic beverage, wine, table, white, Muller Thurgau",76.0,0.07,3.48,0.0,
14121,"Beverages, carbonated, club soda",0.0,0.0,0.0,0.0,0.0
14124,"Alcoholic beverage, wine, table, white, Gewurztraminer",81.0,0.07,2.6,0.0,
14125,"Alcoholic beverage, wine, table, white, late harvest, Gewurztraminer",108.0,0.07,11.39,0.0,
14126,"Alcoholic beverage, wine, table, white, Semillon",82.0,0.07,3.12,0.0,
14130,"Carbonated beverage, cream soda",51.0,0.0,13.3,0.0,0.0
14132,"Alcoholic beverage, wine, table, white, Riesling",80.0,0.07,3.74,0.0,
14134,"Alcoholic beverage, wine, table, white, Sauvignon Blanc",81.0,0.07,2.05,0.0,
14135,"Alcoholic beverage, wine, table, white, late harvest",112.0,0.07,13.39,0.0,
14136,"Beverages, carbonated, ginger ale",34.0,0.0,8.76,0.0,0.0
14137,"Beverages, NESTEA, tea, black, ready-to-drink, lemon",36.0,0.0,9.09,0.0,0.0
14138,"Alcoholic beverage, wine, table, white, Pinot Blanc",81.0,0.07,1.94,0.0,
14140,"Alcoholic beverage, wine, table, white, Muscat",82.0,0.07,5.23,0.0,
14142,"Beverages, carbonated, grape soda",43.0,0.0,11.2,0.0,0.0
14143,"Beverages, carbonated, low calorie, other than cola or pepper,  without caffeine",0.0,0.1,0.0,0.0,0.0
14144,"Beverages, carbonated, lemon-lime soda, no caffeine",41.0,0.09,10.42,0.0,0.0
14145,"Beverages, carbonated, SPRITE, lemon-lime, without caffeine",40.0,0.05,10.14,0.02,0.0
14146,"Beverages, carbonated, low calorie, cola or pepper-type, with aspartame, without caffeine",1.0,0.12,0.12,0.0,0.0
14147,"Beverages, carbonated, cola, without caffeine",41.0,0.0,10.58,0.0,0.0
14148,"Beverages, carbonated, cola, regular",42.0,0.0,10.36,0.25,0.0
14149,"Beverages, carbonated, reduced sugar, cola, contains caffeine and sweeteners",20.0,0.0,5.16,0.0,0.0
14150,"Beverages, carbonated, orange",48.0,0.0,12.3,0.0,0.0
14151,"Beverages, carbonated, low calorie, other than cola or pepper, with aspartame, contains caffeine",0.0,0.1,0.0,0.0,0.0
14152,"Alcoholic Beverage, wine, table, red, Burgundy",86.0,0.07,3.69,0.0,
14153,"Beverages, carbonated, pepper-type, contains caffeine",41.0,0.0,10.4,0.1,0.0
14154,"Beverages, Energy drink, RED BULL",43.0,0.46,10.23,0.0,0.0
14155,"Beverages, carbonated, tonic water",34.0,0.0,8.8,0.0,0.0
14156,"Beverages, Energy drink, RED BULL, sugar free, with added caffeine, niacin, pantothenic acid, vitamins B6 and B12",5.0,0.25,0.7,0.08,0.0
14157,"Beverages, carbonated, root beer",41.0,0.0,10.6,0.0,0.0
14158,"Alcoholic Beverage, wine, table, red, Gamay",78.0,0.07,2.38,0.0,
14159,"Alcoholic Beverage, wine, table, red, Mouvedre",88.0,0.07,2.64,0.0,
14160,"Alcoholic beverage, wine, table, white, Chardonnay",84.0,0.07,2.16,0.0,0.0
14161,"Beverages, Kiwi Strawberry Juice Drink",47.0,0.0,12.26,0.0,0.0
14162,"Beverages, Apple juice drink, light, fortified with vitamin C",22.0,0.0,5.1,0.1,0.0
14163,"Beverages, chocolate drink, milk and soy based, ready to drink, fortified",101.0,4.22,17.3,1.69,1.3
14164,"Beverages, chocolate malt powder, prepared with 1% milk, fortified",57.0,3.32,8.81,0.97,0.0
14165,"Beverages, carbonated, limeade, high caffeine",18.0,0.0,4.16,0.11,0.0
14166,"Beverages, carbonated, low calorie, cola or pepper-types, with sodium saccharin, contains caffeine",0.0,0.0,0.1,0.0,0.0
14167,"Beverages, POWERADE, Zero, Mixed Berry",0.0,0.0,0.14,0.0,0.0
14168,"Beverages, Carob-flavor beverage mix, powder",372.0,1.8,93.3,0.2,8.0
14169,"Beverages, Carob-flavor beverage mix, powder, prepared with whole milk",75.0,3.16,8.68,3.11,0.4
14171,"Beverages, coconut milk, sweetened, fortified with calcium, vitamins A, B12, D2",31.0,0.21,2.92,2.08,0.0
14173,"Beverages, coffee, ready to drink, vanilla, light, milk based, sweetened",36.0,2.14,4.27,1.07,0.0
14174,"Beverages, Lemonade fruit juice drink light, fortified with vitamin E and C",21.0,0.0,5.0,0.0,0.0
14177,"Beverages, chocolate-flavor beverage mix, powder, prepared with whole milk",85.0,3.23,11.91,3.24,0.4
14179,"Beverages, coffee, ready to drink, milk based, sweetened",71.0,1.98,12.6,1.38,0.0
14180,"Beverages, coffee, brewed, breakfast blend",2.0,0.3,0.23,0.0,0.0
14181,"Beverages, chocolate syrup",279.0,2.1,65.1,1.13,2.6
14182,"Beverages, chocolate syrup, prepared with whole milk",90.0,3.07,12.78,2.96,0.3
14183,"Beverages, coffee, ready to drink, iced, mocha, milk based",60.0,1.48,11.42,0.98,0.0
14185,"Beverages, tea, Oolong, brewed",1.0,0.0,0.15,0.0,0.0
14187,"Beverages, Clam and tomato juice, canned",48.0,0.6,10.95,0.2,0.4
14188,"Beverages, tea, green, ready to drink, ginseng and honey, sweetened",30.0,0.0,7.16,0.18,0.0
14189,"Beverages, The COCA-COLA company, Minute Maid, Lemonade",46.0,0.0,12.08,0.0,0.0
14190,"Beverages, tea, green, ready-to-drink, diet",0.0,0.0,0.0,0.0,0.0
14191,"Beverages, tea, green, ready-to-drink, citrus, diet, fortified with vitamin C",1.0,0.0,0.31,0.0,0.0
14192,"Beverages, Cocoa mix, powder",398.0,6.67,83.73,4.0,3.7
14194,"Beverages, Cocoa mix, powder, prepared with water",55.0,0.92,11.54,0.55,0.5
14195,"Beverages, Cocoa mix, NESTLE, Hot Cocoa Mix Rich Chocolate With Marshmallows",400.0,2.8,75.0,15.0,3.7
14196,"Beverages, Cocoa mix, no sugar added, powder",377.0,15.49,71.93,3.0,7.5
14197,"Cocoa mix, NESTLE, Rich Chocolate Hot Cocoa Mix",400.0,3.0,75.0,15.0,4.0
14199,"Beverages, tea, black, ready-to-drink, lemon, sweetened",45.0,0.0,10.8,0.22,0.0
14201,"Beverages, coffee, brewed, prepared with tap water, decaffeinated",0.0,0.1,0.0,0.0,0.0
14202,"Beverages, coffee, brewed, espresso, restaurant-prepared, decaffeinated",9.0,0.1,1.69,0.18,0.0
14203,"Beverages, coffee, instant, regular, half the caffeine",352.0,14.42,73.18,0.5,0.0
14204,"Beverages, coffee and cocoa, instant, decaffeinated, with whitener and low calorie sweetener",440.0,9.0,71.4,13.21,4.8
14206,"Beverages, tea, green, ready-to-drink, sweetened",27.0,0.0,6.2,0.22,0.0
14207,"Beverages, tea, ready-to-drink, lemon, diet",2.0,0.0,0.41,0.0,0.0
14209,"Beverages, coffee, brewed, prepared with tap water",1.0,0.12,0.0,0.02,0.0
14210,"Beverages, coffee, brewed, espresso, restaurant-prepared",9.0,0.12,1.67,0.18,0.0
14211,"Beverages, tea, black, ready-to-drink, lemon, diet",1.0,0.0,0.22,0.0,0.0
14214,"Beverages, coffee, instant, regular, powder",353.0,12.2,75.4,0.5,0.0
14215,"Beverages, coffee, instant, regular, prepared with water",2.0,0.1,0.34,0.0,0.0
14216,"Beverages, aloe vera juice drink, fortified with Vitamin C",15.0,0.0,3.75,0.0,0.0
14217,"Beverages, OCEAN SPRAY, Cran Grape",54.0,0.21,13.16,0.0,0.6
14218,"Beverages, coffee, instant, decaffeinated, powder",351.0,11.6,76.0,0.2,0.0
14219,"Beverages, coffee, instant, decaffeinated, prepared with water",2.0,0.12,0.43,0.0,0.0
14220,"Beverages, OCEAN SPRAY, Cranberry-Apple Juice Drink, bottled",56.0,0.29,13.68,0.0,0.6
14221,"Beverages, OCEAN SPRAY, Diet Cranberry Juice",4.0,0.07,0.8,0.0,0.6
14222,"Beverages, coffee, instant, with chicory",355.0,9.3,78.9,0.2,0.5
14223,"Beverages, coffee, instant, chicory",3.0,0.09,0.75,0.0,0.0
14224,"Beverages, coffee, instant, mocha, sweetened",460.0,5.29,74.04,15.87,1.9
14226,"Beverages, OCEAN SPRAY, Light Cranberry and Raspberry Flavored Juice",26.0,0.73,5.77,0.0,0.7
14227,"Beverages, OCEAN SPRAY, White Cranberry Strawberry Flavored Juice Drink",49.0,0.22,11.98,0.01,0.6
14231,"Beverages, KRAFT, coffee, instant, French Vanilla Cafe",481.0,2.5,74.6,19.2,1.4
14233,"Beverages, OCEAN SPRAY, Cran Raspberry Juice Drink",49.0,0.28,11.96,0.0,0.6
14234,"Beverages, OCEAN SPRAY, Cran Lemonade",45.0,0.07,11.12,0.0,0.6
14235,"Beverages, OCEAN SPRAY, Diet Cran Cherry",4.0,0.21,0.7,0.0,0.6
14236,"Beverages, coffee substitute, cereal grain beverage, powder",360.0,6.01,78.42,2.52,23.3
14237,"Beverages, coffee substitute, cereal grain beverage, prepared with water",6.0,0.1,1.3,0.04,0.4
14238,"Beverages, cranberry-apple juice drink, bottled",63.0,0.0,15.85,0.11,0.0
14239,"Alcoholic beverage, malt beer, hard lemonade",68.0,0.0,10.07,0.0,0.0
14240,"Beverages, cranberry-apricot juice drink, bottled",64.0,0.2,16.2,0.0,0.1
14241,"Beverages, cranberry-grape juice drink, bottled",56.0,0.2,14.0,0.1,0.1
14242,"Cranberry juice cocktail, bottled",54.0,0.0,13.52,0.1,0.0
14243,"Cranberry juice cocktail, bottled, low calorie, with calcium, saccharin and corn sweetener",19.0,0.02,4.6,0.01,0.0
14245,"Beverages, Eggnog-flavor mix, powder, prepared with whole milk",95.0,2.93,14.2,3.02,0.0
14246,"Beverages, tea, green, instant, decaffeinated, lemon, unsweetened, fortified with vitamin C",378.0,0.0,94.45,0.0,0.0
14247,"Beverages, tea, black, ready to drink",0.0,0.0,0.0,0.0,0.0
14248,"Alcoholic beverage, beer, light, higher alcohol",46.0,0.25,0.77,0.0,0.0
14250,"Beverages, AMBER, hard cider",56.0,0.0,5.92,0.0,0.0
14251,"Alcoholic beverages, beer, higher alcohol",58.0,0.9,0.27,0.0,0.0
14252,"Beverages, Malt liquor beverage",40.0,0.35,0.0,0.0,0.0
14253,"Alcoholic beverages, wine, rose",83.0,0.36,3.8,0.0,0.0
14255,"Beverages, OCEAN SPRAY, Cran Pomegranate",47.0,0.07,12.56,0.01,0.6
14256,"Beverages, OCEAN SPRAY, Cran Cherry",46.0,0.19,12.76,0.0,0.6
14257,"Beverages, OCEAN SPRAY, Light Cranberry",19.0,0.22,4.72,0.01,0.7
14258,"Beverages, OCEAN SPRAY, White Cranberry Peach",45.0,0.13,11.88,0.01,0.6
14259,"Beverages, OCEAN SPRAY, Light Cranberry, Concord Grape",23.0,0.36,5.78,0.02,0.7
14260,"Beverages, tea, green, brewed, decaffeinated",0.0,0.0,0.0,0.0,0.0
14261,"Beverages, tea, green, ready to drink, unsweetened",0.0,0.0,0.0,0.0,0.0
14262,"Beverages, citrus fruit juice drink, frozen concentrate",162.0,1.2,40.2,0.1,0.2
14263,"Beverages, citrus fruit juice drink, frozen concentrate, prepared with water",46.0,0.34,11.42,0.03,0.1
14264,"Beverages, fruit punch drink, without added nutrients, canned",48.0,0.0,11.97,0.0,0.0
14267,"Beverages, Fruit punch drink, with added nutrients, canned",47.0,0.0,11.94,0.0,0.2
14268,"Beverages, Fruit punch drink, frozen concentrate",162.0,0.2,41.4,0.0,0.4
14269,"Beverages, Fruit punch drink, frozen concentrate, prepared with water",46.0,0.06,11.66,0.0,0.1
14270,"Beverages, coffee, instant, vanilla, sweetened, decaffeinated, with non dairy creamer",465.0,0.0,86.28,13.33,0.0
14276,"Beverages, Tropical Punch, ready-to-drink",10.0,0.0,2.5,0.0,0.0
14277,"Beverages, grape drink, canned",61.0,0.0,15.72,0.0,0.0
14278,"Beverages, tea, green, brewed, regular",1.0,0.22,0.0,0.0,0.0
14279,"Beverages, tea, black, ready-to-drink, peach, diet",1.0,0.0,0.25,0.0,0.0
14280,"Beverages, tea, black, ready to drink, decaffeinated, diet",0.0,0.0,0.83,0.0,0.0
14281,"Beverages, tea, black, ready to drink, decaffeinated",38.0,0.0,8.75,0.0,0.0
14282,"Beverages, grape juice drink, canned",57.0,0.0,14.55,0.0,0.1
14284,"Beverages, Cranberry juice cocktail",52.0,0.0,12.25,0.34,
14285,"Beverages, OCEAN SPRAY, Ruby Red cranberry",45.0,0.07,11.58,0.01,0.6
14286,"Beverages, MOTTS, Apple juice light, fortified with vitamin C",22.0,0.0,5.1,0.1,0.0
14287,"Beverages, Lemonade, powder",376.0,0.0,97.57,1.05,0.4
14288,"Lemonade, powder, prepared with water",14.0,0.0,3.59,0.04,0.0
14291,"Beverages, SNAPPLE, tea, black and green, ready to drink, peach, diet",2.0,0.1,0.1,0.0,0.0
14292,"Lemonade, frozen concentrate, white",196.0,0.22,49.89,0.7,0.3
14293,"Lemonade, frozen concentrate, white, prepared with water",40.0,0.07,10.42,0.04,0.0
14294,"Beverages, SNAPPLE, tea, black and green, ready to drink, lemon, diet",2.0,0.1,0.1,0.0,0.0
14296,"Beverages, lemonade-flavor drink, powder",380.0,0.0,97.9,1.01,0.0
14297,"Beverages, lemonade-flavor drink, powder, prepared with water",27.0,0.0,6.9,0.07,0.0
14303,"Limeade, frozen concentrate, prepared with water",52.0,0.0,13.79,0.0,0.0
14305,"Malt beverage, includes non-alcoholic beer",37.0,0.21,8.05,0.12,0.0
14309,"Beverages, OVALTINE, Classic Malt powder",372.0,0.0,93.33,0.0,0.0
14310,"Beverages, Malted drink mix, natural, with added nutrients, powder, prepared with whole milk",86.0,3.67,10.67,3.21,0.0
14311,"Beverages, Malted drink mix, natural, powder, dairy based.",428.0,14.29,71.21,9.52,0.1
14312,"Beverages, Malted drink mix, natural, powder, prepared with whole milk",88.0,3.86,10.23,3.62,0.1
14315,"Beverages, OVALTINE, chocolate malt powder",372.0,0.0,92.96,0.0,0.0
14316,"Beverages, Malted drink mix, chocolate, with added nutrients, powder, prepared with whole milk",87.0,3.29,11.19,3.26,0.4
14317,"Beverages, malted drink mix, chocolate, powder",411.0,5.1,86.94,4.76,4.8
14318,"Beverages, Malted drink mix, chocolate, powder, prepared with whole milk",85.0,3.37,11.2,3.29,0.5
14323,"Beverages, orange drink, canned, with added vitamin C",49.0,0.0,12.34,0.07,0.0
14327,"Beverages, orange and apricot juice drink, canned",51.0,0.3,12.7,0.1,0.1
14334,"Beverages, pineapple and grapefruit juice drink, canned",47.0,0.2,11.6,0.1,0.1
14341,"Beverages, pineapple and orange juice drink, canned",50.0,1.3,11.8,0.0,0.1
14347,"Shake, fast food, vanilla",148.0,3.37,19.59,6.52,0.9
14350,"Strawberry-flavor beverage mix, powder",389.0,0.1,99.1,0.2,0.0
14351,"Beverages, Strawberry-flavor beverage mix, powder, prepared with whole milk",88.0,3.0,12.3,3.1,0.0
14352,"Beverages, tea, black, brewed, prepared with tap water, decaffeinated",1.0,0.0,0.3,0.0,0.0
14353,"Beverages, tea, instant, decaffeinated, unsweetened",315.0,20.21,58.66,0.0,8.5
14355,"Beverages, tea, black, brewed, prepared with tap water",1.0,0.0,0.3,0.0,0.0
14356,"Beverages, tea, instant, decaffeinated, lemon, diet",338.0,3.3,85.4,0.6,0.0
14357,"Beverages, tea, instant, decaffeinated, lemon, sweetened",401.0,0.12,98.55,0.73,0.0
14366,"Beverages, tea, instant, unsweetened, powder",315.0,20.21,58.66,0.0,8.5
14367,"Beverages, tea, instant, unsweetened, prepared with water",1.0,0.06,0.17,0.0,0.0
14368,"Beverages, tea, instant, lemon, unsweetened",345.0,7.4,78.52,0.18,5.0
14370,"Beverages, tea, instant, lemon, sweetened, powder",401.0,0.12,98.55,0.73,0.7
14371,"Beverages, tea, instant, lemon, sweetened, prepared with water",35.0,0.01,8.61,0.06,0.1
14375,"Beverages, tea, instant, sweetened with sodium saccharin, lemon-flavored, powder",338.0,3.3,85.4,0.6,0.0
14376,"Beverages, tea, instant, lemon, diet",2.0,0.02,0.44,0.0,0.0
14381,"Beverages, tea, herb, other than chamomile, brewed",1.0,0.0,0.2,0.0,0.0
14384,"Beverages, water, bottled, PERRIER",0.0,0.0,0.0,0.0,0.0
14385,"Beverages, water, bottled, POLAND SPRING",0.0,0.0,0.0,0.0,0.0
14390,"Beverages, cocoa mix, with aspartame, powder, prepared with water",29.0,1.21,5.61,0.23,0.6
14400,"Beverages, carbonated, cola, fast-food cola",37.0,0.07,9.56,0.02,0.0
14405,"Beverages, fruit punch juice drink, frozen concentrate",175.0,0.3,43.1,0.7,0.2
14406,"Beverages, fruit punch juice drink, frozen concentrate, prepared with water",42.0,0.07,11.4,0.17,0.0
14407,"Beverages, orange-flavor drink, breakfast type, powder",386.0,0.0,98.94,0.0,0.4
14408,"Beverages, orange-flavor drink, breakfast type, powder, prepared with water",49.0,0.0,12.65,0.0,0.1
14409,"Beverages, Orange-flavor drink, breakfast type, low calorie, powder",217.0,3.6,85.9,0.0,3.8
14411,"Beverages, water, tap, drinking",0.0,0.0,0.0,0.0,0.0
14412,"Beverages, water, tap, well",0.0,0.0,0.0,0.0,0.0
14414,"Alcoholic beverage, liqueur, coffee, 53 proof",336.0,0.1,46.8,0.3,0.0
14415,"Alcoholic beverage, liqueur, coffee with cream, 34 proof",327.0,2.8,20.9,15.7,0.0
14416,"Beverages, carbonated, low calorie, cola or pepper-type, with aspartame, contains caffeine",2.0,0.11,0.29,0.03,0.0
14421,"Beverages, coffee substitute, cereal grain beverage, powder, prepared with whole milk",65.0,3.3,5.6,3.3,0.1
14422,"Beverages, Dairy drink mix, chocolate, reduced calorie, with low-calorie sweeteners, powder",329.0,25.0,51.4,2.6,9.4
14423,"Beverages, dairy drink mix, chocolate, reduced calorie, with aspartame, powder, prepared with water and ice",29.0,2.19,4.51,0.23,0.8
14424,"Beverages, Orange-flavor drink, breakfast type, with pulp, frozen concentrate. Not manufactured anymore.",172.0,0.1,42.9,0.5,0.2
14425,"Beverages, Orange-flavor drink, breakfast type, with pulp, frozen concentrate, prepared with water",49.0,0.03,12.21,0.14,0.0
14426,"Beverages, Orange drink, breakfast type, with juice and pulp, frozen concentrate",153.0,0.4,39.0,0.0,0.1
14427,"Beverages, Orange drink, breakfast type, with juice and pulp, frozen concentrate, prepared with water",45.0,0.12,11.32,0.0,0.0
14428,"Beverages, shake, fast food, strawberry",113.0,3.4,18.9,2.8,0.4
14429,"Beverages, water, tap, municipal",0.0,0.0,0.0,0.0,0.0
14430,"Cranberry juice cocktail, frozen concentrate",201.0,0.05,51.45,0.0,0.2
14431,"Cranberry juice cocktail, frozen concentrate, prepared with water",47.0,0.01,11.81,0.0,0.0
14432,"Beverages, water, bottled, non-carbonated, DANNON",0.0,0.0,0.0,0.0,
14433,"Beverages, water, bottled, non-carbonated, PEPSI, AQUAFINA",0.0,0.0,0.0,0.0,
14434,"Beverages, The COCA-COLA company, DASANI, water, bottled, non-carbonated",0.0,0.0,0.0,0.0,
14436,"Beverages, orange breakfast drink, ready-to-drink, with added nutrients",53.0,0.0,13.2,0.0,0.1
14437,"Beverages, water, bottled, non-carbonated, CALISTOGA",0.0,0.0,0.0,0.0,
14438,"Beverages, water, bottled, non-carbonated, CRYSTAL GEYSER",0.0,0.0,0.0,0.0,
14439,"Water, bottled, non-carbonated, NAYA",0.0,0.0,0.0,0.0,
14440,"Beverages, water, bottled, non-carbonated, DANNON Fluoride To Go",0.0,0.0,0.03,0.0,
14450,"Beverages, drink mix, QUAKER OATS, GATORADE, orange flavor, powder",388.0,0.0,94.11,1.23,0.0
14460,"Beverages, PEPSICO QUAKER, Gatorade, G performance O 2, ready-to-drink.",26.0,0.0,6.43,0.0,0.0
14461,"Beverages, COCA-COLA, POWERADE, lemon-lime flavored, ready-to-drink",32.0,0.0,7.84,0.05,0.0
14462,"Beverages, Propel Zero, fruit-flavored, non-carbonated",5.0,0.0,1.14,0.0,0.0
14475,"Beverages, ARIZONA, tea, ready-to-drink, lemon",39.0,0.0,9.77,0.0,0.0
14476,"Beverages, LIPTON BRISK, tea, black, ready-to-drink, lemon",35.0,0.0,8.81,0.0,0.0
14530,"Whiskey sour mix, bottled, with added potassium and sodium",84.0,0.1,21.4,0.1,0.0
14531,"Alcoholic beverage, whiskey sour",149.0,0.0,13.17,0.03,0.0
14532,"Alcoholic beverage, distilled, all (gin, rum, vodka, whiskey) 94 proof",275.0,0.0,0.0,0.0,0.0
14533,"Alcoholic beverage, distilled, all (gin, rum, vodka, whiskey) 100 proof",295.0,0.0,0.0,0.0,0.0
14534,"Alcoholic beverage, liqueur, coffee, 63 proof",308.0,0.1,32.2,0.3,0.0
14536,"Alcoholic beverage, wine, dessert, dry",152.0,0.2,11.67,0.0,0.0
14537,"Carbonated beverage, low calorie, other than cola or pepper, with sodium saccharin, without caffeine",0.0,0.0,0.1,0.0,0.0
14538,"Beverages, Cocoa mix, low calorie, powder, with added calcium, phosphorus, aspartame, without added sodium or vitamin A",359.0,25.1,58.0,3.0,1.1
14541,"Beverages, fruit punch-flavor drink, powder, without added sodium, prepared with water",37.0,0.0,9.47,0.01,0.0
14542,"Lemonade, frozen concentrate, pink",192.0,0.22,48.86,0.69,0.3
14543,"Beverages, lemonade, frozen concentrate, pink, prepared with water",43.0,0.05,10.81,0.15,0.1
14544,"Beverages, tea, black, brewed, prepared with distilled water",1.0,0.0,0.3,0.0,0.0
14545,"Beverages, tea, herb, brewed, chamomile",1.0,0.0,0.2,0.0,0.0
14548,"Beverages, tea, instant, lemon, with added ascorbic acid",385.0,0.6,97.6,0.3,0.0
14550,"Alcoholic beverage, distilled, all (gin, rum, vodka, whiskey) 86 proof",250.0,0.0,0.1,0.0,0.0
14551,"Alcoholic beverage, distilled, all (gin, rum, vodka, whiskey) 90 proof",263.0,0.0,0.0,0.0,0.0
14552,"Carbonated beverage, chocolate-flavored soda",42.0,0.0,10.7,0.0,0.0
14553,"Beverages, Wine, non-alcoholic",6.0,0.5,1.1,0.0,0.0
14555,"Water, bottled, generic",0.0,0.0,0.0,0.0,0.0
14557,"Beverages, chocolate-flavor beverage mix for milk, powder, with added nutrients",400.0,4.55,90.28,2.27,4.5
14558,"Beverages, chocolate-flavor beverage mix for milk, powder, with added nutrients, prepared with whole milk",89.0,3.27,11.87,3.17,0.4
14559,"Beverages, water, bottled, non-carbonated, EVIAN",0.0,0.0,0.0,0.0,
14599,"Beverages, Powerade Zero Ion4, calorie-free, assorted flavors",0.0,0.0,0.0,0.0,0.0
14601,"Beverages, WENDY'S, tea, ready-to-drink, unsweetened",1.0,0.22,0.0,0.0,
14602,"Alcoholic Beverage, wine, table, red, Merlot",83.0,0.07,2.51,0.0,0.0
14604,"Water, non-carbonated, bottles, natural fruit flavors, sweetened with low calorie sweetener",1.0,0.0,0.13,0.0,0.0
14605,"Beverages, Water with added vitamins and minerals, bottles, sweetened, assorted fruit flavors",22.0,0.0,5.49,0.0,0.0
14607,"Beverages, V8 SPLASH Juice Drinks, Diet Berry Blend",4.0,0.0,1.23,0.0,
14608,"Beverages, V8 SPLASH Juice Drinks, Diet Fruit Medley",4.0,0.0,1.26,0.0,
14609,"Beverages, V8 SPLASH Juice Drinks, Diet Strawberry Kiwi",4.0,0.0,1.26,0.0,
14610,"Beverages, V8 SPLASH Juice Drinks, Diet Tropical Blend",4.0,0.0,1.26,0.0,
14611,"Beverages, V8 SPLASH Juice Drinks, Berry Blend",29.0,0.0,7.41,0.0,
14612,"Beverages, V8 SPLASH Juice Drinks, Fruit Medley",33.0,0.0,7.82,0.0,
14613,"Beverages, V8 SPLASH Juice Drinks, Guava Passion Fruit",33.0,0.0,7.82,0.0,
14614,"Beverages, V8 SPLASH Juice Drinks, Mango Peach",33.0,0.0,8.23,0.0,
14615,"Beverages, V8 SPLASH Juice Drinks, Orange Pineapple",29.0,0.0,7.41,0.0,
14616,"Beverages, V8 SPLASH Juice Drinks, Orchard Blend",33.0,0.0,7.82,0.0,
14617,"Beverages, V8 SPLASH Juice Drinks, Strawberry Banana",29.0,0.0,7.41,0.0,
14618,"Beverages, V8 SPLASH Juice Drinks, Strawberry Kiwi",29.0,0.0,7.41,0.0,
14619,"Beverages, V8 SPLASH Juice Drinks, Tropical Blend",29.0,0.0,7.41,0.0,
14620,"Beverages, V8 V-FUSION Juices, Peach Mango",49.0,0.41,11.38,0.0,0.0
14621,"Beverages, V8 V-FUSION Juices, Strawberry Banana",49.0,0.41,11.79,0.0,0.0
14622,"Beverages, V8 V-FUSION Juices, Tropical",49.0,0.41,11.38,0.0,0.0
14623,"Beverages, V8 V- FUSION Juices, Acai Berry",45.0,0.0,10.98,0.0,0.0
14625,"Beverages, Energy drink, AMP",46.0,0.25,12.08,0.08,0.0
14626,"Beverages, Energy drink, FULL THROTTLE",46.0,0.25,12.08,0.08,0.0
14627,"Beverages, Energy Drink, Monster, fortified with vitamins C, B2, B3, B6, B12",47.0,0.47,11.28,0.0,0.0
14628,"Beverages, Energy drink, AMP, sugar free",2.0,0.0,1.03,0.0,0.0
14629,"Beverages, Energy drink, ROCKSTAR",58.0,0.34,12.7,0.22,0.0
14630,"Beverages, Energy drink, ROCKSTAR, sugar free",4.0,0.25,0.7,0.08,0.0
14631,"Beverages, Horchata, dry mix, unprepared, variety of brands, all with morro seeds",413.0,7.5,79.05,7.46,4.0
14632,"Beverages, Meal supplement drink, canned, peanut flavor",101.0,3.5,14.74,3.07,
14633,"Beverages, Vegetable and fruit juice drink, reduced calorie, with low-calorie sweetener, added vitamin C",4.0,0.0,1.1,0.0,0.0
14634,"Beverages, milk beverage, reduced fat, flavored and sweetened, Ready-to-drink,  added calcium, vitamin A and vitamin D",77.0,3.05,12.08,1.83,0.4
14635,"Beverages, vegetable and fruit juice blend, 100% juice, with added vitamins A, C, E",46.0,0.3,11.15,0.01,0.0
14636,"Beverages, fruit juice drink, reduced sugar, with vitamin E added",39.0,0.0,10.0,0.07,0.0
14637,"Water, with corn syrup and/or sugar and low calorie sweetener, fruit flavored",18.0,0.0,4.5,0.0,0.0
14638,"Beverages, Horchata, as served in restaurant",54.0,0.48,11.52,0.71,0.0
14639,"Beverages, rice milk, unsweetened",47.0,0.28,9.17,0.97,0.3
14640,"Beverages, Energy drink, VAULT, citrus flavor",49.0,0.0,12.99,0.0,0.0
14641,"Beverages, Energy drink, VAULT Zero, sugar-free, citrus flavor",1.0,0.25,0.7,0.08,0.0
14644,"Beverages, PEPSICO QUAKER, Gatorade G2, low calorie",8.0,0.05,1.94,0.01,0.0
14645,"Beverages, Fruit flavored drink, less than 3% juice, not fortified with vitamin C",64.0,0.0,16.03,0.0,0.0
14646,"Beverages, Fruit flavored drink containing less than 3% fruit juice, with high vitamin C",27.0,0.0,6.67,0.0,0.0
14647,"Beverages, Fruit flavored drink, reduced sugar, greater than 3% fruit juice, high vitamin C, added calcium",29.0,0.0,6.67,0.37,0.0
14648,"Beverages, fruit juice drink, greater than 3% fruit juice, high vitamin C and added thiamin",54.0,0.13,13.16,0.0,0.1
14649,"Beverages, tea, hibiscus, brewed",0.0,0.0,0.0,0.0,0.0
14651,"Beverages, fruit juice drink, greater than 3% juice, high vitamin C",46.0,0.13,11.35,0.11,0.1
14654,"Beverages, nutritional shake mix, high protein, powder",392.0,53.57,20.38,10.71,0.0
15001,"Fish, anchovy, european, raw",131.0,20.35,0.0,4.84,0.0
15002,"Fish, anchovy, european, canned in oil, drained solids",210.0,28.89,0.0,9.71,0.0
15003,"Fish, bass, fresh water, mixed species, raw",114.0,18.86,0.0,3.69,0.0
15004,"Fish, bass, striped, raw",97.0,17.73,0.0,2.33,0.0
15005,"Fish, bluefish, raw",124.0,20.04,0.0,4.24,0.0
15006,"Fish, burbot, raw",90.0,19.31,0.0,0.81,0.0
15007,"Fish, butterfish, raw",146.0,17.28,0.0,8.02,0.0
15008,"Fish, carp, raw",127.0,17.83,0.0,5.6,0.0
15009,"Fish, carp, cooked, dry heat",162.0,22.86,0.0,7.17,0.0
15010,"Fish, catfish, channel, wild, raw",95.0,16.38,0.0,2.82,0.0
15011,"Fish, catfish, channel, cooked, breaded and fried",229.0,18.09,8.04,13.33,0.7
15012,"Fish, caviar, black and red, granular",264.0,24.6,4.0,17.9,0.0
15013,"Fish, cisco, raw",98.0,18.99,0.0,1.91,0.0
15014,"Fish, cisco, smoked",177.0,16.36,0.0,11.9,0.0
15015,"Fish, cod, Atlantic, raw",82.0,17.81,0.0,0.67,0.0
15016,"Fish, cod, Atlantic, cooked, dry heat",105.0,22.83,0.0,0.86,0.0
15017,"Fish, cod, Atlantic, canned, solids and liquid",105.0,22.76,0.0,0.86,0.0
15018,"Fish, cod, Atlantic, dried and salted",290.0,62.82,0.0,2.37,0.0
15019,"Fish, cod, Pacific, raw (may have been previously frozen)",69.0,15.27,0.0,0.41,0.0
15020,"Fish, croaker, Atlantic, raw",104.0,17.78,0.0,3.17,0.0
15021,"Fish, croaker, Atlantic, cooked, breaded and fried",221.0,18.2,7.54,12.67,0.4
15022,"Fish, cusk, raw",87.0,18.99,0.0,0.69,0.0
15023,"Fish, mahimahi, raw",85.0,18.5,0.0,0.7,0.0
15024,"Fish, drum, freshwater, raw",119.0,17.54,0.0,4.93,0.0
15025,"Fish, eel, mixed species, raw",184.0,18.44,0.0,11.66,0.0
15026,"Fish, eel, mixed species, cooked, dry heat",236.0,23.65,0.0,14.95,0.0
15027,"Fish, fish sticks, frozen, prepared",277.0,11.01,21.66,16.23,1.5
15028,"Fish, flatfish (flounder and sole species), raw",70.0,12.41,0.0,1.93,0.0
15029,"Fish, flatfish (flounder and sole species), cooked, dry heat",86.0,15.24,0.0,2.37,0.0
15030,"Fish, gefiltefish, commercial, sweet recipe",84.0,9.07,7.41,1.73,0.0
15031,"Fish, grouper, mixed species, raw",92.0,19.38,0.0,1.02,0.0
15032,"Fish, grouper, mixed species, cooked, dry heat",118.0,24.84,0.0,1.3,0.0
15033,"Fish, haddock, raw",74.0,16.32,0.0,0.45,0.0
15034,"Fish, haddock, cooked, dry heat",90.0,19.99,0.0,0.55,0.0
15035,"Fish, haddock, smoked",116.0,25.23,0.0,0.96,0.0
15036,"Fish, halibut, Atlantic and Pacific, raw",91.0,18.56,0.0,1.33,0.0
15037,"Fish, halibut, Atlantic and Pacific, cooked, dry heat",111.0,22.54,0.0,1.61,0.0
15038,"Fish, halibut, Greenland, raw",186.0,14.37,0.0,13.84,0.0
15039,"Fish, herring, Atlantic, raw",158.0,17.96,0.0,9.04,0.0
15040,"Fish, herring, Atlantic, cooked, dry heat",203.0,23.03,0.0,11.59,0.0
15041,"Fish, herring, Atlantic, pickled",262.0,14.19,9.64,18.0,0.0
15042,"Fish, herring, Atlantic, kippered",217.0,24.58,0.0,12.37,0.0
15043,"Fish, herring, Pacific, raw",195.0,16.39,0.0,13.88,0.0
15044,"Fish, ling, raw",87.0,18.99,0.0,0.64,0.0
15045,"Fish, lingcod, raw",85.0,17.66,0.0,1.06,0.0
15046,"Fish, mackerel, Atlantic, raw",205.0,18.6,0.0,13.89,0.0
15047,"Fish, mackerel, Atlantic, cooked, dry heat",262.0,23.85,0.0,17.81,0.0
15048,"Fish, mackerel, jack, canned, drained solids",156.0,23.19,0.0,6.3,0.0
15049,"Fish, mackerel, king, raw",105.0,20.28,0.0,2.0,0.0
15050,"Fish, mackerel, Pacific and jack, mixed species, raw",158.0,20.07,0.0,7.89,0.0
15051,"Fish, mackerel, spanish, raw",139.0,19.29,0.0,6.3,0.0
15052,"Fish, mackerel, spanish, cooked, dry heat",158.0,23.59,0.0,6.32,0.0
15053,"Fish, milkfish, raw",148.0,20.53,0.0,6.73,0.0
15054,"Fish, monkfish, raw",76.0,14.48,0.0,1.52,0.0
15055,"Fish, mullet, striped, raw",117.0,19.35,0.0,3.79,0.0
15056,"Fish, mullet, striped, cooked, dry heat",150.0,24.81,0.0,4.86,0.0
15057,"Fish, ocean perch, Atlantic, raw",79.0,15.31,0.0,1.54,0.0
15058,"Fish, ocean perch, Atlantic, cooked, dry heat",96.0,18.51,0.0,1.87,0.0
15059,"Fish, pout, ocean, raw",79.0,16.64,0.0,0.91,0.0
15060,"Fish, perch, mixed species, raw",91.0,19.39,0.0,0.92,0.0
15061,"Fish, perch, mixed species, cooked, dry heat",117.0,24.86,0.0,1.18,0.0
15062,"Fish, pike, northern, raw",88.0,19.26,0.0,0.69,0.0
15063,"Fish, pike, northern, cooked, dry heat",113.0,24.69,0.0,0.88,0.0
15064,"Fish, pike, walleye, raw",93.0,19.14,0.0,1.22,0.0
15065,"Fish, pollock, Atlantic, raw",92.0,19.44,0.0,0.98,0.0
15066,"Fish, pollock, Alaska, raw (may have been previously frozen)",56.0,12.19,0.0,0.41,0.0
15067,"Fish, pollock, Alaska, cooked, dry heat (may have been previously frozen)",111.0,23.48,0.0,1.18,0.0
15068,"Fish, pompano, florida, raw",164.0,18.48,0.0,9.47,0.0
15069,"Fish, pompano, florida, cooked, dry heat",211.0,23.69,0.0,12.14,0.0
15070,"Fish, rockfish, Pacific, mixed species, raw",90.0,18.36,0.0,1.34,0.0
15071,"Fish, rockfish, Pacific, mixed species, cooked, dry heat",109.0,22.23,0.0,1.62,0.0
15072,"Fish, roe, mixed species, raw",143.0,22.32,1.5,6.42,0.0
15073,"Fish, roughy, orange, raw",76.0,16.41,0.0,0.7,0.0
15074,"Fish, sablefish, raw",195.0,13.41,0.0,15.3,0.0
15075,"Fish, sablefish, smoked",257.0,17.65,0.0,20.14,0.0
15076,"Fish, salmon, Atlantic, wild, raw",142.0,19.84,0.0,6.34,0.0
15077,"Fish, salmon, chinook, smoked",117.0,18.28,0.0,4.32,0.0
15078,"Fish, salmon, chinook, raw",179.0,19.93,0.0,10.43,0.0
15079,"Fish, salmon, chum, raw",120.0,20.14,0.0,3.77,0.0
15080,"Fish, salmon, chum, canned, drained solids with bone",141.0,21.43,0.0,5.5,0.0
15081,"Fish, salmon, coho, wild, raw",146.0,21.62,0.0,5.93,0.0
15082,"Fish, salmon, coho, wild, cooked, moist heat",184.0,27.36,0.0,7.5,0.0
15083,"Fish, salmon, pink, raw",127.0,20.5,0.0,4.4,0.0
15084,"Fish, salmon, pink, canned, total can contents",129.0,19.68,0.0,4.97,0.0
15085,"Fish, salmon, sockeye, raw",131.0,22.25,0.0,4.69,0.0
15086,"Fish, salmon, sockeye, cooked, dry heat",156.0,26.48,0.0,5.57,0.0
15087,"Fish, salmon, sockeye, canned, drained solids",167.0,23.59,0.0,7.39,0.0
15088,"Fish, sardine, Atlantic, canned in oil, drained solids with bone",208.0,24.62,0.0,11.45,0.0
15089,"Fish, sardine, Pacific, canned in tomato sauce, drained solids with bone",185.0,20.86,0.54,10.45,0.1
15090,"Fish, scup, raw",105.0,18.88,0.0,2.73,0.0
15091,"Fish, sea bass, mixed species, raw",97.0,18.43,0.0,2.0,0.0
15092,"Fish, sea bass, mixed species, cooked, dry heat",124.0,23.63,0.0,2.56,0.0
15093,"Fish, seatrout, mixed species, raw",104.0,16.74,0.0,3.61,0.0
15094,"Fish, shad, american, raw",197.0,16.93,0.0,13.77,0.0
15095,"Fish, shark, mixed species, raw",130.0,20.98,0.0,4.51,0.0
15096,"Fish, shark, mixed species, cooked, batter-dipped and fried",228.0,18.62,6.39,13.82,0.0
15097,"Fish, sheepshead, raw",108.0,20.21,0.0,2.41,0.0
15098,"Fish, sheepshead, cooked, dry heat",126.0,26.02,0.0,1.63,0.0
15099,"Fish, smelt, rainbow, raw",97.0,17.63,0.0,2.42,0.0
15100,"Fish, smelt, rainbow, cooked, dry heat",124.0,22.6,0.0,3.1,0.0
15101,"Fish, snapper, mixed species, raw",100.0,20.51,0.0,1.34,0.0
15102,"Fish, snapper, mixed species, cooked, dry heat",128.0,26.3,0.0,1.72,0.0
15103,"Fish, spot, raw",123.0,18.51,0.0,4.9,0.0
15104,"Fish, sturgeon, mixed species, raw",105.0,16.14,0.0,4.04,0.0
15105,"Fish, sturgeon, mixed species, cooked, dry heat",135.0,20.7,0.0,5.18,0.0
15106,"Fish, sturgeon, mixed species, smoked",173.0,31.2,0.0,4.4,0.0
15107,"Fish, sucker, white, raw",92.0,16.76,0.0,2.32,0.0
15108,"Fish, sunfish, pumpkin seed, raw",89.0,19.4,0.0,0.7,0.0
15109,"Fish, surimi",99.0,15.18,6.85,0.9,0.0
15110,"Fish, swordfish, raw",144.0,19.66,0.0,6.65,0.0
15111,"Fish, swordfish, cooked, dry heat",172.0,23.45,0.0,7.93,0.0
15112,"Fish, tilefish, raw",96.0,17.5,0.0,2.31,0.0
15113,"Fish, tilefish, cooked, dry heat",147.0,24.49,0.0,4.69,0.0
15114,"Fish, trout, mixed species, raw",148.0,20.77,0.0,6.61,0.0
15115,"Fish, trout, rainbow, wild, raw",119.0,20.48,0.0,3.46,0.0
15116,"Fish, trout, rainbow, wild, cooked, dry heat",150.0,22.92,0.0,5.82,0.0
15117,"Fish, tuna, fresh, bluefin, raw",144.0,23.33,0.0,4.9,0.0
15118,"Fish, tuna, fresh, bluefin, cooked, dry heat",184.0,29.91,0.0,6.28,0.0
15119,"Fish, tuna, light, canned in oil, drained solids",198.0,29.13,0.0,8.21,0.0
15121,"Fish, tuna, light, canned in water, drained solids",86.0,19.44,0.0,0.96,0.0
15123,"Fish, tuna, fresh, skipjack, raw",103.0,22.0,0.0,1.01,0.0
15124,"Fish, tuna, white, canned in oil, drained solids",186.0,26.53,0.0,8.08,0.0
15126,"Fish, tuna, white, canned in water, drained solids",128.0,23.62,0.0,2.97,0.0
15127,"Fish, tuna, fresh, yellowfin, raw",109.0,24.4,0.0,0.49,0.0
15128,"Fish, tuna salad",187.0,16.04,9.41,9.26,0.0
15129,"Fish, turbot, european, raw",95.0,16.05,0.0,2.95,0.0
15130,"Fish, whitefish, mixed species, raw",134.0,19.09,0.0,5.86,0.0
15131,"Fish, whitefish, mixed species, smoked",108.0,23.4,0.0,0.93,0.0
15132,"Fish, whiting, mixed species, raw",90.0,18.31,0.0,1.31,0.0
15133,"Fish, whiting, mixed species, cooked, dry heat",116.0,23.48,0.0,1.69,0.0
15134,"Fish, wolffish, Atlantic, raw",96.0,17.5,0.0,2.39,0.0
15135,"Fish, yellowtail, mixed species, raw",146.0,23.14,0.0,5.24,0.0
15136,"Crustaceans, crab, alaska king, raw",84.0,18.29,0.0,0.6,0.0
15137,"Crustaceans, crab, alaska king, cooked, moist heat",97.0,19.35,0.0,1.54,0.0
15138,"Crustaceans, crab, alaska king, imitation, made from surimi",95.0,7.62,15.0,0.46,0.5
15139,"Crustaceans, crab, blue, raw",87.0,18.06,0.04,1.08,0.0
15140,"Crustaceans, crab, blue, cooked, moist heat",83.0,17.88,0.0,0.74,0.0
15141,"Crustaceans, crab, blue, canned",83.0,17.88,0.0,0.74,0.0
15142,"Crustaceans, crab, blue, crab cakes, home recipe",155.0,20.21,0.48,7.52,0.0
15143,"Crustaceans, crab, dungeness, raw",86.0,17.41,0.74,0.97,0.0
15144,"Crustaceans, crab, queen, raw",90.0,18.5,0.0,1.18,0.0
15145,"Crustaceans, crayfish, mixed species, wild, raw",77.0,15.97,0.0,0.95,0.0
15146,"Crustaceans, crayfish, mixed species, wild, cooked, moist heat",82.0,16.77,0.0,1.2,0.0
15147,"Crustaceans, lobster, northern, raw",77.0,16.52,0.0,0.75,0.0
15148,"Crustaceans, lobster, northern, cooked, moist heat",89.0,19.0,0.0,0.86,0.0
15149,"Crustaceans, shrimp, mixed species, raw (may have been previously frozen)",71.0,13.61,0.91,1.01,0.0
15150,"Crustaceans, shrimp, mixed species, cooked, breaded and fried",242.0,21.39,11.47,12.28,0.4
15151,"Crustaceans, shrimp, mixed species, cooked, moist heat (may have been previously frozen)",119.0,22.78,1.52,1.7,0.0
15152,"Crustaceans, shrimp, mixed species, canned",100.0,20.42,0.0,1.36,0.0
15153,"Crustaceans, shrimp, mixed species, imitation, made from surimi",101.0,12.39,9.13,1.47,0.0
15154,"Crustaceans, spiny lobster, mixed species, raw",112.0,20.6,2.43,1.51,0.0
15155,"Mollusks, abalone, mixed species, raw",105.0,17.1,6.01,0.76,0.0
15156,"Mollusks, abalone, mixed species, cooked, fried",189.0,19.63,11.05,6.78,0.0
15157,"Mollusks, clam, mixed species, raw",86.0,14.67,3.57,0.96,0.0
15158,"Mollusks, clam, mixed species, cooked, breaded and fried",202.0,14.24,10.33,11.15,
15159,"Mollusks, clam, mixed species, cooked, moist heat",148.0,25.55,5.13,1.95,0.0
15160,"Mollusks, clam, mixed species, canned, drained solids",142.0,24.25,5.9,1.59,0.0
15162,"Mollusks, clam, mixed species, canned, liquid",2.0,0.4,0.1,0.02,0.0
15163,"Mollusks, cuttlefish, mixed species, raw",79.0,16.24,0.82,0.7,0.0
15164,"Mollusks, mussel, blue, raw",86.0,11.9,3.69,2.24,0.0
15165,"Mollusks, mussel, blue, cooked, moist heat",172.0,23.8,7.39,4.48,0.0
15166,"Mollusks, octopus, common, raw",82.0,14.91,2.2,1.04,0.0
15167,"Mollusks, oyster, eastern, wild, raw",51.0,5.71,2.72,1.71,0.0
15168,"Mollusks, oyster, eastern, cooked, breaded and fried",199.0,8.77,11.62,12.58,
15169,"Mollusks, oyster, eastern, wild, cooked, moist heat",102.0,11.42,5.45,3.42,0.0
15170,"Mollusks, oyster, eastern, canned",68.0,7.06,3.91,2.47,0.0
15171,"Mollusks, oyster, Pacific, raw",81.0,9.45,4.95,2.3,0.0
15172,"Mollusks, scallop, mixed species, raw",69.0,12.06,3.18,0.49,0.0
15173,"Mollusks, scallop, mixed species, cooked, breaded and fried",216.0,18.07,10.13,10.94,
15174,"Mollusks, scallop, mixed species, imitation, made from surimi",99.0,12.77,10.62,0.41,0.0
15175,"Mollusks, squid, mixed species, raw",92.0,15.58,3.08,1.38,0.0
15176,"Mollusks, squid, mixed species, cooked, fried",175.0,17.94,7.79,7.48,0.0
15177,"Mollusks, whelk, unspecified, raw",137.0,23.84,7.76,0.4,0.0
15178,"Mollusks, whelk, unspecified, cooked, moist heat",275.0,47.68,15.52,0.8,0.0
15179,"Fish, salmon, chinook, smoked, (lox), regular",117.0,18.28,0.0,4.32,0.0
15180,"Fish, salmon, chum, canned, without salt, drained solids with bone",141.0,21.43,0.0,5.5,0.0
15181,"Fish, salmon, pink, canned, without salt, solids with bone and liquid",139.0,19.78,0.0,6.05,0.0
15182,"Fish, salmon, sockeye, canned, without salt, drained solids with bone",153.0,20.47,0.0,7.31,0.0
15183,"Fish, tuna, light, canned in oil, without salt, drained solids",198.0,29.13,0.0,8.21,0.0
15184,"Fish, tuna, light, canned in water, without salt, drained solids",116.0,25.51,0.0,0.82,0.0
15185,"Fish, tuna, white, canned in oil, without salt, drained solids",186.0,26.53,0.0,8.08,0.0
15186,"Fish, tuna, white, canned in water, without salt, drained solids",128.0,23.62,0.0,2.97,0.0
15187,"Fish, bass, freshwater, mixed species, cooked, dry heat",146.0,24.18,0.0,4.73,0.0
15188,"Fish, bass, striped, cooked, dry heat",124.0,22.73,0.0,2.99,0.0
15189,"Fish, bluefish, cooked, dry heat",159.0,25.69,0.0,5.44,0.0
15190,"Fish, burbot, cooked, dry heat",115.0,24.76,0.0,1.04,0.0
15191,"Fish, butterfish, cooked, dry heat",187.0,22.15,0.0,10.28,0.0
15192,"Fish, cod, Pacific, cooked, dry heat (may have been previously frozen)",85.0,18.73,0.0,0.5,0.0
15193,"Fish, cusk, cooked, dry heat",112.0,24.35,0.0,0.88,0.0
15194,"Fish, mahimahi, cooked, dry heat",109.0,23.72,0.0,0.9,0.0
15195,"Fish, drum, freshwater, cooked, dry heat",153.0,22.49,0.0,6.32,0.0
15196,"Fish, halibut, greenland, cooked, dry heat",239.0,18.42,0.0,17.74,0.0
15197,"Fish, herring, Pacific, cooked, dry heat",250.0,21.01,0.0,17.79,0.0
15198,"Fish, ling, cooked, dry heat",111.0,24.35,0.0,0.82,0.0
15199,"Fish, lingcod, cooked, dry heat",109.0,22.64,0.0,1.36,0.0
15200,"Fish, mackerel, king, cooked, dry heat",134.0,26.0,0.0,2.56,0.0
15201,"Fish, mackerel, Pacific and jack, mixed species, cooked, dry heat",201.0,25.73,0.0,10.12,0.0
15202,"Fish, milkfish, cooked, dry heat",190.0,26.32,0.0,8.63,0.0
15203,"Fish, monkfish, cooked, dry heat",97.0,18.56,0.0,1.95,0.0
15204,"Fish, pike, walleye, cooked, dry heat",119.0,24.54,0.0,1.56,0.0
15205,"Fish, pollock, Atlantic, cooked, dry heat",118.0,24.92,0.0,1.26,0.0
15206,"Fish, pout, ocean, cooked, dry heat",102.0,21.33,0.0,1.17,0.0
15207,"Fish, roe, mixed species, cooked, dry heat",204.0,28.62,1.92,8.23,0.0
15208,"Fish, sablefish, cooked, dry heat",250.0,17.19,0.0,19.62,0.0
15209,"Fish, salmon, Atlantic, wild, cooked, dry heat",182.0,25.44,0.0,8.13,0.0
15210,"Fish, salmon, chinook, cooked, dry heat",231.0,25.72,0.0,13.38,0.0
15211,"Fish, salmon, chum, cooked, dry heat",154.0,25.82,0.0,4.83,0.0
15212,"Fish, salmon, pink, cooked, dry heat",153.0,24.58,0.0,5.28,0.0
15213,"Fish, scup, cooked, dry heat",135.0,24.21,0.0,3.5,0.0
15214,"Fish, seatrout, mixed species, cooked, dry heat",133.0,21.46,0.0,4.63,0.0
15215,"Fish, shad, american, cooked, dry heat",252.0,21.71,0.0,17.65,0.0
15216,"Fish, spot, cooked, dry heat",158.0,23.73,0.0,6.28,0.0
15217,"Fish, sucker, white, cooked, dry heat",119.0,21.49,0.0,2.97,0.0
15218,"Fish, sunfish, pumpkin seed, cooked, dry heat",114.0,24.87,0.0,0.9,0.0
15219,"Fish, trout, mixed species, cooked, dry heat",190.0,26.63,0.0,8.47,0.0
15220,"Fish, tuna, skipjack, fresh, cooked, dry heat",132.0,28.21,0.0,1.29,0.0
15221,"Fish, tuna, yellowfin, fresh, cooked, dry heat",130.0,29.15,0.0,0.59,0.0
15222,"Fish, turbot, european, cooked, dry heat",122.0,20.58,0.0,3.78,0.0
15223,"Fish, whitefish, mixed species, cooked, dry heat",172.0,24.47,0.0,7.51,0.0
15224,"Fish, wolffish, Atlantic, cooked, dry heat",123.0,22.44,0.0,3.06,0.0
15225,"Fish, yellowtail, mixed species, cooked, dry heat",187.0,29.67,0.0,6.72,0.0
15226,"Crustaceans, crab, dungeness, cooked, moist heat",110.0,22.32,0.95,1.24,0.0
15227,"Crustaceans, crab, queen, cooked, moist heat",115.0,23.72,0.0,1.51,0.0
15228,"Crustaceans, spiny lobster, mixed species, cooked, moist heat",143.0,26.41,3.12,1.94,0.0
15229,"Mollusks, cuttlefish, mixed species, cooked, moist heat",158.0,32.48,1.64,1.4,0.0
15230,"Mollusks, octopus, common, cooked, moist heat",164.0,29.82,4.4,2.08,0.0
15231,"Mollusks, oyster, Pacific, cooked, moist heat",163.0,18.9,9.9,4.6,0.0
15232,"Fish, roughy, orange, cooked, dry heat",105.0,22.64,0.0,0.9,0.0
15233,"Fish, catfish, channel, wild, cooked, dry heat",105.0,18.47,0.0,2.85,0.0
15234,"Fish, catfish, channel, farmed, raw",119.0,15.23,0.0,5.94,0.0
15235,"Fish, catfish, channel, farmed, cooked, dry heat",144.0,18.44,0.0,7.19,0.0
15236,"Fish, salmon, Atlantic, farmed, raw",208.0,20.42,0.0,13.42,0.0
15237,"Fish, salmon, Atlantic, farmed, cooked, dry heat",206.0,22.1,0.0,12.35,0.0
15238,"Fish, salmon, coho, farmed, raw",160.0,21.27,0.0,7.67,0.0
15239,"Fish, salmon, coho, farmed, cooked, dry heat",178.0,24.3,0.0,8.23,0.0
15240,"Fish, trout, rainbow, farmed, raw",141.0,19.94,0.0,6.18,0.0
15241,"Fish, trout, rainbow, farmed, cooked, dry heat",168.0,23.8,0.0,7.38,0.0
15242,"Crustaceans, crayfish, mixed species, farmed, raw",72.0,14.85,0.0,0.97,0.0
15243,"Crustaceans, crayfish, mixed species, farmed, cooked, moist heat",87.0,17.52,0.0,1.3,0.0
15244,"Mollusks, oyster, eastern, wild, cooked, dry heat",79.0,8.87,4.23,2.65,0.0
15245,"Mollusks, oyster, eastern, farmed, raw",59.0,5.22,5.53,1.55,0.0
15246,"Mollusks, oyster, eastern, farmed, cooked, dry heat",79.0,7.0,7.28,2.12,0.0
15247,"Fish, salmon, coho, wild, cooked, dry heat",139.0,23.45,0.0,4.3,0.0
15250,"Mollusks, conch, baked or broiled",130.0,26.3,1.7,1.2,0.0
15251,"USDA Commodity, salmon nuggets, breaded, frozen, heated",212.0,12.69,13.96,11.72,0.0
15252,"USDA Commodity, salmon nuggets, cooked as purchased, unheated",189.0,11.97,11.85,10.43,0.0
15253,"Salmon, sockeye, canned, total can contents",153.0,20.63,0.0,7.17,0.0
15260,"Fish, salmon, pink, canned, drained solids",138.0,23.1,0.0,5.02,0.0
15261,"Fish, tilapia, raw",96.0,20.08,0.0,1.7,0.0
15262,"Fish, tilapia, cooked, dry heat",128.0,26.15,0.0,2.65,0.0
15264,"Salmon, sockeye, canned, drained solids, without skin and bones",158.0,26.33,0.0,5.87,0.0
15265,"Fish, Salmon, pink, canned, drained solids, without skin and bones",136.0,24.62,0.0,4.21,0.0
15266,"Fish, pollock, Alaska, raw (not previously frozen)",70.0,17.17,0.0,0.19,
15267,"Fish, pollock, Alaska, cooked (not previously frozen)",80.0,19.42,0.0,0.26,
15268,"Fish, cod, Pacific, raw (not previously frozen)",72.0,17.54,0.0,0.2,
15269,"Fish, cod, Pacific, cooked (not previously frozen)",84.0,20.42,0.0,0.25,
15270,"Crustaceans, shrimp, raw (not previously frozen)",85.0,20.1,0.0,0.51,
15271,"Crustaceans, shrimp, cooked (not previously frozen)",99.0,23.98,0.2,0.28,
15274,"Fish, trout, brook, raw, New York State",110.0,21.23,0.0,2.73,
16001,"Beans, adzuki, mature seeds, raw",329.0,19.87,62.9,0.53,12.7
16002,"Beans, adzuki, mature seeds, cooked, boiled, without salt",128.0,7.52,24.77,0.1,7.3
16003,"Beans, adzuki, mature seeds, canned, sweetened",237.0,3.8,55.01,0.03,
16004,"Yokan, prepared from adzuki beans and sugar",260.0,3.29,60.72,0.12,
16005,"Beans, baked, home prepared",155.0,5.54,21.63,5.15,5.5
16006,"Beans, baked, canned, plain or vegetarian",94.0,4.75,21.14,0.37,4.1
16007,"Beans, baked, canned, with beef",121.0,6.38,16.91,3.45,
16008,"Beans, baked, canned, with franks",142.0,6.75,15.39,6.57,6.9
16009,"Beans, baked, canned, with pork",106.0,5.19,19.99,1.55,5.5
16010,"Beans, baked, canned, with pork and sweet sauce",105.0,4.52,21.57,0.89,4.4
16011,"Beans, baked, canned, with pork and tomato sauce",94.0,5.15,18.69,0.93,4.0
16014,"Beans, black, mature seeds, raw",341.0,21.6,62.36,1.42,15.5
16015,"Beans, black, mature seeds, cooked, boiled, without salt",132.0,8.86,23.71,0.54,8.7
16016,"Beans, black turtle, mature seeds, raw",339.0,21.25,63.25,0.9,15.5
16017,"Beans, black turtle, mature seeds, cooked, boiled, without salt",130.0,8.18,24.35,0.35,8.3
16018,"Beans, black turtle, mature seeds, canned",91.0,6.03,16.55,0.29,6.9
16019,"Beans, cranberry (roman), mature seeds, raw",335.0,23.03,60.05,1.23,24.7
16020,"Beans, cranberry (roman), mature seeds, cooked, boiled, without salt",136.0,9.34,24.46,0.46,8.6
16021,"Beans, cranberry (roman), mature seeds, canned",83.0,5.54,15.12,0.28,6.3
16022,"Beans, french, mature seeds, raw",343.0,18.81,64.11,2.02,25.2
16023,"Beans, french, mature seeds, cooked, boiled, without salt",129.0,7.05,24.02,0.76,9.4
16024,"Beans, great northern, mature seeds, raw",339.0,21.86,62.37,1.14,20.2
16025,"Beans, great northern, mature seeds, cooked, boiled, without salt",118.0,8.33,21.09,0.45,7.0
16026,"Beans, great northern, mature seeds, canned",114.0,7.37,21.02,0.39,4.9
16027,"Beans, kidney, all types, mature seeds, raw",333.0,23.58,60.01,0.83,24.9
16028,"Beans, kidney, all types, mature seeds, cooked, boiled, without salt",127.0,8.67,22.8,0.5,6.4
16029,"Beans, kidney, all types, mature seeds, canned",84.0,5.22,14.5,0.6,4.3
16030,"Beans, kidney, california red, mature seeds, raw",330.0,24.37,59.8,0.25,24.9
16031,"Beans, kidney, california red, mature seeds, cooked, boiled, without salt",124.0,9.13,22.41,0.09,9.3
16032,"Beans, kidney, red, mature seeds, raw",337.0,22.53,61.29,1.06,15.2
16033,"Beans, kidney, red, mature seeds, cooked, boiled, without salt",127.0,8.67,22.8,0.5,7.4
16034,"Beans, kidney, red, mature seeds, canned, solids and liquids",81.0,5.22,14.83,0.36,4.3
16035,"Beans, kidney, royal red, mature seeds, raw",329.0,25.33,58.33,0.45,24.9
16036,"Beans, kidney, royal red, mature seeds, cooked, boiled, without salt",123.0,9.49,21.85,0.17,9.3
16037,"Beans, navy, mature seeds, raw",337.0,22.33,60.75,1.5,15.3
16038,"Beans, navy, mature seeds, cooked, boiled, without salt",140.0,8.23,26.05,0.62,10.5
16039,"Beans, navy, mature seeds, canned",113.0,7.53,20.45,0.43,5.1
16040,"Beans, pink, mature seeds, raw",343.0,20.96,64.19,1.13,12.7
16041,"Beans, pink, mature seeds, cooked, boiled, without salt",149.0,9.06,27.91,0.49,5.3
16042,"Beans, pinto, mature seeds, raw",347.0,21.42,62.55,1.23,15.5
16043,"Beans, pinto, mature seeds, cooked, boiled, without salt",143.0,9.01,26.22,0.65,9.0
16044,"Beans, pinto, mature seeds, canned, solids and liquids",82.0,4.6,15.18,0.56,4.6
16045,"Beans, small white, mature seeds, raw",336.0,21.11,62.25,1.18,24.9
16046,"Beans, small white, mature seeds, cooked, boiled, without salt",142.0,8.97,25.81,0.64,10.4
16047,"Beans, yellow, mature seeds, raw",345.0,22.0,60.7,2.6,25.1
16048,"Beans, yellow, mature seeds, cooked, boiled, without salt",144.0,9.16,25.28,1.08,10.4
16049,"Beans, white, mature seeds, raw",333.0,23.36,60.27,0.85,15.2
16050,"Beans, white, mature seeds, cooked, boiled, without salt",139.0,9.73,25.09,0.35,6.3
16051,"Beans, white, mature seeds, canned",114.0,7.26,21.2,0.29,4.8
16052,"Broadbeans (fava beans), mature seeds, raw",341.0,26.12,58.29,1.53,25.0
16053,"Broadbeans (fava beans), mature seeds, cooked, boiled, without salt",110.0,7.6,19.65,0.4,5.4
16054,"Broadbeans (fava beans), mature seeds, canned",71.0,5.47,12.41,0.22,3.7
16055,Carob flour,222.0,4.62,88.88,0.65,39.8
16056,"Chickpeas (garbanzo beans, bengal gram), mature seeds, raw",378.0,20.47,62.95,6.04,12.2
16057,"Chickpeas (garbanzo beans, bengal gram), mature seeds, cooked, boiled, without salt",164.0,8.86,27.42,2.59,7.6
16058,"Chickpeas (garbanzo beans, bengal gram), mature seeds, canned, solids and liquids",88.0,4.92,13.49,1.95,4.4
16059,"Chili with beans, canned",103.0,6.12,13.24,3.76,3.3
16060,"Cowpeas, catjang, mature seeds, raw",343.0,23.85,59.64,2.07,10.7
16061,"Cowpeas, catjang, mature seeds, cooked, boiled, without salt",117.0,8.13,20.32,0.71,3.6
16062,"Cowpeas, common (blackeyes, crowder, southern), mature seeds, raw",336.0,23.52,60.03,1.26,10.6
16063,"Cowpeas, common (blackeyes, crowder, southern), mature seeds, cooked, boiled, without salt",116.0,7.73,20.76,0.53,6.5
16064,"Cowpeas, common (blackeyes, crowder, southern), mature seeds, canned, plain",77.0,4.74,13.63,0.55,3.3
16065,"Cowpeas, common (blackeyes, crowder, southern), mature seeds, canned with pork",83.0,2.74,16.53,1.6,3.3
16067,"Hyacinth beans, mature seeds, raw",344.0,23.9,60.74,1.69,25.6
16068,"Hyacinth beans, mature seeds, cooked, boiled, without salt",117.0,8.14,20.69,0.58,
16069,"Lentils, raw",352.0,24.63,63.35,1.06,10.7
16070,"Lentils, mature seeds, cooked, boiled, without salt",116.0,9.02,20.13,0.38,7.9
16071,"Lima beans, large, mature seeds, raw",338.0,21.46,63.38,0.69,19.0
16072,"Lima beans, large, mature seeds, cooked, boiled, without salt",115.0,7.8,20.88,0.38,7.0
16073,"Lima beans, large, mature seeds, canned",79.0,4.93,14.91,0.17,4.8
16074,"Lima beans, thin seeded (baby), mature seeds, raw",335.0,20.62,62.83,0.93,20.6
16075,"Lima beans, thin seeded (baby), mature seeds, cooked, boiled, without salt",126.0,8.04,23.31,0.38,7.7
16076,"Lupins, mature seeds, raw",371.0,36.17,40.37,9.74,18.9
16077,"Lupins, mature seeds, cooked, boiled, without salt",119.0,15.57,9.88,2.92,2.8
16078,"Mothbeans, mature seeds, raw",343.0,22.94,61.52,1.61,
16079,"Mothbeans, mature seeds, cooked, boiled, without salt",117.0,7.81,20.96,0.55,
16080,"Mung beans, mature seeds, raw",347.0,23.86,62.62,1.15,16.3
16081,"Mung beans, mature seeds, cooked, boiled, without salt",105.0,7.02,19.15,0.38,7.6
16082,"Noodles, chinese, cellophane or long rice (mung beans), dehydrated",351.0,0.16,86.09,0.06,0.5
16083,"Mungo beans, mature seeds, raw",341.0,25.21,58.99,1.64,18.3
16084,"Mungo beans, mature seeds, cooked, boiled, without salt",105.0,7.54,18.34,0.55,6.4
16085,"Peas, green, split, mature seeds, raw",352.0,23.82,63.74,1.16,25.5
16086,"Peas, split, mature seeds, cooked, boiled, without salt",118.0,8.34,21.1,0.39,8.3
16087,"Peanuts, all types, raw",567.0,25.8,16.13,49.24,8.5
16088,"Peanuts, all types, cooked, boiled, with salt",318.0,13.5,21.26,22.01,8.8
16089,"Peanuts, all types, oil-roasted, with salt",599.0,28.03,15.26,52.5,9.4
16090,"Peanuts, all types, dry-roasted, with salt",587.0,24.35,21.26,49.66,8.4
16091,"Peanuts, spanish, raw",570.0,26.15,15.83,49.6,9.5
16092,"Peanuts, spanish, oil-roasted, with salt",579.0,28.01,17.45,49.04,8.9
16093,"Peanuts, valencia, raw",570.0,25.09,20.91,47.58,8.7
16094,"Peanuts, valencia, oil-roasted, with salt",589.0,27.04,16.3,51.24,8.9
16095,"Peanuts, virginia, raw",563.0,25.19,16.54,48.75,8.5
16096,"Peanuts, virginia, oil-roasted, with salt",578.0,25.87,19.86,48.62,8.9
16097,"Peanut butter, chunk style, with salt",589.0,24.06,21.57,49.94,8.0
16098,"Peanut butter, smooth style, with salt",598.0,22.21,22.31,51.36,5.0
16099,"Peanut flour, defatted",327.0,52.2,34.7,0.55,15.8
16100,"Peanut flour, low fat",428.0,33.8,31.27,21.9,15.8
16101,"Pigeon peas (red gram), mature seeds, raw",343.0,21.7,62.78,1.49,15.0
16102,"Pigeon peas (red gram), mature seeds, cooked, boiled, without salt",121.0,6.76,23.25,0.38,6.7
16103,"Refried beans, canned, traditional style (includes USDA commodity)",90.0,4.98,13.55,2.01,3.7
16104,"Bacon, meatless",309.0,11.69,5.31,29.52,2.6
16106,Meat extender,311.0,41.71,34.71,2.97,17.5
16107,"Sausage, meatless",255.0,20.28,8.09,18.16,2.8
16108,"Soybeans, mature seeds, raw",446.0,36.49,30.16,19.94,9.3
16109,"Soybeans, mature cooked, boiled, without salt",172.0,18.21,8.36,8.97,6.0
16110,"Soybeans, mature seeds, roasted, salted",469.0,38.55,30.22,25.4,17.7
16111,"Soybeans, mature seeds, dry roasted",449.0,43.32,28.98,21.62,8.1
16112,Miso,198.0,12.79,25.37,6.01,5.4
16113,Natto,211.0,19.4,12.68,11.0,5.4
16114,Tempeh,192.0,20.29,7.64,10.8,
16115,"Soy flour, full-fat, raw",434.0,37.81,31.92,20.65,9.6
16116,"Soy flour, full-fat, roasted",439.0,38.09,30.38,21.86,9.7
16117,"Soy flour, defatted",327.0,51.46,33.92,1.22,17.5
16118,"Soy flour, low-fat",372.0,49.81,30.63,8.9,16.0
16119,"Soy meal, defatted, raw",337.0,49.2,35.89,2.39,
16120,"Soymilk, original and vanilla, unfortified",54.0,3.27,6.28,1.75,0.6
16121,"Soy protein concentrate, produced by alcohol extraction",328.0,63.63,25.41,0.46,5.5
16122,Soy protein isolate,335.0,88.32,0.0,3.39,0.0
16123,Soy sauce made from soy and wheat (shoyu),53.0,8.14,4.93,0.57,0.8
16124,Soy sauce made from soy (tamari),60.0,10.51,5.57,0.1,0.8
16125,Soy sauce made from hydrolyzed vegetable protein,60.0,7.0,7.84,0.51,0.5
16126,"Tofu, firm, prepared with calcium sulfate and magnesium chloride (nigari)",78.0,9.04,2.85,4.17,0.9
16127,"Tofu, soft, prepared with calcium sulfate and magnesium chloride (nigari)",61.0,7.17,1.18,3.69,0.2
16128,"Tofu, dried-frozen (koyadofu)",477.0,52.47,10.03,30.34,7.2
16129,"Tofu, fried",270.0,18.82,8.86,20.18,3.9
16130,Okara,76.0,3.52,12.23,1.73,
16132,"Tofu, salted and fermented (fuyu)",116.0,8.92,4.38,8.0,
16133,"Yardlong beans, mature seeds, raw",347.0,24.33,61.91,1.31,11.0
16134,"Yardlong beans, mature seeds, cooked, boiled, without salt",118.0,8.29,21.09,0.45,3.8
16135,"Winged beans, mature seeds, raw",409.0,29.65,41.71,16.32,25.9
16136,"Winged beans, mature seeds, cooked, boiled, without salt",147.0,10.62,14.94,5.84,
16137,"Hummus, home prepared",177.0,4.86,20.12,8.59,4.0
16138,"Falafel, home-prepared",333.0,13.31,31.84,17.8,
16139,"Soymilk, original and vanilla, with added calcium, vitamins A and D",43.0,2.6,4.92,1.47,0.2
16144,"Lentils, pink or red, raw",358.0,23.91,63.1,2.17,10.8
16145,"Beans, kidney, red, mature seeds, canned, drained solids",124.0,7.98,21.49,1.05,5.5
16146,"Beans, pinto, canned, drained solids",114.0,6.99,20.22,0.9,5.5
16147,"Veggie burgers or soyburgers, unprepared",177.0,15.7,14.27,6.3,4.9
16149,"Peanut spread, reduced sugar",650.0,24.8,14.23,54.89,7.8
16150,"Peanut butter, smooth, reduced fat",520.0,25.9,35.65,34.0,5.2
16155,"Peanut butter, smooth, vitamin and mineral fortified",591.0,25.72,18.75,50.81,5.6
16156,"Peanut butter, chunky, vitamin and mineral fortified",593.0,26.06,17.69,51.47,5.7
16157,Chickpea flour (besan),387.0,22.39,57.82,6.69,10.8
16158,"Hummus, commercial",166.0,7.9,14.29,9.6,6.0
16159,"Tofu, extra firm, prepared with nigari",83.0,9.98,1.18,5.26,1.0
16160,"Tofu, hard, prepared with nigari",145.0,12.68,4.39,9.99,0.6
16161,"MORI-NU, Tofu, silken, soft",55.0,4.8,2.9,2.7,0.1
16162,"MORI-NU, Tofu, silken, firm",62.0,6.9,2.4,2.7,0.1
16163,"MORI-NU, Tofu, silken, extra firm",55.0,7.4,2.0,1.9,0.1
16164,"MORI-NU, Tofu, silken, lite firm",37.0,6.3,1.1,0.8,0.0
16165,"MORI-NU, Tofu, silken, lite extra firm",38.0,7.0,1.0,0.7,0.0
16166,"Soymilk, chocolate, unfortified",63.0,2.26,9.95,1.53,0.4
16167,"USDA Commodity, Peanut Butter, smooth",588.0,21.93,23.98,49.54,5.7
16168,"Soymilk, chocolate, with added calcium, vitamins A and D",63.0,2.26,9.95,1.53,0.4
16171,"Refried beans, canned, vegetarian",83.0,5.28,13.5,0.87,4.7
16172,"Refried beans, canned, fat-free",79.0,5.34,13.5,0.45,4.7
16173,"Frijoles rojos volteados (Refried beans, red, canned)",144.0,5.0,15.47,6.93,4.7
16174,"Tempeh, cooked",195.0,19.91,7.62,11.38,
16200,Campbell's Brown Sugar And Bacon Flavored Baked Beans,123.0,3.85,23.08,1.92,6.2
16201,Campbell's Pork and Beans,108.0,4.62,19.23,1.15,5.4
16202,"PACE, Traditional Refried Beans",67.0,4.17,10.83,0.0,4.2
16203,"PACE, Salsa Refried Beans",60.0,3.33,11.67,0.0,3.3
16204,"PACE, Spicy Jalapeno Refried Beans",63.0,4.17,11.67,0.0,4.2
16210,"Vitasoy USA, Nasoya Lite Firm Tofu",54.0,8.3,1.3,1.7,0.6
16211,"Vitasoy USA, Organic Nasoya Super Firm Cubed Tofu",118.0,12.4,2.8,6.3,2.0
16212,"Vitasoy USA, Organic Nasoya Extra Firm Tofu",98.0,10.1,2.6,5.2,1.3
16213,"Vitasoy USA, Organic Nasoya Firm Tofu",84.0,8.9,2.3,4.4,0.8
16214,"Vitasoy USA, Organic Nasoya Silken Tofu",47.0,4.8,1.4,2.5,0.3
16215,"Vitasoy USA, Vitasoy Organic Creamy Original Soymilk",44.0,2.9,4.5,1.6,0.4
16216,"Vitasoy USA, Vitasoy Organic Classic Original Soymilk",47.0,3.2,4.5,1.8,0.4
16219,"Vitasoy USA, Vitasoy Light Vanilla Soymilk",30.0,1.6,4.1,0.82,0.1
16222,"Soymilk (all flavors), unsweetened, with added calcium, vitamins A and D",33.0,2.86,1.74,1.61,0.5
16223,"Soymilk (All flavors), enhanced",45.0,2.94,3.45,1.99,0.4
16225,"Soymilk, original and vanilla, light, with added calcium, vitamins A and D",30.0,2.38,3.51,0.77,0.3
16227,"Soymilk, chocolate and other flavors, light, with added calcium, vitamins A and D",47.0,2.1,8.24,0.64,0.7
16228,"Soymilk, original and vanilla, light, unsweetened, with added calcium, vitamins A and D",34.0,2.62,3.85,0.85,0.6
16229,"Soymilk (All flavors), lowfat, with added calcium, vitamins A and D",43.0,1.65,7.2,0.62,0.8
16230,"Soymilk (all flavors), nonfat, with added calcium, vitamins A and D",28.0,2.47,4.14,0.04,0.2
16231,"Soymilk, chocolate, nonfat, with added calcium, vitamins A and D",44.0,2.47,8.51,0.04,0.2
16235,"SILK Plain, soymilk",41.0,2.88,3.29,1.65,0.4
16236,"SILK Vanilla, soymilk",41.0,2.47,4.12,1.44,0.4
16237,"SILK Chocolate, soymilk",58.0,2.06,9.47,1.44,0.8
16238,"SILK Light Plain, soymilk",29.0,2.47,3.29,0.82,0.4
16239,"SILK Light Vanilla, soymilk",33.0,2.47,4.12,0.82,0.4
16240,"SILK Light Chocolate, soymilk",49.0,2.06,9.05,0.62,0.8
16241,"SILK Plus Omega-3 DHA, soymilk",45.0,2.88,3.29,2.06,0.4
16242,"SILK Plus for Bone Health, soymilk",41.0,2.47,4.53,1.44,0.8
16243,"SILK Plus Fiber, soymilk",41.0,2.47,5.76,1.44,2.1
16244,"SILK Unsweetened, soymilk",33.0,2.88,1.65,1.65,0.4
16245,"SILK Very Vanilla, soymilk",53.0,2.47,7.82,1.65,0.4
16246,"SILK Nog, soymilk",74.0,2.46,12.3,1.64,0.0
16247,"SILK Chai, soymilk",53.0,2.47,7.82,1.44,0.0
16248,"SILK Mocha, soymilk",58.0,2.06,9.05,1.44,0.0
16249,"SILK Coffee, soymilk",62.0,2.06,10.29,1.44,0.0
16250,SILK Vanilla soy yogurt (family size),79.0,2.64,13.66,1.76,0.4
16251,SILK Vanilla soy yogurt (single serving size),88.0,2.94,14.71,1.76,0.6
16252,SILK Plain soy yogurt,66.0,2.64,9.69,1.76,0.4
16253,SILK Strawberry soy yogurt,94.0,2.35,18.24,1.18,0.6
16254,SILK Raspberry soy yogurt,88.0,2.35,17.65,1.18,0.6
16255,SILK Peach soy yogurt,94.0,2.35,18.82,1.18,0.6
16256,SILK Black Cherry soy yogurt,88.0,2.35,17.06,1.18,0.6
16257,SILK Blueberry soy yogurt,88.0,2.35,17.06,1.18,0.6
16258,SILK Key Lime soy yogurt,88.0,2.35,17.65,1.18,0.6
16259,SILK Banana-Strawberry soy yogurt,88.0,2.35,17.06,1.18,0.6
16260,SILK Original Creamer,100.0,0.0,6.67,6.67,0.0
16261,SILK French Vanilla Creamer,133.0,0.0,20.0,6.67,0.0
16262,SILK Hazelnut Creamer,133.0,0.0,20.0,6.67,0.0
16271,"Vitasoy USA Organic Nasoya, Soft Tofu",70.0,8.76,0.74,3.5,0.6
16272,"Vitasoy USA Nasoya, Lite Silken Tofu",43.0,8.21,0.0,1.1,
16273,"Vitasoy USA Organic Nasoya, Tofu Plus Extra Firm",92.0,10.18,1.82,4.9,1.0
16274,"Vitasoy USA Organic Nasoya, Tofu Plus Firm",74.0,9.19,1.71,3.4,0.8
16275,"Vitasoy USA Organic Nasoya Sprouted, Tofu Plus Super Firm",115.0,13.24,2.16,5.9,1.2
16276,"Vitasoy USA Azumaya, Extra Firm Tofu",88.0,10.07,1.53,4.6,0.9
16277,"Vitasoy USA Azumaya, Firm Tofu",80.0,9.08,1.52,4.2,0.6
16278,"Vitasoy USA Azumaya, Silken Tofu",43.0,4.82,0.58,2.4,0.2
16279,HOUSE FOODS Premium Soft Tofu,59.0,6.38,2.19,2.71,0.8
16281,HOUSE FOODS Premium Firm Tofu,85.0,10.92,0.97,4.19,0.9
16302,"Beans, adzuki, mature seed, cooked, boiled, with salt",128.0,7.52,24.77,0.1,7.3
16315,"Beans, black, mature seeds, cooked, boiled, with salt",132.0,8.86,23.71,0.54,8.7
16316,"Beans, black, mature seeds, canned, low sodium",91.0,6.03,16.55,0.29,6.9
16317,"Beans, black turtle, mature seeds, cooked, boiled, with salt",130.0,8.18,24.35,0.35,8.3
16320,"Beans, cranberry (roman), mature seeds, cooked, boiled, with salt",136.0,9.34,24.46,0.46,8.6
16323,"Beans, french, mature seeds, cooked, boiled, with salt",129.0,7.05,24.02,0.76,9.4
16325,"Beans, great northern, mature seeds, cooked, boiled, with salt",118.0,8.33,21.09,0.45,7.0
16326,"Beans, great northern, mature seeds, canned, low sodium",114.0,7.37,21.02,0.39,4.9
16328,"Beans, kidney, all types, mature seeds, cooked, boiled, with salt",127.0,8.67,22.8,0.5,6.4
16331,"Beans, kidney, california red, mature seeds, cooked, boiled, with salt",124.0,9.13,22.41,0.09,9.3
16333,"Beans, kidney, red, mature seeds, cooked, boiled, with salt",127.0,8.67,22.8,0.5,7.4
16335,"Beans, kidney, red, mature seeds, canned, drained solids, rinsed in tap water",121.0,8.12,20.8,0.93,6.0
16336,"Beans, kidney, royal red, mature seeds, cooked, boiled with salt",123.0,9.49,21.85,0.17,9.3
16337,"Beans, kidney, red, mature seeds, canned, solids and liquid, low sodium",81.0,5.22,14.83,0.36,5.3
16338,"Beans, navy, mature seeds, cooked, boiled, with salt",140.0,8.23,26.05,0.62,10.5
16341,"Beans, pink, mature seeds, cooked, boiled, with salt",149.0,9.06,27.91,0.49,5.3
16343,"Beans, pinto, mature seeds, cooked, boiled, with salt",143.0,9.01,26.22,0.65,9.0
16345,"Beans, pinto, mature seeds, canned, drained solids, rinsed in tap water",117.0,7.04,20.77,0.97,
16346,"Beans, small white, mature seeds, cooked, boiled, with salt",142.0,8.97,25.81,0.64,10.4
16347,"Beans, pinto, mature seeds, canned, solids and liquids, low sodium",82.0,4.6,15.18,0.56,4.6
16348,"Beans, yellow, mature seeds, cooked, boiled, with salt",144.0,9.16,25.28,1.08,10.4
16350,"Beans, white, mature seeds, cooked, boiled, with salt",139.0,9.73,25.09,0.35,6.3
16353,"Broadbeans (fava beans), mature seeds, cooked, boiled, with salt",110.0,7.6,19.65,0.4,5.4
16357,"Chickpeas (garbanzo beans, bengal gram), mature seeds, cooked, boiled, with salt",164.0,8.86,27.42,2.59,7.6
16358,"Chickpeas (garbanzo beans, bengal gram), mature seeds, canned, drained solids",139.0,7.05,22.53,2.77,6.4
16359,"Chickpeas (garbanzo beans, bengal gram), mature seeds, canned, drained, rinsed in tap water",138.0,7.04,22.87,2.47,6.3
16360,"Chickpeas (garbanzo beans, bengal gram), mature seeds, canned, solids and liquids, low sodium",88.0,4.92,13.49,1.95,4.4
16361,"Cowpeas, catjang, mature seeds, cooked, boiled, with salt",117.0,8.13,20.32,0.71,3.6
16363,"Cowpeas, common (blackeyes, crowder, southern), mature seeds, cooked, boiled, with salt",116.0,7.73,20.76,0.53,6.5
16368,"Hyacinth beans, mature seeds, cooked, boiled, with salt",117.0,8.14,20.7,0.58,
16370,"Lentils, mature seeds, cooked, boiled, with salt",114.0,9.02,19.54,0.38,7.9
16372,"Lima beans, large, mature seeds, cooked, boiled, with salt",115.0,7.8,20.88,0.38,7.0
16375,"Lima beans, thin seeded (baby), mature seeds, cooked, boiled, with salt",126.0,8.04,23.31,0.38,7.7
16377,"Lupins, mature seeds, cooked, boiled, with salt",116.0,15.57,9.29,2.92,2.8
16379,"Mothbeans, mature seeds, cooked, boiled, with salt",117.0,7.81,20.96,0.55,
16381,"Mung beans, mature seeds, cooked, boiled, with salt",105.0,7.02,19.15,0.38,7.6
16384,"Mungo beans, mature seeds, cooked, boiled, with salt",105.0,7.54,18.34,0.55,6.4
16386,"Peas, split, mature seeds, cooked, boiled, with salt",116.0,8.34,20.51,0.39,8.3
16389,"Peanuts, all types, oil-roasted, without salt",599.0,28.03,15.26,52.5,9.4
16390,"Peanuts, all types, dry-roasted, without salt",587.0,24.35,21.26,49.66,8.4
16392,"Peanuts, spanish, oil-roasted, without salt",579.0,28.01,17.45,49.04,8.9
16394,"Peanuts, valencia, oil-roasted, without salt",589.0,27.04,16.3,51.24,8.9
16396,"Peanuts, virginia, oil-roasted, without salt",578.0,25.87,19.86,48.62,8.9
16397,"Peanut butter, chunk style, without salt",589.0,24.06,21.57,49.94,8.0
16398,"Peanut butter, smooth style, without salt",598.0,22.21,22.31,51.36,5.0
16399,"Peanut butter with omega-3, creamy",608.0,24.47,17.0,54.17,6.1
16402,"Pigeon peas (red gram), mature seeds, cooked, boiled, with salt",121.0,6.76,23.25,0.38,6.7
16403,"Refried beans, canned, traditional, reduced sodium",89.0,4.98,13.55,2.01,3.7
16409,"Soybeans, mature seeds, cooked, boiled, with salt",172.0,18.21,8.36,8.97,6.0
16410,"Soybeans, mature seeds, roasted, no salt added",469.0,38.55,30.22,25.4,17.7
16420,"Soy protein concentrate, produced by acid wash",328.0,63.63,25.41,0.46,5.5
16422,"Soy protein isolate, potassium type",321.0,88.32,2.59,0.53,0.0
16424,"Soy sauce made from soy and wheat (shoyu), low sodium",57.0,9.05,5.59,0.3,0.7
16425,"Soy sauce, reduced sodium, made from hydrolyzed vegetable protein",90.0,8.19,14.44,0.31,0.3
16426,"Tofu, raw, firm, prepared with calcium sulfate",144.0,17.27,2.78,8.72,2.3
16427,"Tofu, raw, regular, prepared with calcium sulfate",76.0,8.08,1.87,4.78,0.3
16428,"Tofu, dried-frozen (koyadofu), prepared with calcium sulfate",470.0,52.43,8.3,30.34,1.2
16429,"Tofu, fried, prepared with calcium sulfate",270.0,18.82,8.86,20.18,3.9
16432,"Tofu, salted and fermented (fuyu), prepared with calcium sulfate",116.0,8.15,5.15,8.0,
16434,"Yardlong beans, mature seeds, cooked, boiled, with salt",118.0,8.29,21.09,0.45,3.8
16436,"Winged beans, mature seeds, cooked, boiled, with salt",147.0,10.62,14.94,5.84,
16500,"LOMA LINDA Little Links, canned, unprepared",221.0,19.4,5.5,13.5,4.2
16502,"LOMA LINDA Low Fat Big Franks, canned, unprepared",154.0,23.1,4.9,4.7,4.1
16504,"LOMA LINDA Tender Rounds with Gravy, canned, unprepared",145.0,16.3,7.4,5.6,3.5
16505,"LOMA LINDA Swiss Stake with Gravy, canned, unprepared",138.0,10.2,10.4,6.2,3.2
16506,"LOMA LINDA Vege-Burger, canned, unprepared",114.0,22.2,3.7,1.2,2.6
16507,"LOMA LINDA Redi-Burger, canned, unprepared",146.0,21.9,8.2,2.8,4.3
16508,"LOMA LINDA Tender Bits, canned, unprepared",135.0,15.1,8.3,4.6,4.3
16509,"LOMA LINDA Linketts, canned, unprepared",209.0,21.3,4.4,11.8,3.0
16510,"WORTHINGTON Chili, canned, unprepared",126.0,10.4,10.9,4.5,3.4
16511,"WORTHINGTON Choplets, canned, unprepared",103.0,19.4,4.1,1.0,2.8
16512,"WORTHINGTON Diced Chik, canned, unprepared",80.0,14.7,3.7,0.7,1.4
16513,"WORTHINGTON FriChik Original, canned, unprepared",160.0,13.4,3.4,10.3,1.5
16514,"WORTHINGTON Low Fat Fri Chik, canned, unprepared",102.0,14.3,4.9,2.7,1.0
16515,"WORTHINGTON Low Fat Veja-Links, canned, unprepared",123.0,15.8,4.3,4.8,1.2
16516,"WORTHINGTON Multigrain Cutlets, canned, unprepared",117.0,23.29,7.3,1.5,4.5
16517,"WORTHINGTON Prime Stakes, canned, unprepared",135.0,10.2,7.5,7.2,1.4
16518,"WORTHINGTON Saucettes, canned, unprepared",219.0,15.0,5.6,15.2,2.8
16519,"WORTHINGTON Super Links, canned, unprepared",219.0,14.5,5.5,15.5,1.8
16521,"WORTHINGTON Vegetable Skallops, canned, unprepared",109.0,19.9,4.6,1.2,3.4
16522,"WORTHINGTON Vegetable Steaks, canned, unprepared",113.0,20.7,5.1,1.2,2.2
16523,"WORTHINGTON Vegetarian Burger, canned, unprepared",124.0,18.6,6.2,2.9,2.7
16524,"WORTHINGTON Veja-Links, canned, unprepared",155.0,14.6,4.1,8.9,3.3
16525,"WORTHINGTON Chic-Ketts, frozen, unprepared",200.0,23.6,5.1,9.7,1.2
16526,"WORTHINGTON Meatless Chicken Roll, frozen, unprepared",154.0,16.1,4.3,8.0,2.4
16527,"WORTHINGTON Meatless Corned Beef Roll, frozen, unprepared",245.0,18.6,9.9,14.5,0.0
16528,"WORTHINGTON Dinner Roast, frozen, unprepared",213.0,16.0,6.9,13.5,3.1
16529,"WORTHINGTON FriPats, frozen, unprepared",209.0,23.7,8.0,9.1,2.8
16531,"WORTHINGTON Prosage Links, frozen, unprepared",143.0,20.2,5.0,4.7,2.8
16532,"WORTHINGTON Prosage Roll, frozen, unprepared",261.0,19.6,6.0,17.6,3.5
16533,"WORTHINGTON Smoked Turkey Roll, frozen, unprepared",251.0,18.5,7.9,16.1,1.1
16534,"WORTHINGTON Stakelets, frozen, unprepared",211.0,19.7,9.6,10.4,2.8
16535,"WORTHINGTON Stripples, frozen, unprepared",346.0,12.4,14.3,26.6,5.1
16536,"WORTHINGTON Wham (roll), frozen, unprepared",196.0,17.8,5.7,11.3,0.0
16538,"MORNINGSTAR FARMS Breakfast Pattie with Organic Soy, frozen, unprepared",220.0,23.7,12.6,8.3,7.6
16542,"MORNINGSTAR FARMS Breakfast Bacon Strips, frozen, unprepared",346.0,12.4,14.3,26.6,5.1
16546,"MORNINGSTAR FARMS Breakfast Sausage Links, frozen, unprepared",159.0,19.2,6.8,6.1,4.0
16548,"MORNINGSTAR FARMS Grillers Original, frozen, unprepared",213.0,23.9,8.5,9.3,4.4
16549,"MORNINGSTAR FARMS Grillers Prime, frozen, unprepared",238.0,24.0,5.9,13.2,2.6
16551,"MORNINGSTAR FARMS Asian Veggie Patties, frozen, unprepared",158.0,11.4,18.2,6.2,5.1
16552,"MORNINGSTAR FARMS Mushroom Lover's Burger, frozen, unprepared",168.0,14.3,9.2,8.2,5.1
16554,"MORNINGSTAR FARMS Tomato & Basil Pizza Burger, frozen, unprepared",161.0,15.5,14.0,8.6,9.1
16555,"MORNINGSTAR FARMS Buffalo Wings, frozen, unprepared",232.0,14.1,22.6,11.0,4.8
16556,"MORNINGSTAR FARMS Chik'n Nuggets, frozen, unprepared",221.0,14.4,21.8,10.0,4.9
16557,"MORNINGSTAR FARMS Chik Patties, frozen, unprepared",197.0,11.8,22.9,7.0,3.0
16558,"MORNINGSTAR FARMS Italian Herb Chik'n Pattie, frozen, unprepared",236.0,13.6,31.1,7.0,3.4
16560,"MORNINGSTAR FARMS Corn Dog, frozen, unprepared",208.0,11.2,36.0,3.5,3.8
16561,"MORNINGSTAR FARMS Corn Dog Mini, frozen, unprepared",219.0,13.2,32.6,4.7,2.6
16565,"MORNINGSTAR FARMS Sausage Style Recipe Crumbles, frozen, unprepared",159.0,20.2,9.9,4.6,4.6
16570,"GARDENBURGER Black Bean Chipotle Burger, frozen, unprepared",133.0,6.5,22.0,3.9,6.1
16579,"GARDENBURGER Original, frozen, unprepared",155.0,7.2,22.1,4.6,5.0
16581,"GARDENBURGER Flame Grilled Burger, frozen, unprepared",122.0,15.2,6.8,4.4,3.7
16584,"GARDENBURGER Savory Portabella Veggie Burger, frozen, unprepared",138.0,5.9,22.1,3.3,7.1
16585,"GARDENBURGER Sun-Dried Tomato Basil Burger, frozen, unprepared",137.0,5.5,23.7,3.6,5.2
16586,"GARDENBURGER Veggie Medley Burger, frozen, unprepared",121.0,4.1,24.0,3.6,7.1
16587,"MORNINGSTAR FARMS Breakfast Sausage Patties Maple Flavored, frozen, unprepared",222.0,26.3,13.6,7.2,2.0
16588,"MORNINGSTAR FARMS Chik'n Grill Veggie Patties, frozen, unprepared",118.0,12.8,10.2,4.8,5.7
16590,"MORNINGSTAR FARMS BBQ Riblets, frozen, unprepared",150.0,11.4,24.6,2.3,4.7
16591,"WORTHINGTON Leanies, frozen, unprepared",251.0,19.5,6.1,16.5,3.8
16592,"MORNINGSTAR FARMS California Turk'y Burger, frozen, unprepared",155.0,14.9,12.6,7.7,7.6
16593,"MORNINGSTAR FARMS Hot and Spicy Veggie Sausage Patties, frozen, unprepared",185.0,21.8,8.5,7.4,2.3
16594,"MORNINGSTAR FARMS Lasagna with Veggie Sausage, frozen, unprepared",96.0,7.1,14.4,2.3,2.3
16596,"MORNINGSTAR FARMS Grillers Quarter Pound Veggie Burger, frozen, unprepared",219.0,22.8,8.9,10.5,2.5
16600,"MORNINGSTAR FARMS Sesame Chik'n Entree, frozen, unprepared",116.0,5.3,17.3,3.5,1.3
16601,"MORNINGSTAR FARMS Grillers Chik'n Veggie Patties, frozen, unprepared",118.0,12.8,10.2,4.8,5.7
16602,"MORNINGSTAR FARMS Meal Starters Veggie Meatballs, frozen, unprepared",158.0,17.7,9.9,5.8,3.6
16603,"MORNINGSTAR FARMS Breakfast Biscuit Sausage, Egg & Cheese, frozen, unprepared",257.0,9.3,37.5,8.1,1.5
16606,"MORNINGSTAR FARMS Mediterranean Chickpea, frozen, unprepared",200.0,15.5,19.8,6.5,10.1
16607,"MORNINGSTAR FARMS Buffalo Chik Patties, frozen, unprepared",255.0,12.1,25.2,12.8,5.1
16608,"MORNINGSTAR FARMS Chik Patties Original, frozen, unprepared",197.0,11.2,20.5,9.1,3.7
16609,"MORNINGSTAR FARMS Breakfast Pattie, frozen, unprepared",195.0,23.7,12.6,8.3,7.6
16610,"MORNINGSTAR FARMS Roasted Garlic & Quinoa Burger, frozen, unprepared",192.0,10.7,17.8,12.1,10.1
16611,"MORNINGSTAR FARMS Parmesan Garlic Wings, frozen, unprepared",227.0,14.2,24.1,8.6,3.1
16613,"MORNINGSTAR FARMS Breakfast Sandwich Veggie Sausage Egg & Cheese English Muffin, frozen, unprepared",205.0,14.3,18.7,9.4,3.8
16614,"MORNINGSTAR FARMS Breakfast Sandwich Veggie Scramble & Cheese English Muffin, frozen, unprepared",149.0,10.4,18.9,4.8,2.9
16615,"MORNINGSTAR FARMS Chipotle Black Bean Crumbles, frozen, unprepared",122.0,14.4,10.2,4.1,4.3
16616,"MORNINGSTAR FARMS Garden Veggie Nuggets, frozen, unprepared",197.0,9.6,16.9,12.2,6.9
16617,"MORNINGSTAR FARMS Spicy Black Bean Enchilada Entree, frozen, unprepared",123.0,5.8,15.9,5.2,2.6
16618,"MORNINGSTAR FARMS Spicy Indian Veggie Burger, frozen, unprepared",189.0,9.2,17.0,11.6,7.8
16619,"MORNINGSTAR FARMS Tuscan Greens & Beans, frozen, unprepared",112.0,5.9,11.7,6.3,3.8
17000,"Veal, Australian, rib, rib roast, separable lean only, raw",134.0,21.7,1.4,4.63,0.0
17001,"Lamb, domestic, composite of trimmed retail cuts, separable lean and fat, trimmed to 1/4"" fat, choice, raw",267.0,16.88,0.0,21.59,0.0
17002,"Lamb, domestic, composite of trimmed retail cuts, separable lean and fat, trimmed to 1/4"" fat, choice, cooked",294.0,24.52,0.0,20.94,0.0
17003,"Lamb, domestic, composite of trimmed retail cuts, separable lean only, trimmed to 1/4"" fat, choice, raw",134.0,20.29,0.0,5.25,0.0
17004,"Lamb, domestic, composite of trimmed retail cuts, separable lean only, trimmed to 1/4"" fat, choice, cooked",206.0,28.22,0.0,9.52,0.0
17005,"Lamb, domestic, composite of trimmed retail cuts, separable fat, trimmed to 1/4"" fat, choice, raw",665.0,6.65,0.0,70.61,0.0
17006,"Lamb, domestic, composite of trimmed retail cuts, separable fat, trimmed to 1/4"" fat, choice, cooked",586.0,12.16,0.0,59.18,0.0
17007,"Lamb, domestic, foreshank, separable lean and fat, trimmed to 1/4"" fat, choice, raw",201.0,18.91,0.0,13.38,0.0
17008,"Lamb, domestic, foreshank, separable lean and fat, trimmed to 1/4"" fat, choice, cooked, braised",243.0,28.37,0.0,13.46,0.0
17009,"Lamb, domestic, foreshank, separable lean only, trimmed to 1/4"" fat, choice, raw",120.0,21.08,0.0,3.29,0.0
17010,"Lamb, domestic, foreshank, separable lean only, trimmed to 1/4"" fat, choice, cooked, braised",187.0,31.01,0.0,6.02,0.0
17011,"Lamb, domestic, leg, whole (shank and sirloin), separable lean and fat, trimmed to 1/4"" fat, choice, raw",230.0,17.91,0.0,17.07,0.0
17012,"Lamb, domestic, leg, whole (shank and sirloin), separable lean and fat, trimmed to 1/4"" fat, choice, cooked, roasted",258.0,25.55,0.0,16.48,0.0
17013,"Lamb, domestic, leg, whole (shank and sirloin), separable lean only, trimmed to 1/4"" fat, choice, raw",128.0,20.56,0.0,4.51,0.0
17014,"Lamb, domestic, leg, whole (shank and sirloin), separable lean only, trimmed to 1/4"" fat, choice, cooked, roasted",191.0,28.3,0.0,7.74,0.0
17015,"Lamb, domestic, leg, shank half, separable lean and fat, trimmed to 1/4"" fat, choice, raw",201.0,18.58,0.0,13.49,0.0
17016,"Lamb, domestic, leg, shank half, separable lean and fat, trimmed to 1/4"" fat, choice, cooked, roasted",225.0,26.41,0.0,12.45,0.0
17017,"Lamb, domestic, leg, shank half, separable lean only, trimmed to 1/4"" fat, choice, raw",125.0,20.52,0.0,4.19,0.0
17018,"Lamb, domestic, leg, shank half, separable lean only, trimmed to 1/4"" fat, choice, cooked, roasted",180.0,28.17,0.0,6.67,0.0
17019,"Lamb, domestic, leg, sirloin half, separable lean and fat, trimmed to 1/4"" fat, choice, raw",272.0,16.94,0.0,22.11,0.0
17020,"Lamb, domestic, leg, sirloin half, separable lean and fat, trimmed to 1/4"" fat, choice, cooked, roasted",292.0,24.63,0.0,20.67,0.0
17021,"Lamb, domestic, leg, sirloin half, separable lean only, trimmed to 1/4"" fat, choice, raw",134.0,20.55,0.0,5.08,0.0
17022,"Lamb, domestic, leg, sirloin half, separable lean only, trimmed to 1/4"" fat, choice, cooked, roasted",204.0,28.35,0.0,9.17,0.0
17023,"Lamb, domestic, loin, separable lean and fat, trimmed to 1/4"" fat, choice, raw",310.0,16.32,0.0,26.63,0.0
17024,"Lamb, domestic, loin, separable lean and fat, trimmed to 1/4"" fat, choice, cooked, broiled",316.0,25.17,0.0,23.08,0.0
17025,"Lamb, domestic, loin, separable lean and fat, trimmed to 1/4"" fat, choice, cooked, roasted",309.0,22.55,0.0,23.59,0.0
17026,"Lamb, domestic, loin, separable lean only, trimmed to 1/4"" fat, choice, raw",143.0,20.88,0.0,5.94,0.0
17027,"Lamb, domestic, loin, separable lean only, trimmed to 1/4"" fat, choice, cooked, broiled",216.0,29.99,0.0,9.73,0.0
17028,"Lamb, domestic, loin, separable lean only, trimmed to 1/4"" fat, choice, cooked, roasted",202.0,26.59,0.0,9.76,0.0
17029,"Lamb, domestic, rib, separable lean and fat, trimmed to 1/4"" fat, choice, raw",372.0,14.52,0.0,34.39,0.0
17030,"Lamb, domestic, rib, separable lean and fat, trimmed to 1/4"" fat, choice, cooked, broiled",361.0,22.13,0.0,29.59,0.0
17031,"Lamb, domestic, rib, separable lean and fat, trimmed to 1/4"" fat, choice, cooked, roasted",359.0,21.12,0.0,29.82,0.0
17032,"Lamb, domestic, rib, separable lean only, trimmed to 1/4"" fat, choice, raw",169.0,19.98,0.0,9.23,0.0
17033,"Lamb, domestic, rib, separable lean only, trimmed to 1/4"" fat, choice, cooked, broiled",235.0,27.74,0.0,12.95,0.0
17034,"Lamb, domestic, rib, separable lean only, trimmed to 1/4"" fat, choice, cooked, roasted",232.0,26.16,0.0,13.31,0.0
17035,"Lamb, domestic, shoulder, whole (arm and blade), separable lean and fat, trimmed to 1/4"" fat, choice, raw",264.0,16.58,0.0,21.45,0.0
17036,"Lamb, domestic, shoulder, whole (arm and blade), separable lean and fat, trimmed to 1/4"" fat, choice, cooked, braised",344.0,28.68,0.0,24.55,0.0
17037,"Lamb, domestic, shoulder, whole (arm and blade), separable lean and fat, trimmed to 1/4"" fat, choice, cooked, broiled",278.0,24.42,0.0,19.26,0.0
17038,"Lamb, domestic, shoulder, whole (arm and blade), separable lean and fat, trimmed to 1/4"" fat, choice, cooked, roasted",276.0,22.51,0.0,19.97,0.0
17039,"Lamb, domestic, shoulder, whole (arm and blade), separable lean only, trimmed to 1/4"" fat, choice, raw",144.0,19.55,0.0,6.76,0.0
17040,"Lamb, domestic, shoulder, whole (arm and blade), separable lean only, trimmed to 1/4"" fat, choice, cooked, braised",283.0,32.81,0.0,15.89,0.0
17041,"Lamb, domestic, shoulder, whole (arm and blade), separable lean only, trimmed to 1/4"" fat, choice, cooked, broiled",210.0,27.12,0.0,10.5,0.0
17042,"Lamb, domestic, shoulder, whole (arm and blade), separable lean only, trimmed to 1/4"" fat, choice, cooked, roasted",204.0,24.94,0.0,10.77,0.0
17043,"Lamb, domestic, shoulder, arm, separable lean and fat, trimmed to 1/4"" fat, choice, raw",260.0,16.79,0.0,20.9,0.0
17044,"Lamb, domestic, shoulder, arm, separable lean and fat, trimmed to 1/4"" fat, choice, cooked, braised",346.0,30.39,0.0,24.0,0.0
17045,"Lamb, domestic, shoulder, arm, separable lean and fat, trimmed to 1/4"" fat, choice, cooked, broiled",281.0,24.44,0.0,19.55,0.0
17046,"Lamb, domestic, shoulder, arm, separable lean and fat, trimmed to 1/4"" fat, choice, cooked, roasted",279.0,22.53,0.0,20.24,0.0
17047,"Lamb, domestic, shoulder, arm, separable lean only, trimmed to 1/4"" fat, choice, raw",132.0,19.99,0.0,5.2,0.0
17048,"Lamb, domestic, shoulder, arm, separable lean only, trimmed to 1/4"" fat, choice, cooked, braised",279.0,35.54,0.0,14.08,0.0
17049,"Lamb, domestic, shoulder, arm, separable lean only, trimmed to 1/4"" fat, choice, cooked, broiled",200.0,27.71,0.0,9.02,0.0
17050,"Lamb, domestic, shoulder, arm, separable lean only, trimmed to 1/4"" fat, choice, cooked, roasted",192.0,25.46,0.0,9.26,0.0
17051,"Lamb, domestic, shoulder, blade, separable lean and fat, trimmed to 1/4"" fat, choice, raw",259.0,16.63,0.0,20.86,0.0
17052,"Lamb, domestic, shoulder, blade, separable lean and fat, trimmed to 1/4"" fat, choice, cooked, braised",345.0,28.51,0.0,24.73,0.0
17053,"Lamb, domestic, shoulder, blade, separable lean and fat, trimmed to 1/4"" fat, choice, cooked, broiled",278.0,23.08,0.0,19.94,0.0
17054,"Lamb, domestic, shoulder, blade, separable lean and fat, trimmed to 1/4"" fat, choice, cooked, roasted",281.0,22.25,0.0,20.61,0.0
17055,"Lamb, domestic, shoulder, blade, separable lean only, trimmed to 1/4"" fat, choice, raw",151.0,19.29,0.0,7.63,0.0
17056,"Lamb, domestic, shoulder, blade, separable lean only, trimmed to 1/4"" fat, choice, cooked, braised",288.0,32.35,0.0,16.64,0.0
17057,"Lamb, domestic, shoulder, blade, separable lean only, trimmed to 1/4"" fat, choice, cooked, broiled",211.0,25.48,0.0,11.32,0.0
17058,"Lamb, domestic, shoulder, blade, separable lean only, trimmed to 1/4"" fat, choice, cooked, roasted",209.0,24.61,0.0,11.57,0.0
17059,"Lamb, domestic, cubed for stew or kabob (leg and shoulder), separable lean only, trimmed to 1/4"" fat, raw",134.0,20.21,0.0,5.28,0.0
17060,"Lamb, domestic, cubed for stew or kabob (leg and shoulder), separable lean only, trimmed to 1/4"" fat, cooked, braised",223.0,33.69,0.0,8.8,0.0
17061,"Lamb, domestic, cubed for stew or kabob (leg and shoulder), separable lean only, trimmed to 1/4"" fat, cooked, broiled",186.0,28.08,0.0,7.33,0.0
17062,"Lamb, New Zealand, imported, frozen, composite of trimmed retail cuts, separable lean and fat, raw",277.0,16.74,0.0,22.74,0.0
17063,"Lamb, New Zealand, imported, frozen, composite of trimmed retail cuts, separable lean and fat, cooked",305.0,24.42,0.0,22.26,0.0
17064,"Lamb, New Zealand, imported, frozen, composite of trimmed retail cuts, separable lean only, raw",128.0,20.75,0.0,4.41,0.0
17065,"Lamb, New Zealand, imported, frozen, composite of trimmed retail cuts, separable lean only, cooked",206.0,29.59,0.0,8.86,0.0
17066,"Lamb, New Zealand, imported, frozen, composite of trimmed retail cuts, separable fat, raw",640.0,6.92,0.0,67.63,0.0
17067,"Lamb, New Zealand, imported, frozen, composite of trimmed retail cuts, separable fat, cooked",586.0,9.72,0.0,60.39,0.0
17068,"Lamb, New Zealand, imported, fore-shank, separable lean and fat, raw",183.0,20.09,0.09,11.38,0.0
17069,"Lamb, New Zealand, imported, fore-shank, separable lean and fat, cooked, braised",256.0,30.35,0.03,14.99,0.0
17070,"Lamb, New Zealand, imported, fore-shank, separable lean only, raw",122.0,22.05,0.0,3.77,0.0
17071,"Lamb, New Zealand, imported, fore-shank, separable lean only, cooked, braised",209.0,33.31,0.0,8.4,0.0
17072,"Lamb, New Zealand, imported, leg chop/steak, bone-in, separable lean and fat, raw",206.0,18.64,0.13,14.52,0.0
17073,"Lamb, New Zealand, imported, frozen, leg, whole (shank and sirloin), separable lean and fat, cooked, roasted",246.0,24.81,0.0,15.56,0.0
17074,"Lamb, New Zealand, imported, leg chop/steak, bone-in, separable lean only, raw",126.0,21.1,0.0,4.64,0.0
17075,"Lamb, New Zealand, imported, frozen, leg, whole (shank and sirloin), separable lean only, cooked, roasted",181.0,27.68,0.0,7.01,0.0
17076,"Lamb, New Zealand, imported, loin chop, separable lean and fat, raw",298.0,15.4,0.22,26.19,0.0
17077,"Lamb, New Zealand, imported, frozen, loin, separable lean and fat, cooked, broiled",315.0,23.43,0.0,23.88,0.0
17078,"Lamb, New Zealand, imported, loin chop, separable lean only, raw",142.0,19.98,0.0,6.88,0.0
17079,"Lamb, New Zealand, imported, frozen, loin, separable lean only, cooked, broiled",199.0,29.31,0.0,8.24,0.0
17080,"Lamb, New Zealand, imported, rack - partly frenched, separable lean and fat, raw",240.0,18.12,0.13,18.52,0.0
17081,"Lamb, New Zealand, imported, rack - partly frenched, separable lean and fat, cooked, fast roasted",253.0,22.06,0.04,18.29,0.0
17082,"Lamb, New Zealand, imported, rack - partly frenched, separable lean only, raw",160.0,20.65,0.0,8.61,0.0
17083,"Lamb, New Zealand, imported, rack - partly frenched, separable lean only, cooked, fast roasted",193.0,24.43,0.0,10.63,0.0
17084,"Lamb, New Zealand, imported, square-cut shoulder, separable lean and fat, raw",272.0,16.16,0.24,22.89,0.0
17085,"Lamb, New Zealand, imported, frozen, shoulder, whole (arm and blade), separable lean and fat, cooked, braised",357.0,28.21,0.0,26.27,0.0
17086,"Lamb, New Zealand, imported, square-cut shoulder, separable lean only, raw",154.0,19.72,0.0,8.3,0.0
17087,"Lamb, New Zealand, imported, frozen, shoulder, whole (arm and blade), separable lean only, cooked, braised",285.0,34.06,0.0,15.5,0.0
17088,"Veal, composite of trimmed retail cuts, separable lean and fat, raw",144.0,19.35,0.0,6.77,0.0
17089,"Veal, composite of trimmed retail cuts, separable lean and fat, cooked",231.0,30.1,0.0,11.39,0.0
17090,"Veal, composite of trimmed retail cuts, separable lean only, raw",112.0,20.2,0.0,2.87,0.0
17091,"Veal, composite of trimmed retail cuts, separable lean only, cooked",196.0,31.9,0.0,6.58,0.0
17092,"Veal, composite of trimmed retail cuts, separable fat, raw",638.0,6.02,0.0,67.83,0.0
17093,"Veal, composite of trimmed retail cuts, separable fat, cooked",642.0,9.42,0.0,66.74,0.0
17094,"Veal, leg (top round), separable lean and fat, raw",117.0,20.98,0.0,3.08,0.0
17095,"Veal, leg (top round), separable lean and fat, cooked, braised",211.0,36.16,0.0,6.33,0.0
17096,"Veal, leg (top round), separable lean and fat, cooked, pan-fried, breaded",238.0,27.29,9.91,9.18,0.3
17097,"Veal, leg (top round), separable lean and fat, cooked, pan-fried, not breaded",211.0,31.75,0.0,8.35,0.0
17098,"Veal, leg (top round), separable lean and fat, cooked, roasted",160.0,27.7,0.0,4.65,0.0
17099,"Veal, leg (top round), separable lean only, raw",107.0,21.28,0.0,1.76,0.0
17100,"Veal, leg (top round), separable lean only, cooked, braised",203.0,36.71,0.0,5.09,0.0
17101,"Veal, leg (top round), separable lean only, cooked, pan-fried, breaded",216.0,28.41,9.84,6.27,0.2
17102,"Veal, leg (top round), separable lean only, cooked, pan-fried, not breaded",183.0,33.17,0.0,4.62,0.0
17103,"Veal, leg (top round), separable lean only, cooked, roasted",150.0,28.07,0.0,3.39,0.0
17104,"Veal, loin, separable lean and fat, raw",177.0,20.07,0.07,10.07,0.0
17105,"Veal, loin, separable lean and fat, cooked, braised",284.0,30.19,0.0,17.21,0.0
17106,"Veal, loin, separable lean and fat, cooked, roasted",217.0,24.8,0.0,12.32,0.0
17107,"Veal, loin, separable lean only, raw",114.0,21.85,0.0,2.9,0.0
17108,"Veal, loin, separable lean only, cooked, braised",226.0,33.57,0.0,9.15,0.0
17109,"Veal, loin, separable lean only, cooked, roasted",175.0,26.32,0.0,6.94,0.0
17110,"Veal, rib, separable lean and fat, raw",162.0,18.86,0.0,9.01,0.0
17111,"Veal, rib, separable lean and fat, cooked, braised",251.0,32.43,0.0,12.53,0.0
17112,"Veal, rib, separable lean and fat, cooked, roasted",228.0,23.96,0.0,13.96,0.0
17113,"Veal, rib, separable lean only, raw",120.0,19.97,0.0,3.89,0.0
17114,"Veal, rib, separable lean only, cooked, braised",218.0,34.44,0.0,7.81,0.0
17115,"Veal, rib, separable lean only, cooked, roasted",177.0,25.76,0.0,7.44,0.0
17116,"Veal, shoulder, whole (arm and blade), separable lean and fat, raw",130.0,19.27,0.0,5.28,0.0
17117,"Veal, shoulder, whole (arm and blade), separable lean and fat, cooked, braised",228.0,32.06,0.0,10.14,0.0
17118,"Veal, shoulder, whole (arm and blade), separable lean and fat, cooked, roasted",184.0,25.32,0.0,8.42,0.0
17119,"Veal, shoulder, whole (arm and blade), separable lean only, raw",112.0,19.79,0.0,3.0,0.0
17120,"Veal, shoulder, whole (arm and blade), separable lean only, cooked, braised",199.0,33.68,0.0,6.1,0.0
17121,"Veal, shoulder, whole (arm and blade), separable lean only, cooked, roasted",170.0,25.81,0.0,6.62,0.0
17122,"Veal, shoulder, arm, separable lean and fat, raw",132.0,19.34,0.0,5.44,0.0
17123,"Veal, shoulder, arm, separable lean and fat, cooked, braised",236.0,33.63,0.0,10.24,0.0
17124,"Veal, shoulder, arm, separable lean and fat, cooked, roasted",183.0,25.46,0.0,8.25,0.0
17125,"Veal, shoulder, arm, separable lean only, raw",105.0,20.04,0.0,2.16,0.0
17126,"Veal, shoulder, arm, separable lean only, cooked, braised",201.0,35.73,0.0,5.33,0.0
17127,"Veal, shoulder, arm, separable lean only, cooked, roasted",164.0,26.13,0.0,5.81,0.0
17128,"Veal, shoulder, blade chop, separable lean and fat, raw",148.0,18.72,0.03,7.61,0.0
17129,"Veal, shoulder, blade, separable lean and fat, cooked, braised",225.0,31.26,0.0,10.09,0.0
17130,"Veal, shoulder, blade, separable lean and fat, cooked, roasted",186.0,25.15,0.0,8.67,0.0
17131,"Veal, shoulder, blade chop, separable lean only, raw",110.0,19.6,0.0,2.88,0.0
17132,"Veal, shoulder, blade, separable lean only, cooked, braised",198.0,32.66,0.0,6.48,0.0
17133,"Veal, shoulder, blade, separable lean only, cooked, roasted",171.0,25.64,0.0,6.88,0.0
17134,"Veal, sirloin, separable lean and fat, raw",152.0,19.07,0.0,7.81,0.0
17135,"Veal, sirloin, separable lean and fat, cooked, braised",252.0,31.26,0.0,13.14,0.0
17136,"Veal, sirloin, separable lean and fat, cooked, roasted",202.0,25.14,0.0,10.45,0.0
17137,"Veal, sirloin, separable lean only, raw",110.0,20.2,0.0,2.59,0.0
17138,"Veal, sirloin, separable lean only, cooked, braised",204.0,33.96,0.0,6.51,0.0
17139,"Veal, sirloin, separable lean only, cooked, roasted",168.0,26.32,0.0,6.22,0.0
17140,"Veal, cubed for stew (leg and shoulder), separable lean only, raw",109.0,20.27,0.0,2.5,0.0
17141,"Veal, cubed for stew (leg and shoulder), separable lean only, cooked, braised",188.0,34.94,0.0,4.31,0.0
17142,"Veal, ground, raw",197.0,18.58,0.0,13.06,0.0
17143,"Veal, ground, cooked, broiled",172.0,24.38,0.0,7.56,0.0
17144,"Game meat, antelope, raw",114.0,22.38,0.0,2.03,0.0
17145,"Game meat, antelope, cooked, roasted",150.0,29.45,0.0,2.67,0.0
17146,"Game meat, bear, raw",161.0,20.1,0.0,8.3,0.0
17147,"Game meat, bear, cooked, simmered",259.0,32.42,0.0,13.39,0.0
17148,"Bison, ground, grass-fed, cooked",179.0,25.45,0.0,8.62,0.0
17149,"Bison, ground, grass-fed, raw",146.0,20.23,0.05,7.21,0.0
17150,"Game meat, beaver, raw",146.0,24.05,0.0,4.8,0.0
17151,"Game meat, beaver, cooked, roasted",212.0,34.85,0.0,6.96,0.0
17152,"Game meat, beefalo, composite of cuts, raw",143.0,23.3,0.0,4.8,0.0
17153,"Game meat, beefalo, composite of cuts, cooked, roasted",188.0,30.66,0.0,6.32,0.0
17154,"Veal, Australian, separable fat, raw",509.0,9.91,0.0,52.17,0.0
17155,"Veal, Australian, rib, rib roast, separable lean and fat, raw",201.0,19.6,1.15,13.1,0.0
17156,"Game meat, bison, separable lean only, raw",109.0,21.62,0.0,1.84,0.0
17157,"Game meat, bison, separable lean only, cooked, roasted",143.0,28.44,0.0,2.42,0.0
17158,"Game meat, boar, wild, raw",122.0,21.51,0.0,3.33,0.0
17159,"Game meat, boar, wild, cooked, roasted",160.0,28.3,0.0,4.38,0.0
17160,"Game meat, buffalo, water, raw",99.0,20.39,0.0,1.37,0.0
17161,"Game meat, buffalo, water, cooked, roasted",131.0,26.83,0.0,1.8,0.0
17162,"Game meat, caribou, raw",127.0,22.63,0.0,3.36,0.0
17163,"Game meat, caribou, cooked, roasted",167.0,29.77,0.0,4.42,0.0
17164,"Game meat, deer, raw",120.0,22.96,0.0,2.42,0.0
17165,"Game meat, deer, cooked, roasted",158.0,30.21,0.0,3.19,0.0
17166,"Game meat, elk, raw",111.0,22.95,0.0,1.45,0.0
17167,"Game meat, elk, cooked, roasted",146.0,30.19,0.0,1.9,0.0
17168,"Goat, raw",109.0,20.6,0.0,2.31,0.0
17169,"Game meat, goat, cooked, roasted",143.0,27.1,0.0,3.03,0.0
17170,"Game meat, horse, raw",133.0,21.39,0.0,4.6,0.0
17171,"Game meat, horse, cooked, roasted",175.0,28.14,0.0,6.05,0.0
17172,"Game meat, moose, raw",102.0,22.24,0.0,0.74,0.0
17173,"Game meat, moose, cooked, roasted",134.0,29.27,0.0,0.97,0.0
17174,"Game meat, muskrat, raw",162.0,20.76,0.0,8.1,0.0
17175,"Game meat, muskrat, cooked, roasted",234.0,30.09,0.0,11.74,0.0
17176,"Game meat, opossum, cooked, roasted",221.0,30.2,0.0,10.2,0.0
17177,"Game meat, rabbit, domesticated, composite of cuts, raw",136.0,20.05,0.0,5.55,0.0
17178,"Game meat, rabbit, domesticated, composite of cuts, cooked, roasted",197.0,29.06,0.0,8.05,0.0
17179,"Game meat, rabbit, domesticated, composite of cuts, cooked, stewed",206.0,30.38,0.0,8.41,0.0
17180,"Game meat, rabbit, wild, raw",114.0,21.79,0.0,2.32,0.0
17181,"Game meat, rabbit, wild, cooked, stewed",173.0,33.02,0.0,3.51,0.0
17182,"Game meat, raccoon, cooked, roasted",255.0,29.2,0.0,14.5,0.0
17183,"Game meat, squirrel, raw",120.0,21.23,0.0,3.21,0.0
17184,"Game meat, squirrel, cooked, roasted",173.0,30.77,0.0,4.69,0.0
17185,"Lamb, variety meats and by-products, brain, raw",122.0,10.4,0.0,8.58,0.0
17186,"Lamb, variety meats and by-products, brain, cooked, braised",145.0,12.55,0.0,10.17,0.0
17187,"Lamb, variety meats and by-products, brain, cooked, pan-fried",273.0,16.97,0.0,22.19,0.0
17188,"Veal, variety meats and by-products, brain, raw",118.0,10.32,0.0,8.21,0.0
17189,"Veal, variety meats and by-products, brain, cooked, braised",136.0,11.48,0.0,9.63,0.0
17190,"Veal, variety meats and by-products, brain, cooked, pan-fried",213.0,14.48,0.0,16.75,0.0
17191,"Lamb, variety meats and by-products, heart, raw",122.0,16.47,0.21,5.68,0.0
17192,"Lamb, variety meats and by-products, heart, cooked, braised",185.0,24.97,1.93,7.91,0.0
17193,"Veal, variety meats and by-products, heart, raw",110.0,17.18,0.08,3.98,0.0
17194,"Veal, variety meats and by-products, heart, cooked, braised",186.0,29.12,0.13,6.75,0.0
17195,"Lamb, variety meats and by-products, kidneys, raw",97.0,15.74,0.82,2.95,0.0
17196,"Lamb, variety meats and by-products, kidneys, cooked, braised",137.0,23.65,0.99,3.62,0.0
17197,"Veal, variety meats and by-products, kidneys, raw",99.0,15.76,0.85,3.12,0.0
17198,"Veal, variety meats and by-products, kidneys, cooked, braised",163.0,26.32,0.0,5.66,0.0
17199,"Lamb, variety meats and by-products, liver, raw",139.0,20.38,1.78,5.02,0.0
17200,"Lamb, variety meats and by-products, liver, cooked, braised",220.0,30.57,2.53,8.81,0.0
17201,"Lamb, variety meats and by-products, liver, cooked, pan-fried",238.0,25.53,3.78,12.65,0.0
17202,"Veal, variety meats and by-products, liver, raw",140.0,19.93,2.91,4.85,0.0
17203,"Veal, variety meats and by-products, liver, cooked, braised",192.0,28.42,3.77,6.26,0.0
17204,"Veal, variety meats and by-products, liver, cooked, pan-fried",193.0,27.37,4.47,6.51,0.0
17205,"Lamb, variety meats and by-products, lungs, raw",95.0,16.7,0.0,2.6,0.0
17206,"Lamb, variety meats and by-products, lungs, cooked, braised",113.0,19.88,0.0,3.1,0.0
17207,"Veal, variety meats and by-products, lungs, raw",90.0,16.3,0.0,2.3,0.0
17208,"Veal, variety meats and by-products, lungs, cooked, braised",104.0,18.74,0.0,2.64,0.0
17209,"Lamb, variety meats and by-products, mechanically separated, raw",276.0,14.97,0.0,23.54,0.0
17210,"Lamb, variety meats and by-products, pancreas, raw",152.0,14.84,0.0,9.82,0.0
17211,"Lamb, variety meats and by-products, pancreas, cooked, braised",234.0,22.83,0.0,15.12,0.0
17212,"Veal, variety meats and by-products, pancreas, raw",182.0,15.0,0.0,13.1,0.0
17213,"Veal, variety meats and by-products, pancreas, cooked, braised",256.0,29.1,0.0,14.6,0.0
17214,"Lamb, variety meats and by-products, spleen, raw",101.0,17.2,0.0,3.1,0.0
17215,"Lamb, variety meats and by-products, spleen, cooked, braised",156.0,26.46,0.0,4.77,0.0
17216,"Veal, variety meats and by-products, spleen, raw",98.0,18.3,0.0,2.2,0.0
17217,"Veal, variety meats and by-products, spleen, cooked, braised",129.0,24.08,0.0,2.89,0.0
17218,"Veal, variety meats and by-products, thymus, raw",101.0,17.21,0.0,3.07,0.0
17219,"Veal, variety meats and by-products, thymus, cooked, braised",125.0,22.67,0.0,3.11,0.0
17220,"Lamb, variety meats and by-products, tongue, raw",222.0,15.7,0.0,17.17,0.0
17221,"Lamb, variety meats and by-products, tongue, cooked, braised",275.0,21.57,0.0,20.28,0.0
17222,"Veal, variety meats and by-products, tongue, raw",131.0,17.18,1.91,5.48,0.0
17223,"Veal, variety meats and by-products, tongue, cooked, braised",202.0,25.85,0.0,10.1,0.0
17224,"Lamb, ground, raw",282.0,16.56,0.0,23.41,0.0
17225,"Lamb, ground, cooked, broiled",283.0,24.75,0.0,19.65,0.0
17226,"Lamb, domestic, composite of trimmed retail cuts, separable lean and fat, trimmed to 1/8"" fat, choice, raw",243.0,17.54,0.0,18.66,0.0
17227,"Lamb, domestic, composite of trimmed retail cuts, separable lean and fat, trimmed to 1/8"" fat, choice, cooked",271.0,25.51,0.0,18.01,0.0
17228,"Lamb, domestic, foreshank, separable lean and fat, trimmed to 1/8"" fat, choice, raw",201.0,18.91,0.0,13.38,0.0
17229,"Lamb, domestic, foreshank, separable lean and fat, trimmed to 1/8"" fat, cooked, braised",243.0,28.37,0.0,13.46,0.0
17230,"Lamb, domestic, leg, whole (shank and sirloin), separable lean and fat, trimmed to 1/8"" fat, choice, raw",209.0,18.47,0.0,14.42,0.0
17231,"Lamb, domestic, leg, whole (shank and sirloin), separable lean and fat, trimmed to 1/8"" fat, choice, cooked, roasted",242.0,26.2,0.0,14.42,0.0
17232,"Lamb, domestic, leg, shank half, separable lean and fat, trimmed to 1/8"" fat, choice, raw",185.0,18.99,0.0,11.5,0.0
17233,"Lamb, domestic, leg, shank half, separable lean and fat, trimmed to 1/8"" fat, choice, cooked, roasted",217.0,26.73,0.0,11.4,0.0
17234,"Lamb, domestic, leg, sirloin half, separable lean and fat, trimmed to 1/8"" fat, choice, raw",261.0,17.21,0.0,20.8,0.0
17235,"Lamb, domestic, leg, sirloin half, separable lean and fat, trimmed to 1/8"" fat, choice, cooked, roasted",284.0,24.95,0.0,19.67,0.0
17236,"Lamb, domestic, loin, separable lean and fat, trimmed to 1/8"" fat, choice, raw",279.0,17.18,0.0,22.75,0.0
17237,"Lamb, domestic, loin, separable lean and fat, trimmed to 1/8"" fat, choice, cooked, broiled",297.0,26.06,0.0,20.61,0.0
17238,"Lamb, domestic, loin, separable lean and fat, trimmed to 1/8"" fat, choice, cooked, roasted",290.0,23.27,0.0,21.12,0.0
17239,"Lamb, domestic, rib, separable lean and fat, trimmed to 1/8"" fat, choice, raw",342.0,15.32,0.0,30.71,0.0
17240,"Lamb, domestic, rib, separable lean and fat, trimmed to 1/8"" fat, choice, cooked, broiled",340.0,23.06,0.0,26.82,0.0
17241,"Lamb, domestic, rib, separable lean and fat, trimmed to 1/8"" fat, choice, cooked, roasted",341.0,21.82,0.0,27.53,0.0
17242,"Lamb, domestic, shoulder, whole (arm and blade), separable lean and fat, trimmed to 1/8"" fat, choice, raw",244.0,17.07,0.0,18.96,0.0
17243,"Lamb, domestic, shoulder, whole (arm and blade), separable lean and fat, trimmed to 1/8"" fat, choice, cooked, braised",338.0,29.46,0.0,23.57,0.0
17244,"Lamb, domestic, shoulder, whole (arm and blade), separable lean and fat, trimmed to 1/8"" fat, choice, cooked, broiled",268.0,23.84,0.0,18.39,0.0
17245,"Lamb, domestic, shoulder, whole (arm and blade), separable lean and fat, trimmed to 1/8"" fat, choice, cooked, roasted",269.0,22.7,0.0,19.08,0.0
17246,"Lamb, domestic, shoulder, arm, separable lean and fat, trimmed to 1/8"" fat, choice, raw",244.0,17.19,0.0,18.94,0.0
17247,"Lamb, domestic, shoulder, arm, separable lean and fat, trimmed to 1/8"" fat, choice, cooked, braised",337.0,31.1,0.0,22.65,0.0
17248,"Lamb, domestic, shoulder, arm, separable lean and fat, trimmed to 1/8"" fat, cooked, broiled",269.0,24.91,0.0,18.05,0.0
17249,"Lamb, domestic, shoulder, arm, separable lean and fat, trimmed to 1/8"" fat, choice, roasted",267.0,22.93,0.0,18.75,0.0
17250,"Lamb, domestic, shoulder, blade, separable lean and fat, trimmed to 1/8"" fat, choice, raw",244.0,17.01,0.0,18.97,0.0
17251,"Lamb, domestic, shoulder, blade, separable lean and fat, trimmed to 1/8"" fat, choice, cooked, braised",339.0,28.92,0.0,23.88,0.0
17252,"Lamb, domestic, shoulder, blade, separable lean and fat, trimmed to 1/8"" fat, choice, cooked, broiled",267.0,23.48,0.0,18.5,0.0
17253,"Lamb, domestic, shoulder, blade, separable lean and fat, trimmed to 1/8"" fat, choice, cooked, roasted",270.0,22.62,0.0,19.19,0.0
17254,"Lamb, New Zealand, imported, frozen, composite of trimmed retail cuts, separable lean and fat, trimmed to 1/8"" fat, raw",232.0,17.95,0.0,17.2,0.0
17255,"Lamb, New Zealand, imported, frozen, composite of trimmed retail cuts, separable lean and fat, trimmed to 1/8"" fat, cooked",270.0,25.26,0.0,17.98,0.0
17256,"Lamb, New Zealand, imported, frozen, foreshank, separable lean and fat, trimmed to 1/8"" fat, raw",223.0,18.04,0.0,16.15,0.0
17257,"Lamb, New Zealand, imported, frozen, foreshank, separable lean and fat, trimmed to 1/8"" fat, cooked, braised",258.0,26.97,0.0,15.83,0.0
17258,"Lamb, New Zealand, imported, frozen, leg, whole (shank and sirloin), separable lean and fat, trimmed to 1/8"" fat, raw",201.0,18.76,0.0,13.37,0.0
17259,"Lamb, New Zealand, imported, frozen, leg, whole (shank and sirloin), separable lean and fat, trimmed to 1/8"" fat, cooked, roasted",234.0,25.34,0.0,13.95,0.0
17260,"Lamb, New Zealand, imported, frozen, loin, separable lean and fat, trimmed to 1/8"" fat, raw",273.0,17.18,0.0,22.1,0.0
17261,"Lamb, New Zealand, imported, frozen, loin, separable lean and fat, trimmed to 1/8"" fat, cooked, broiled",296.0,24.41,0.0,21.28,0.0
17262,"Lamb, new zealand, imported, frozen, rib, separable lean and fat, trimmed to 1/8"" fat, raw",311.0,15.87,0.0,27.0,0.0
17263,"Lamb, New Zealand, imported, frozen, rib, separable lean and fat, trimmed to 1/8"" fat, cooked, roasted",317.0,19.86,0.0,25.74,0.0
17264,"Lamb, New Zealand, imported, frozen, shoulder, whole (arm and blade), separable lean and fat, trimmed to 1/8"" fat, raw",251.0,17.19,0.0,19.74,0.0
17265,"Lamb, New Zealand, imported, frozen, shoulder, whole (arm and blade), separable lean and fat, trimmed to 1/8"" fat, cooked, braised",342.0,29.43,0.0,24.03,0.0
17267,"Game meat, bison, top sirloin, separable lean only, trimmed to 0"" fat, raw",113.0,21.4,0.0,2.4,
17268,"Game meat, bison, ribeye, separable lean only, trimmed to 0"" fat, raw",116.0,22.1,0.0,2.4,
17269,"Game meat, bison, shoulder clod, separable lean only, trimmed to 0"" fat, raw",109.0,21.1,0.0,2.1,
17270,"Veal, breast, separable fat, cooked",521.0,9.4,0.0,53.35,0.0
17271,"Veal, breast, whole, boneless, separable lean and fat, raw",208.0,17.47,0.0,14.75,
17272,"Veal, breast, whole, boneless, separable lean and fat, cooked, braised",266.0,26.97,0.0,16.77,
17273,"Veal, breast, plate half, boneless, separable lean and fat, cooked, braised",282.0,25.93,0.0,18.95,
17274,"Veal, breast, point half, boneless, separable lean and fat, cooked, braised",248.0,28.23,0.0,14.16,
17275,"Veal, breast, whole, boneless, separable lean only, cooked, braised",218.0,30.32,0.0,9.8,
17276,"Veal, shank (fore and hind), separable lean and fat, raw",113.0,19.15,0.0,3.48,
17277,"Veal, shank (fore and hind), separable lean and fat, cooked, braised",191.0,31.54,0.0,6.2,
17278,"Veal, shank (fore and hind), separable lean only, raw",108.0,19.28,0.0,2.83,
17279,"Veal, shank (fore and hind), separable lean only, cooked, braised",177.0,32.22,0.0,4.33,0.0
17280,"Lamb, Australian, imported, fresh, composite of trimmed retail cuts, separable lean and fat, trimmed to 1/8"" fat, raw",229.0,17.84,0.0,16.97,
17281,"Lamb, Australian, imported, fresh, composite of trimmed retail cuts, separable lean and fat, trimmed to 1/8"" fat, cooked",256.0,24.52,0.0,16.82,
17282,"Lamb, Australian, imported, fresh, composite of trimmed retail cuts, separable lean only, trimmed to 1/8"" fat, raw",142.0,20.25,0.0,6.18,
17283,"Lamb, Australian, imported, fresh, composite of trimmed retail cuts, separable lean only, trimmed to 1/8"" fat, cooked",201.0,26.71,0.0,9.63,
17284,"Lamb, Australian, imported, fresh, separable fat, raw",648.0,6.27,0.0,68.87,
17285,"Lamb, Australian, imported, fresh, separable fat, cooked",639.0,9.42,0.0,66.4,
17286,"Lamb, Australian, imported, fresh, foreshank, separable lean and fat, trimmed to 1/8"" fat, raw",195.0,18.85,0.0,12.68,
17287,"Lamb, Australian, imported, fresh, foreshank, separable lean and fat, trimmed to 1/8"" fat, cooked, braised",236.0,24.78,0.0,14.44,
17288,"Lamb, Australian, imported, fresh, foreshank, separable lean only, trimmed to 1/8"" fat, raw",123.0,20.83,0.0,3.81,
17289,"Lamb, Australian, imported, fresh, foreshank, separable lean only, trimmed to 1/8"" fat, cooked, braised",165.0,27.5,0.0,5.22,
17290,"Lamb, Australian, imported, fresh, leg, whole (shank and sirloin), separable lean and fat, trimmed to 1/8"" fat, raw",215.0,18.24,0.0,15.19,
17291,"Lamb, Australian, imported, fresh, leg, whole (shank and sirloin), separable lean and fat, trimmed to 1/8"" fat, cooked, roasted",244.0,25.16,0.0,15.13,
17292,"Lamb, Australian, imported, fresh, leg, whole (shank and sirloin), separable lean only, trimmed to 1/8"" fat, raw",135.0,20.46,0.0,5.23,
17293,"Lamb, Australian, imported, fresh, leg, whole (shank and sirloin), separable lean only, trimmed to 1/8"" fat, cooked, roasted",190.0,27.31,0.0,8.1,
17294,"Lamb, Australian, imported, fresh, leg, shank half, separable lean and fat, trimmed to 1/8"" fat, raw",201.0,18.59,0.0,13.48,
17295,"Lamb, Australian, imported, fresh, leg, shank half, separable lean and fat, trimmed to 1/8"" fat, cooked, roasted",231.0,25.25,0.0,13.69,
17296,"Lamb, Australian, imported, fresh, leg, shank half, separable lean only, trimmed to 1/8"" fat, raw",133.0,20.45,0.0,5.1,
17297,"Lamb, Australian, imported, fresh, leg, shank half, separable lean only, trimmed to 1/8"" fat, cooked, roasted",182.0,27.18,0.0,7.27,
17298,"Lamb, Australian, imported, fresh, leg, sirloin half, boneless, separable lean and fat, trimmed to 1/8"" fat, raw",254.0,17.25,0.0,20.0,
17299,"Lamb, Australian, imported, fresh, leg, sirloin half, boneless, separable lean and fat, trimmed to 1/8"" fat, cooked, roasted",281.0,24.88,0.0,19.38,
17300,"Lamb, Australian, imported, fresh, leg, sirloin half, boneless, separable lean only, trimmed to 1/8"" fat, raw",138.0,20.48,0.0,5.64,
17301,"Lamb, Australian, imported, fresh, leg, sirloin half, boneless, separable lean only, trimmed to 1/8"" fat, cooked, roasted",215.0,27.75,0.0,10.65,
17302,"Lamb, Australian, imported, fresh, leg, sirloin chops, boneless, separable lean and fat, trimmed to 1/8"" fat, raw",208.0,18.33,0.0,14.38,
17303,"Lamb, Australian, imported, fresh, leg, sirloin chops, boneless, separable lean and fat, trimmed to 1/8"" fat, cooked, broiled",235.0,25.75,0.0,13.83,
17304,"Lamb, Australian, imported, fresh, leg, sirloin chops, boneless, separable lean only, trimmed to 1/8"" fat, raw",132.0,20.43,0.0,4.91,
17305,"Lamb, Australian, imported, fresh, leg, sirloin chops, boneless, separable lean only, trimmed to 1/8"" fat, cooked, broiled",188.0,27.63,0.0,7.8,
17306,"Lamb, Australian, imported, fresh, leg, center slice, bone-in, separable lean and fat, trimmed to 1/8"" fat, raw",195.0,19.17,0.0,12.56,
17307,"Lamb, Australian, imported, fresh, leg, center slice, bone-in, separable lean and fat, trimmed to 1/8"" fat, cooked, broiled",215.0,25.54,0.0,11.78,
17308,"Lamb, Australian, imported, fresh, leg, center slice, bone-in, separable lean only, trimmed to 1/8"" fat, raw",143.0,20.65,0.0,6.08,
17309,"Lamb, Australian, imported, fresh, leg, center slice, bone-in, separable lean only, trimmed to 1/8"" fat, cooked, broiled",183.0,26.75,0.0,7.68,
17310,"Lamb, Australian, imported, fresh, loin, separable lean and fat, trimmed to 1/8"" fat, raw",203.0,19.32,0.0,13.38,
17311,"Lamb, Australian, imported, fresh, loin, separable lean and fat, trimmed to 1/8"" fat, cooked, broiled",219.0,25.49,0.0,12.25,
17312,"Lamb, Australian, imported, fresh, loin, separable lean only, trimmed to 1/8"" fat, raw",146.0,21.0,0.0,6.24,
17313,"Lamb, Australian, imported, fresh, loin, separable lean only, trimmed to 1/8"" fat, cooked, broiled",192.0,26.53,0.0,8.75,
17314,"Lamb, Australian, imported, fresh, rib chop/rack roast, frenched, bone-in, separable lean and fat, trimmed to 1/8"" fat, raw",237.0,21.26,0.0,16.89,0.0
17315,"Lamb, Australian, imported, fresh, rib chop, frenched, bone-in, separable lean and fat, trimmed to 1/8"" fat, cooked, grilled",305.0,28.48,0.0,21.2,0.0
17316,"Lamb, Australian, imported, fresh, rib chop/rack roast, frenched, bone-in, separable lean only, trimmed to 1/8"" fat, raw",147.0,24.07,0.0,5.59,0.0
17317,"Lamb, Australian, imported, fresh, rib chop, frenched, bone-in, separable lean only, trimmed to 1/8"" fat, cooked, grilled",234.0,32.16,0.0,11.68,0.0
17318,"Lamb, Australian, imported, fresh, shoulder, whole (arm and blade), separable lean and fat, trimmed to 1/8"" fat, raw",256.0,16.68,0.0,20.47,
17319,"Lamb, Australian, imported, fresh, shoulder, whole (arm and blade), separable lean and fat, trimmed to 1/8"" fat, cooked",296.0,23.58,0.0,21.65,
17320,"Lamb, Australian, imported, fresh, shoulder, whole (arm and blade), separable lean only,   trimmed to 1/8"" fat, raw",155.0,19.36,0.0,8.01,
17321,"Lamb, Australian, imported, fresh, shoulder, whole (arm and blade), separable lean only, trimmed to 1/8"" fat, cooked",233.0,26.18,0.0,13.44,
17322,"Lamb, Australian, imported, fresh, shoulder, arm, separable lean and fat, trimmed to 1/8"" fat, raw",243.0,17.06,0.0,18.89,
17323,"Lamb, Australian, imported, fresh, shoulder, arm, separable lean and fat, trimmed to 1/8"" fat, cooked, braised",311.0,29.7,0.0,20.38,
17324,"Lamb, Australian, imported, fresh, shoulder, arm, separable lean only, trimmed to 1/8"" fat, raw",137.0,19.88,0.0,5.81,
17325,"Lamb, Australian, imported, fresh, shoulder, arm, separable lean only,   trimmed to 1/8"" fat, cooked, braised",238.0,34.17,0.0,10.23,
17326,"Lamb, Australian, imported, fresh, shoulder, blade, separable lean and fat, trimmed to 1/8"" fat, raw",262.0,16.48,0.0,21.28,
17327,"Lamb, Australian, imported, fresh, shoulder, blade, separable lean and fat, trimmed to 1/8"" fat, cooked, broiled",291.0,21.71,0.0,22.03,
17328,"Lamb, Australian, imported, fresh, shoulder, blade, separable lean only, trimmed to 1/8"" fat, raw",164.0,19.1,0.0,9.09,
17329,"Lamb, Australian, imported, fresh, shoulder ,blade, separable lean only, trimmed to 1/8"" fat, cooked, broiled",231.0,23.83,0.0,14.38,
17330,"Game meat , bison, ground, raw",223.0,18.67,0.0,15.93,0.0
17331,"Game meat, bison, ground, cooked, pan-broiled",238.0,23.77,0.0,15.13,0.0
17332,"Game meat , bison, top sirloin, separable lean only, 1"" steak, cooked, broiled",171.0,28.05,0.0,5.65,0.0
17333,"Game meat, bison, chuck, shoulder clod, separable lean only, cooked, braised",193.0,33.78,0.0,5.43,0.0
17334,"Game meat, bison, chuck, shoulder clod, separable lean only, raw",119.0,21.12,0.0,3.15,0.0
17335,"Game meat, bison, ribeye, separable lean only, 1"" steak, cooked, broiled",177.0,29.45,0.0,5.67,0.0
17336,"Game meat, bison, top round, separable lean only, 1"" steak, cooked, broiled",174.0,30.18,0.0,4.96,0.0
17337,"Game meat, bison, top round, separable lean only, 1"" steak, raw",122.0,23.32,0.0,2.43,0.0
17338,"Game meat, elk, ground, raw",172.0,21.76,0.0,8.82,0.0
17339,"Game meat, elk, ground, cooked, pan-broiled",193.0,26.64,0.0,8.74,0.0
17340,"Game meat, elk, loin, separable lean only, cooked, broiled",167.0,31.0,0.0,3.84,0.0
17341,"Game meat, elk, round, separable lean only, cooked, broiled",156.0,30.94,0.0,2.64,0.0
17342,"Game meat, elk, tenderloin, separable lean only, cooked, broiled",162.0,30.76,0.0,3.41,0.0
17343,"Game meat, deer, ground, raw",157.0,21.78,0.0,7.13,0.0
17344,"Game meat, deer, ground, cooked, pan-broiled",187.0,26.45,0.0,8.22,0.0
17345,"Game meat, deer, loin, separable lean only, 1"" steak, cooked, broiled",150.0,30.2,0.0,2.38,0.0
17346,"Game meat, deer, shoulder clod, separable lean only, cooked, braised",191.0,36.28,0.0,3.95,0.0
17347,"Game meat, deer, tenderloin, separable lean only, cooked, broiled",149.0,29.9,0.0,2.35,0.0
17348,"Game meat, deer, top round, separable lean only, 1"" steak, cooked, broiled",152.0,31.47,0.0,1.92,0.0
17349,"Veal, Australian, shank, fore, bone-in, separable lean only, raw",123.0,20.18,0.0,4.65,0.0
17350,"Veal, Australian, shank, fore, bone-in, separable lean and fat, raw",145.0,19.58,0.0,7.42,0.0
17351,"Veal, Australian, shank, hind, bone-in, separable lean only, raw",122.0,20.37,0.0,4.47,0.0
17352,"Veal, Australian, shank, hind, bone-in, separable lean and fat",144.0,19.78,0.0,7.2,0.0
17353,"Lamb, Australian, ground,  85% lean / 15% fat, raw",255.0,17.14,0.0,20.71,
17354,"Lamb, New Zealand, imported, Intermuscular fat, cooked",596.0,8.53,0.0,62.44,0.0
17355,"Lamb, New Zealand, imported, Intermuscular fat, raw",640.0,4.63,1.26,68.53,0.0
17356,"Lamb, New Zealand, imported, subcutaneous fat, raw",703.0,3.87,0.55,76.16,0.0
17357,"Lamb, New Zealand, imported, brains, cooked, soaked and fried",154.0,14.03,0.0,10.92,0.0
17358,"Lamb, New Zealand, imported, brains, raw",118.0,11.33,0.0,8.03,0.0
17359,"Lamb, New Zealand, imported, breast, separable lean only, cooked, braised",270.0,28.16,0.0,17.53,0.0
17360,"Lamb, New Zealand, imported, breast, separable lean only, raw",149.0,18.31,1.02,7.98,0.0
17361,"Lamb, New Zealand, imported, chump, boneless, separable lean only, cooked, fast roasted",142.0,23.69,0.0,5.27,0.0
17362,"Lamb, New Zealand, imported, subcutaneous fat, cooked",674.0,5.24,0.62,72.28,0.0
17363,"Lamb, New Zealand, imported, chump, boneless, separable lean only, raw",121.0,21.68,0.0,3.83,0.0
17364,"Lamb, New Zealand, imported, kidney, cooked, soaked and fried",112.0,19.78,0.18,3.56,0.0
17365,"Lamb, New Zealand, imported, flap, boneless, separable lean only, cooked, braised",234.0,27.88,0.0,13.6,0.0
17366,"Lamb, New Zealand, imported, flap, boneless, separable lean only, raw",180.0,21.72,0.0,10.31,0.0
17367,"Lamb, New Zealand, imported, kidney, raw",84.0,15.21,0.03,2.54,0.0
17368,"Lamb, New Zealand, imported, liver, cooked, soaked and fried",168.0,25.8,1.48,6.56,0.0
17369,"Lamb, New Zealand, imported, liver, raw",136.0,20.7,2.22,4.92,0.0
17370,"Lamb, New Zealand, imported, ground lamb, cooked, braised",192.0,22.6,0.0,11.34,0.0
17371,"Lamb, New Zealand, imported, ground lamb, raw",193.0,20.33,0.0,12.41,0.0
17372,"Lamb, New Zealand, imported, heart, cooked, soaked and simmered",161.0,26.26,0.0,6.21,0.0
17373,"Lamb, New Zealand, imported, heart, raw",105.0,18.09,0.0,3.68,0.0
17374,"Lamb, New Zealand, imported, sweetbread, cooked, soaked and simmered",144.0,21.13,0.0,6.61,0.0
17375,"Lamb, New Zealand, imported, sweetbread, raw",72.0,11.0,0.0,3.16,0.0
17376,"Lamb, New Zealand, imported, testes, cooked, soaked and fried",125.0,21.01,0.0,4.56,0.0
17377,"Lamb, New Zealand, imported, testes, raw",68.0,11.4,0.14,2.38,0.0
17378,"Lamb, New Zealand, imported, tongue - swiss cut, cooked, soaked and simmered",272.0,17.51,0.86,22.04,0.0
17379,"Lamb, New Zealand, imported, tongue - swiss cut, raw",225.0,14.27,0.0,18.61,0.0
17380,"Lamb, New Zealand, imported, tunnel-boned leg, chump off, shank off, separable lean only, cooked, slow roasted",159.0,25.29,0.0,6.44,0.0
17381,"Lamb, New Zealand, imported, tunnel-boned leg, chump off, shank off, separable lean only, raw",121.0,20.93,0.0,4.09,0.0
17382,"Lamb, New Zealand, imported, square-cut shoulder chops, separable lean only, cooked, braised",255.0,31.06,0.0,14.56,0.0
17383,"Lamb, New Zealand, imported, square-cut shoulder chops, separable lean only, raw",164.0,20.62,0.0,9.08,0.0
17384,"Lamb, New Zealand, imported, tenderloin, separable lean only, cooked, fast fried",155.0,27.94,0.0,4.81,0.0
17385,"Lamb, New Zealand, imported, tenderloin, separable lean only, raw",116.0,20.53,0.0,3.81,0.0
17386,"Lamb, New Zealand, imported, loin saddle, separable lean only, cooked, fast roasted",162.0,25.53,0.0,6.7,0.0
17387,"Lamb, New Zealand, imported, loin saddle, separable lean only, raw",131.0,20.86,0.0,5.32,0.0
17388,"Lamb, New Zealand, imported, loin, boneless, separable lean only, cooked, fast roasted",156.0,28.99,0.0,4.49,0.0
17389,"Lamb, New Zealand, imported, loin, boneless, separable lean only, raw",120.0,21.5,0.0,3.77,0.0
17390,"Lamb, New Zealand, imported, hind-shank, separable lean only, cooked, braised",196.0,32.5,0.0,7.37,0.0
17391,"Lamb, New Zealand, imported, hind-shank, separable lean only, raw",115.0,20.4,0.73,3.35,0.0
17392,"Lamb, New Zealand, imported, neck chops, separable lean only, raw",151.0,19.84,0.0,7.97,0.0
17393,"Lamb, New Zealand, imported, neck chops, separable lean only, cooked, braised",264.0,31.4,0.0,15.36,0.0
17394,"Lamb, New Zealand, imported, netted shoulder, rolled, boneless, separable lean only, cooked, slow roasted",199.0,25.14,0.0,10.91,0.0
17395,"Lamb, New Zealand, imported, netted shoulder, rolled, boneless, separable lean only, raw",143.0,20.2,0.0,6.88,0.0
17396,"Lamb, New Zealand, imported, rack - fully frenched, separable lean only, cooked, fast roasted",173.0,24.39,0.0,8.38,0.0
17397,"Lamb, New Zealand, imported, rack - fully frenched, separable lean only, raw",147.0,20.61,0.0,7.12,0.0
17398,"Lamb, New Zealand, imported, loin chop, separable lean only, cooked, fast fried",208.0,27.43,0.41,10.7,0.0
17399,"Lamb, New Zealand, imported, square-cut shoulder, separable lean only, cooked, slow roasted",192.0,25.08,0.0,10.13,0.0
17400,"Lamb, New Zealand, imported, leg chop/steak, bone-in, separable lean only, cooked, fast fried",162.0,26.31,0.0,6.35,0.0
17401,"Lamb, New Zealand, imported, flap, boneless, separable lean and fat, cooked, braised",376.0,20.48,0.14,32.63,0.0
17402,"Lamb, New Zealand, imported, flap, boneless, separable lean and fat, raw",337.0,16.17,0.27,30.14,0.0
17403,"Lamb, New Zealand, imported, hind-shank, separable lean and fat, cooked, braised",247.0,29.59,0.04,14.22,0.0
17404,"Lamb, New Zealand, imported, hind-shank, separable lean and fat, raw",186.0,18.39,0.73,12.12,0.0
17405,"Lamb, New Zealand, imported, leg chop/steak, bone-in, separable lean and fat, cooked, fast fried",212.0,24.26,0.04,12.76,0.0
17406,"Lamb, New Zealand, imported, loin chop, separable lean and fat, cooked, fast fried",332.0,21.5,0.41,27.11,0.0
17407,"Lamb, New Zealand, imported, loin saddle, separable lean and fat, cooked, fast roasted",274.0,21.13,0.1,20.98,0.0
17408,"Lamb, New Zealand, imported, loin saddle, separable lean and fat, raw",273.0,16.56,0.2,22.9,0.0
17409,"Lamb, New Zealand, imported, loin, boneless, separable lean and fat, cooked, fast roasted",157.0,28.96,0.0,4.57,0.0
17410,"Lamb, New Zealand, imported, loin, boneless, separable lean and fat, raw",122.0,21.44,0.0,3.99,0.0
17411,"Lamb, New Zealand, imported, neck chops, separable lean and fat, cooked, braised",307.0,28.53,0.03,21.43,0.0
17412,"Lamb, New Zealand, imported, neck chops, separable lean and fat, raw",231.0,17.43,0.14,17.9,0.0
17413,"Lamb, New Zealand, imported, netted shoulder, rolled, boneless, separable lean and fat, cooked, slow roasted",287.0,21.45,0.05,22.33,0.0
17414,"Lamb, New Zealand, imported, netted shoulder, rolled, boneless, separable lean and fat, raw",252.0,16.9,0.2,20.36,0.0
17415,"Lamb, New Zealand, imported, square-cut shoulder chops, separable lean and fat, cooked, braised",322.0,26.79,0.05,23.86,0.0
17416,"Lamb, New Zealand, imported, square-cut shoulder chops, separable lean and fat, raw",275.0,17.02,0.23,22.84,0.0
17417,"Lamb, New Zealand, imported, square-cut shoulder, separable lean and fat, cooked, slow roasted",294.0,20.88,0.03,23.39,0.0
17418,"Lamb, New Zealand, imported, tenderloin, separable lean and fat, cooked, fast fried",157.0,27.87,0.0,5.0,0.0
17419,"Lamb, New Zealand, imported, rack - fully frenched, separable lean and fat, cooked, fast roasted",195.0,23.56,0.01,11.2,0.0
17420,"Lamb, New Zealand, imported, rack - fully frenched, separable lean and fat, raw",169.0,19.88,0.05,9.96,0.0
17421,"Lamb, New Zealand, imported, tunnel-boned leg, chump off, shank off, separable lean and fat, cooked, slow roasted",208.0,23.41,0.03,12.68,0.0
17422,"Lamb, New Zealand, imported, tunnel-boned leg, chump off, shank off, separable lean and fat, raw",121.0,20.93,0.0,4.09,
17423,"Lamb, New Zealand, imported, tenderloin, separable lean and fat, raw",120.0,20.43,0.01,4.22,0.0
17424,"Veal, ground, cooked, pan-fried",215.0,25.83,1.51,11.78,0.0
17425,"Veal, leg, top round, cap off, cutlet, boneless, cooked, grilled",151.0,31.89,0.0,2.63,0.0
17426,"Veal, leg, top round, cap off, cutlet, boneless, raw",107.0,22.07,0.0,2.07,0.0
17427,"Veal, loin, chop, separable lean only, cooked, grilled",159.0,29.75,0.07,4.44,0.0
17428,"Veal, shank, separable lean only, raw",94.0,19.77,0.0,1.64,0.0
17429,"Veal, foreshank, osso buco, separable lean only, cooked, braised",157.0,29.12,0.0,4.51,0.0
17430,"Veal, shoulder, blade chop, separable lean only, cooked, grilled",159.0,27.33,0.0,5.53,0.0
17431,"Veal, external fat only, raw",503.0,8.85,0.89,51.6,0.0
17432,"Veal, external fat only, cooked",540.0,15.28,0.0,53.23,0.0
17433,"Veal, seam fat only, raw",444.0,12.53,0.0,43.75,0.0
17434,"Veal, seam fat only, cooked",505.0,11.16,2.11,50.17,0.0
17435,"Veal, shank, separable lean and fat, raw",107.0,19.28,0.0,3.3,0.0
17436,"Veal, foreshank, osso buco, separable lean and fat, cooked, braised",182.0,27.94,0.11,7.77,0.0
17437,"Veal, loin, chop, separable lean and fat, cooked, grilled",198.0,28.04,0.16,9.48,0.0
17438,"Veal, shoulder, blade chop, separable lean and fat, cooked, grilled",199.0,25.72,0.15,10.57,0.0
17439,"Lamb, Australian, imported, fresh, leg, bottom, boneless, separable lean only, trimmed to 1/8"" fat, cooked, roasted",190.0,28.6,0.0,8.35,0.0
17440,"Lamb, Australian, imported, fresh, leg, hindshank, heel on, bone-in, separable lean only, trimmed to 1/8"" fat, cooked, braised",174.0,30.73,0.0,5.63,0.0
17441,"Lamb, Australian, imported, fresh, leg, hindshank, heel on, bone-in, separable lean only, trimmed to 1/8"" fat, raw",122.0,22.49,0.0,3.53,0.0
17442,"Lamb, Australian, imported, fresh, tenderloin, boneless, separable lean only, trimmed to 1/8"" fat, cooked, roasted",184.0,30.97,0.0,6.71,0.0
17443,"Lamb, Australian, imported, fresh, tenderloin, boneless, separable lean only, trimmed to 1/8"" fat, raw",136.0,23.42,0.0,4.73,0.0
17444,"Lamb, Australian, imported, fresh, leg, bottom, boneless, separable lean only, trimmed to 1/8"" fat, raw",136.0,22.28,0.0,5.24,0.0
17445,"Lamb, Australian, imported, fresh, leg, trotter off, bone-in, separable lean only, trimmed to 1/8"" fat, cooked, roasted",215.0,32.08,0.0,9.59,0.0
17446,"Lamb, Australian, imported, fresh, leg, trotter off, bone-in, separable lean only, trimmed to 1/8"" fat, raw",131.0,23.11,0.0,4.33,0.0
17447,"Lamb, Australian, imported, fresh, rack, roast, frenched, denuded, bone-in, separable lean only, trimmed to 0"" fat, cooked, roasted",175.0,26.52,0.0,7.63,0.0
17448,"Lamb, Australian, imported, fresh, rack, roast, frenched, bone-in, separable lean only, trimmed to 1/8"" fat, cooked, roasted",244.0,28.01,0.0,14.64,0.0
17449,"Lamb, Australian, imported, fresh, external fat, cooked",538.0,16.9,0.0,52.3,0.0
17450,"Lamb, Australian, imported, fresh, external fat, raw",487.0,12.59,0.0,48.5,0.0
17451,"Lamb, Australian, imported, fresh, seam fat, cooked",554.0,13.81,1.55,54.72,0.0
17452,"Lamb, Australian, imported, fresh, seam fat, raw",459.0,15.65,0.0,44.01,0.0
17453,"Lamb, Australian, imported, fresh, leg, bottom, boneless, separable lean and fat, trimmed to 1/8"" fat, cooked, roasted",219.0,27.54,0.0,12.04,0.0
17454,"Lamb, Australian, imported, fresh, leg, bottom, boneless, separable lean and fat, trimmed to 1/8"" fat, raw",187.0,20.97,0.0,11.43,0.0
17455,"Lamb, Australian, imported, fresh, leg, hindshank, heel on, bone-in, separable lean and fat, trimmed to 1/8"" fat, cooked, braised",204.0,29.52,0.0,9.5,0.0
17456,"Lamb, Australian, imported, fresh, leg, hindshank, heel on, bone-in, separable lean and fat, trimmed to 1/8"" fat, raw",196.0,20.58,0.0,12.68,0.0
17457,"Lamb, Australian, imported, fresh, leg, trotter off, bone-in, separable lean and fat, trimmed to 1/8"" fat, cooked, roasted",226.0,30.15,0.08,11.64,0.0
17458,"Lamb, Australian, imported, fresh, leg, trotter off, bone-in, separable lean and fat, trimmed to 1/8"" fat, raw",175.0,21.95,0.0,9.73,0.0
17459,"Lamb, Australian, imported, fresh, tenderloin, boneless, separable lean and fat, trimmed to 1/8"" fat, cooked, roasted",187.0,30.87,0.0,7.02,0.0
17460,"Lamb, Australian, imported, fresh, tenderloin, boneless, separable lean and fat, trimmed to 1/8"" fat, raw",143.0,23.23,0.0,5.52,0.0
17461,"Lamb, Australian, imported, fresh, rib chop, frenched, denuded, bone-in, separable lean only, trimmed to 0"" fat, cooked, grilled",236.0,33.17,0.0,11.5,0.0
17462,"Lamb, Australian, imported, fresh, rack, roast, frenched, denuded, bone-in, separable lean and fat, trimmed to 0"" fat, cooked, roasted",193.0,25.95,0.0,9.91,0.0
17463,"Lamb, Australian, imported, fresh, rack, roast, frenched, bone-in, separable lean and fat, trimmed to 1/8"" fat, cooked, roasted",291.0,25.96,0.0,20.77,0.0
17464,"Lamb, Australian, imported, fresh, rib chop, frenched, denuded, bone-in, separable lean and fat, trimmed to 0"" fat, cooked, grilled",276.0,30.9,0.0,16.96,0.0
18001,"Bagels, plain, enriched, with calcium propionate (includes onion, poppy, sesame)",264.0,10.56,52.38,1.32,1.6
18002,"Bagels, plain, enriched, with calcium propionate (includes onion, poppy, sesame), toasted",287.0,11.14,57.39,1.43,1.8
18003,"Bagels, egg",278.0,10.6,53.0,2.1,2.3
18005,"Bagels, cinnamon-raisin",274.0,9.8,55.2,1.7,2.3
18006,"Bagels, cinnamon-raisin, toasted",294.0,10.6,59.3,1.8,2.5
18007,"Bagels, oat bran",255.0,10.7,53.3,1.2,3.6
18009,"Biscuits, plain or buttermilk, frozen, baked",338.0,6.2,53.87,11.03,1.3
18010,"Biscuits, plain or buttermilk, dry mix",428.0,8.0,63.4,15.4,2.1
18011,"Biscuits, plain or buttermilk, dry mix, prepared",335.0,7.3,48.4,12.1,1.8
18012,"Biscuits, plain or buttermilk, refrigerated dough, lower fat",270.0,6.7,43.7,7.83,2.0
18013,"Biscuits, plain or buttermilk, refrigerated dough, lower fat, baked",319.0,7.8,51.6,9.1,2.3
18014,"Biscuits, plain or buttermilk, refrigerated dough, higher fat",307.0,6.66,46.32,10.58,0.7
18015,"Biscuits, plain or buttermilk, refrigerated dough, higher fat, baked",324.0,6.79,49.05,11.22,2.8
18016,"Biscuits, plain or buttermilk, prepared from recipe",353.0,7.0,44.6,16.3,1.5
18017,"Biscuits, mixed grain, refrigerated dough",263.0,6.1,47.4,5.6,
18019,"Bread, banana, prepared from recipe, made with margarine",326.0,4.3,54.6,10.5,1.1
18021,"Bread, boston brown, canned",195.0,5.2,43.3,1.5,4.7
18022,"Bread, cornbread, dry mix, enriched (includes corn muffin mix)",418.0,7.0,69.5,12.2,6.5
18023,"Bread, cornbread, dry mix, prepared with 2% milk, 80% margarine, and eggs",330.0,6.59,54.46,9.58,2.3
18024,"Bread, cornbread, prepared from recipe, made with low fat (2%) milk",266.0,6.7,43.5,7.1,
18025,"Bread, cracked-wheat",260.0,8.7,49.5,3.9,5.5
18027,"Bread, egg",287.0,9.5,47.8,6.0,2.3
18028,"Bread, egg, toasted",315.0,10.5,52.6,6.6,2.5
18029,"Bread, french or vienna (includes sourdough)",272.0,10.75,51.88,2.42,2.2
18030,"Bread, french or vienna, toasted (includes sourdough)",319.0,13.0,61.93,2.14,3.1
18032,"Bread, irish soda, prepared from recipe",290.0,6.6,56.0,5.0,2.6
18033,"Bread, italian",271.0,8.8,50.1,3.5,3.2
18036,"Bread, multi-grain, toasted (includes whole-grain)",288.0,14.52,47.11,4.6,8.1
18037,"Bread, oat bran",236.0,10.4,39.8,4.4,4.5
18038,"Bread, oat bran, toasted",259.0,11.4,43.7,4.8,4.9
18039,"Bread, oatmeal",269.0,8.4,48.5,4.4,4.0
18040,"Bread, oatmeal, toasted",292.0,9.2,52.7,4.8,4.3
18041,"Bread, pita, white, enriched",275.0,9.1,55.7,1.2,2.2
18042,"Bread, pita, whole-wheat",262.0,9.8,55.89,1.71,6.1
18043,"Bread, protein (includes gluten)",245.0,12.1,43.8,2.2,3.0
18044,"Bread, pumpernickel",250.0,8.7,47.5,3.1,6.5
18045,"Bread, pumpernickel, toasted",275.0,9.5,52.2,3.4,7.1
18047,"Bread, raisin, enriched",274.0,7.9,52.3,4.4,4.3
18048,"Bread, raisin, enriched, toasted",297.0,8.6,56.9,4.8,4.7
18049,"Bread, reduced-calorie, oat bran",201.0,8.0,41.3,3.2,12.0
18050,"Bread, reduced-calorie, oat bran, toasted",239.0,9.5,49.2,3.8,14.3
18051,"Bread, reduced-calorie, oatmeal",210.0,7.6,43.3,3.5,
18053,"Bread, reduced-calorie, rye",203.0,9.1,40.5,2.9,12.0
18055,"Bread, reduced-calorie, wheat",217.0,13.32,42.47,2.92,11.1
18057,"Bread, reduced-calorie, white",207.0,8.7,44.3,2.5,9.7
18059,"Bread, rice bran",243.0,8.9,43.5,4.6,4.9
18060,"Bread, rye",259.0,8.5,48.3,3.3,5.8
18061,"Bread, rye, toasted",284.0,9.4,53.1,3.6,6.4
18064,"Bread, wheat",267.0,10.72,48.68,3.24,4.0
18065,"Bread, wheat, toasted",313.0,12.96,55.77,4.27,4.7
18066,"Bread, wheat bran",248.0,8.8,47.8,3.4,4.0
18069,"Bread, white, commercially prepared (includes soft bread crumbs)",266.0,8.85,49.42,3.33,2.7
18070,"Bread, white, commercially prepared, toasted",290.0,9.0,54.5,4.0,2.9
18071,"Bread, white, prepared from recipe, made with nonfat dry milk",274.0,7.7,53.6,2.6,2.0
18073,"Bread, white, prepared from recipe, made with low fat (2%) milk",285.0,7.9,49.6,5.7,2.0
18075,"Bread, whole-wheat, commercially prepared",252.0,12.45,42.71,3.5,6.0
18076,"Bread, whole-wheat, commercially prepared, toasted",306.0,16.27,51.16,4.07,7.5
18077,"Bread, whole-wheat, prepared from recipe",278.0,8.4,51.4,5.4,6.0
18078,"Bread, whole-wheat, prepared from recipe, toasted",305.0,9.2,56.4,5.9,6.7
18079,"Bread crumbs, dry, grated, plain",395.0,13.35,71.98,5.3,4.5
18080,"Bread sticks, plain",412.0,12.0,68.4,9.5,3.0
18081,"Bread stuffing, bread, dry mix",386.0,11.0,76.2,3.4,3.2
18082,"Bread stuffing, bread, dry mix, prepared",195.0,2.73,18.84,12.05,0.8
18084,"Bread stuffing, cornbread, dry mix",389.0,10.0,76.7,4.2,14.3
18085,"Bread stuffing, cornbread, dry mix, prepared",179.0,2.9,21.9,8.8,2.9
18086,"Cake, angelfood, commercially prepared",258.0,5.9,57.8,0.8,1.5
18087,"Cake, angelfood, dry mix",366.0,6.4,86.13,0.27,0.5
18088,"Cake, angelfood, dry mix, prepared",257.0,6.1,58.7,0.3,0.2
18090,"Cake, boston cream pie, commercially prepared",252.0,2.4,42.9,8.5,1.4
18092,"Cake, pudding-type, carrot, dry mix",415.0,5.1,79.2,9.8,
18095,"Cake, cherry fudge with chocolate frosting",264.0,2.4,38.0,12.5,0.5
18096,"Cake, chocolate, commercially prepared with chocolate frosting, in-store bakery",389.0,3.48,52.84,20.05,2.2
18097,"Cake, pudding-type, chocolate, dry mix",391.0,4.6,80.16,8.14,2.3
18101,"Cake, chocolate, prepared from recipe without frosting",371.0,5.3,53.4,15.1,1.6
18102,"Cake, white, prepared from recipe with coconut frosting",356.0,4.4,63.2,10.3,1.0
18103,"Coffeecake, cheese",339.0,7.0,44.3,15.2,1.0
18104,"Coffeecake, cinnamon with crumb topping, commercially prepared, enriched",418.0,6.8,46.7,23.3,2.0
18105,"Coffeecake, creme-filled with chocolate frosting",331.0,5.0,53.8,10.8,2.0
18106,"Coffeecake, fruit",311.0,5.2,51.5,10.2,2.5
18107,"Coffeecake, cinnamon with crumb topping, dry mix",436.0,4.8,77.7,12.0,1.8
18108,"Coffeecake, cinnamon with crumb topping, dry mix, prepared",318.0,5.5,52.8,9.6,1.2
18110,"Cake, fruitcake, commercially prepared",324.0,2.9,61.6,9.1,3.7
18112,"Cake, pudding-type, german chocolate, dry mix",350.0,4.17,81.25,3.24,2.1
18114,"Cake, gingerbread, dry mix",437.0,4.4,74.6,13.8,1.7
18116,"Cake, gingerbread, prepared from recipe",356.0,3.9,49.2,16.4,
18117,"Cake, pudding-type, marble, dry mix",416.0,3.4,79.5,11.7,2.9
18119,"Cake, pineapple upside-down, prepared from recipe",319.0,3.5,50.5,12.1,0.8
18120,"Cake, pound, commercially prepared, butter (includes fresh and frozen)",353.0,5.0,53.64,13.96,0.6
18121,"Cake, pound, commercially prepared, other than all butter, enriched",389.0,5.2,52.5,17.9,1.0
18126,"Cake, shortcake, biscuit-type, prepared from recipe",346.0,6.1,48.5,14.2,
18127,"Cake, snack cakes, creme-filled, chocolate with frosting",399.0,3.63,60.31,15.93,3.2
18128,"Cake, snack cakes, creme-filled, sponge",374.0,3.47,64.03,11.54,1.0
18131,"Cake, white, dry mix, special dietary (includes lemon-flavored)",397.0,3.0,79.6,8.4,
18133,"Cake, sponge, commercially prepared",290.0,5.4,61.0,2.7,0.5
18134,"Cake, sponge, prepared from recipe",297.0,7.3,57.7,4.3,
18135,"Cake, pudding-type, white, enriched, dry mix",423.0,3.9,80.9,9.5,0.7
18139,"Cake, white, prepared from recipe without frosting",357.0,5.4,57.2,12.4,0.8
18140,"Cake, yellow, commercially prepared, with chocolate frosting, in-store bakery",379.0,3.16,55.36,17.75,1.5
18141,"Cake, yellow, commercially prepared, with vanilla frosting",391.0,2.99,56.2,17.91,0.3
18142,"Cake, pudding-type, yellow, dry mix",423.0,4.0,80.0,9.8,0.7
18144,"Cake, yellow, enriched, dry mix",374.0,3.7,81.92,3.5,1.2
18146,"Cake, yellow, prepared from recipe without frosting",361.0,5.3,53.0,14.6,0.7
18147,Cheesecake commercially prepared,321.0,5.5,25.5,22.5,0.4
18148,"Cheesecake prepared from mix, no-bake type",274.0,5.5,35.5,12.7,1.9
18151,"Cookies, brownies, commercially prepared",405.0,4.8,63.9,16.3,2.1
18152,"Cookies, brownies, dry mix, regular",434.0,4.0,76.6,14.9,
18154,"Cookies, brownies, prepared from recipe",466.0,6.2,50.2,29.1,
18155,"Cookies, butter, commercially prepared, enriched",467.0,6.1,68.9,18.8,0.8
18156,"Cookies, fudge, cake-type (includes trolley cakes)",349.0,5.0,78.3,3.7,2.8
18157,"Cookies, chocolate wafers",433.0,6.6,72.7,14.2,3.4
18158,"Cookies, chocolate chip, commercially prepared, regular, lower fat",451.0,5.97,67.49,17.91,3.0
18159,"Cookies, chocolate chip, commercially prepared, regular, higher fat, enriched",492.0,5.1,65.36,24.72,2.0
18160,"Cookies, chocolate chip, commercially prepared, soft-type",444.0,3.63,65.75,19.77,1.8
18161,"Cookies, chocolate chip, dry mix",497.0,4.6,66.1,25.2,
18163,"Cookies, chocolate chip, refrigerated dough",451.0,3.98,61.02,21.33,1.5
18164,"Cookies, chocolate chip, refrigerated dough, baked",492.0,4.9,68.2,22.6,1.7
18165,"Cookies, chocolate chip, prepared from recipe, made with margarine",488.0,5.7,58.4,28.3,2.8
18166,"Cookies, chocolate sandwich, with creme filling, regular",464.0,5.21,71.0,19.14,2.9
18167,"Cookies, chocolate sandwich, with creme filling, regular, chocolate-coated",481.0,3.6,66.4,26.4,5.2
18168,"Cookies, chocolate sandwich, with extra creme filling",497.0,4.33,68.2,24.52,2.7
18170,"Cookies, fig bars",348.0,3.7,70.9,7.3,4.6
18171,"Cookies, fortune",378.0,4.2,84.0,2.7,1.6
18172,"Cookies, gingersnaps",416.0,5.6,76.9,9.8,2.2
18173,"Cookies, graham crackers, plain or honey (includes cinnamon)",430.0,6.69,77.66,10.6,3.4
18174,"Cookies, graham crackers, chocolate-coated",500.0,4.0,66.78,25.8,2.2
18175,"Cookies, ladyfingers, with lemon juice and rind",365.0,10.6,59.7,9.1,1.0
18176,"Cookies, marshmallow, chocolate-coated (includes marshmallow pies)",421.0,4.0,67.7,16.9,2.0
18177,"Cookies, molasses",430.0,5.6,73.8,12.8,1.0
18178,"Cookies, oatmeal, commercially prepared, regular",450.0,6.2,68.7,18.1,2.8
18179,"Cookies, oatmeal, commercially prepared, soft-type",409.0,6.1,65.7,14.7,2.7
18180,"Cookies, oatmeal, dry mix",462.0,6.5,67.3,19.2,
18182,"Cookies, oatmeal, refrigerated dough",424.0,5.4,59.1,18.9,2.5
18183,"Cookies, oatmeal, refrigerated dough, baked",471.0,6.0,65.7,21.0,2.8
18184,"Cookies, oatmeal, prepared from recipe, with raisins",435.0,6.5,68.4,16.2,
18185,"Cookies, peanut butter, commercially prepared, regular",473.0,8.92,58.15,23.82,2.1
18186,"Cookies, peanut butter, commercially prepared, soft-type",457.0,5.3,57.7,24.4,1.7
18187,"Cookies, peanut butter, refrigerated dough",458.0,8.2,52.1,25.0,1.1
18188,"Cookies, peanut butter, refrigerated dough, baked",503.0,9.1,57.3,27.5,1.2
18189,"Cookies, peanut butter, prepared from recipe",475.0,9.0,58.9,23.8,
18190,"Cookies, peanut butter sandwich, regular",478.0,8.8,65.6,21.1,1.9
18191,"Cookies, raisin, soft-type",401.0,4.1,68.0,13.6,1.2
18192,"Cookies, shortbread, commercially prepared, plain",514.0,5.37,63.78,26.22,1.3
18193,"Cookies, shortbread, commercially prepared, pecan",542.0,4.9,58.3,32.5,1.8
18196,"Cookies, brownies, dry mix, sugar free",426.0,2.9,80.4,12.5,4.2
18198,"Cookies, chocolate chip, commercially prepared, special dietary",450.0,3.9,73.4,16.8,1.6
18199,"Cookies, chocolate sandwich, with creme filling, special dietary",461.0,4.5,68.0,22.1,4.1
18200,"Cookies, oatmeal, commercially prepared, special dietary",449.0,4.8,69.9,18.0,2.9
18201,"Cookies, peanut butter sandwich, special dietary",535.0,10.0,50.8,34.0,
18202,"Cookies, sugar wafer, with creme filling, sugar free",531.0,3.57,66.26,28.57,14.3
18204,"Cookies, sugar, commercially prepared, regular (includes vanilla)",464.0,5.35,67.34,19.55,1.3
18205,"Cookies, sugar, refrigerated dough",436.0,4.0,61.22,19.48,0.9
18206,"Cookies, sugar, refrigerated dough, baked",489.0,4.7,65.6,23.1,0.9
18208,"Cookies, sugar, prepared from recipe, made with margarine",472.0,5.9,60.0,23.4,1.2
18209,"Cookies, sugar wafers with creme filling, regular",502.0,3.84,70.64,23.24,1.6
18210,"Cookies, vanilla sandwich with creme filling",483.0,4.5,72.1,20.0,1.5
18211,"Puff pastry, frozen, ready-to-bake, baked",558.0,7.4,45.7,38.5,1.5
18212,"Cookies, vanilla wafers, lower fat",441.0,5.0,73.6,15.2,1.9
18213,"Cookies, vanilla wafers, higher fat",455.0,4.9,72.6,16.41,1.6
18214,"Crackers, cheese, regular",489.0,10.93,59.42,22.74,2.3
18215,"Crackers, cheese, sandwich-type with peanut butter filling",496.0,12.41,56.74,25.12,3.4
18216,"Crackers, crispbread, rye",366.0,7.9,82.2,1.3,16.5
18217,"Crackers, matzo, plain",395.0,10.0,83.7,1.4,3.0
18218,"Crackers, matzo, egg",391.0,12.3,78.6,2.1,2.8
18219,"Crackers, matzo, whole-wheat",351.0,13.1,78.9,1.5,11.8
18220,"Crackers, melba toast, plain",390.0,12.1,76.6,3.2,6.3
18221,"Crackers, melba toast, rye (includes pumpernickel)",389.0,11.6,77.3,3.4,8.0
18222,"Crackers, melba toast, wheat",374.0,12.9,76.4,2.3,7.4
18223,"Crackers, milk",446.0,7.6,71.73,13.77,3.4
18224,"Crackers, rusk toast",407.0,13.5,72.3,7.2,
18225,"Crackers, rye, sandwich-type with cheese filling",481.0,9.2,60.8,22.3,3.6
18226,"Crackers, rye, wafers, plain",334.0,9.6,80.4,0.9,22.9
18227,"Crackers, rye, wafers, seasoned",381.0,9.0,73.8,9.2,20.9
18228,"Crackers, saltines (includes oyster, soda, soup)",418.0,9.46,74.05,8.64,2.8
18229,"Crackers, standard snack-type, regular",510.0,6.64,61.3,26.43,2.3
18230,"Crackers, standard snack-type, sandwich, with cheese filling",477.0,9.3,61.7,21.1,1.9
18231,"Crackers, standard snack-type, sandwich, with peanut butter filling",494.0,11.47,58.38,24.54,2.3
18232,"Crackers, wheat, regular",455.0,7.3,70.73,16.4,6.9
18233,"Crackers, wheat, sandwich, with cheese filling",497.0,9.8,58.2,25.0,3.1
18234,"Crackers, wheat, sandwich, with peanut butter filling",495.0,13.5,53.8,26.7,4.4
18235,"Crackers, whole-wheat",427.0,10.58,69.55,14.13,10.3
18236,Cracker meal,383.0,9.3,80.9,1.7,2.6
18237,"Cream puff shell, prepared from recipe",360.0,9.0,22.8,25.9,0.8
18239,"Croissants, butter",406.0,8.2,45.8,21.0,2.6
18240,"Croissants, apple",254.0,7.4,37.1,8.7,2.5
18241,"Croissants, cheese",414.0,9.2,47.0,20.9,2.6
18242,"Croutons, plain",407.0,11.9,73.5,6.6,5.1
18243,"Croutons, seasoned",465.0,10.8,63.5,18.3,5.0
18244,"Danish pastry, cinnamon, enriched",403.0,7.0,44.6,22.4,1.3
18245,"Danish pastry, cheese",374.0,8.0,37.2,21.9,1.0
18246,"Danish pastry, fruit, enriched (includes apple, cinnamon, raisin, lemon, raspberry, strawberry)",371.0,5.4,47.8,18.5,1.9
18247,"Danish pastry, nut (includes almond, raisin nut, cinnamon nut)",430.0,7.1,45.7,25.2,2.0
18248,"Doughnuts, cake-type, plain (includes unsugared, old-fashioned)",434.0,5.31,47.06,24.93,1.7
18249,"Doughnuts, cake-type, plain, chocolate-coated or frosted",452.0,4.93,51.33,25.25,1.9
18250,"Doughnuts, cake-type, plain, sugared or glazed",426.0,5.2,50.8,22.9,1.5
18251,"Doughnuts, cake-type, chocolate, sugared or glazed",417.0,4.5,57.4,19.9,2.2
18253,"Doughnuts, french crullers, glazed",412.0,3.1,59.5,18.3,1.2
18254,"Doughnuts, yeast-leavened, with creme filling",361.0,6.4,30.0,24.5,0.8
18255,"Doughnuts, yeast-leavened, glazed, enriched (includes honey buns)",421.0,6.14,47.93,22.7,2.1
18256,"Doughnuts, yeast-leavened, with jelly filling",340.0,5.9,39.0,18.7,0.9
18258,"English muffins, plain, enriched, with ca prop (includes sourdough)",227.0,8.87,44.17,1.69,3.5
18259,"English muffins, plain, toasted, enriched, with calcium propionate (includes sourdough)",270.0,10.32,52.65,2.02,2.8
18260,"English muffins, mixed-grain (includes granola)",235.0,9.1,46.3,1.8,2.8
18261,"English muffins, mixed-grain, toasted (includes granola)",255.0,9.9,50.3,1.9,3.0
18262,"English muffins, raisin-cinnamon (includes apple-cinnamon)",240.0,7.91,48.1,1.8,2.6
18263,"English muffins, raisin-cinnamon, toasted (includes apple-cinnamon)",276.0,8.87,55.04,2.21,3.0
18264,"English muffins, wheat",223.0,8.7,44.8,2.0,4.6
18265,"English muffins, wheat, toasted",243.0,9.4,48.7,2.1,5.0
18266,"English muffins, whole-wheat",203.0,8.8,40.4,2.1,6.7
18267,"English muffins, whole-wheat, toasted",221.0,9.6,44.1,2.3,7.3
18268,"French toast, frozen, ready-to-heat",213.0,7.4,32.1,6.1,1.1
18269,"French toast, prepared from recipe, made with low fat (2%) milk",229.0,7.7,25.0,10.8,
18270,"Hush puppies, prepared from recipe",337.0,7.7,46.0,13.5,2.8
18271,"Ice cream cones, cake or wafer-type",417.0,8.1,79.0,6.9,3.0
18272,"Ice cream cones, sugar, rolled-type",402.0,7.9,84.1,3.8,1.7
18273,"Muffins, plain, prepared from recipe, made with low fat (2%) milk",296.0,6.9,41.4,11.4,2.7
18274,"Muffins, blueberry, commercially prepared (Includes mini-muffins)",375.0,4.49,53.0,16.07,1.1
18275,"Muffins, blueberry, dry mix",293.0,3.48,61.0,3.25,1.4
18277,"Muffins, blueberry, toaster-type",313.0,4.6,53.3,9.5,1.8
18278,"Muffins, blueberry, prepared from recipe, made with low fat (2%) milk",285.0,6.5,40.7,10.8,
18279,"Muffins, corn, commercially prepared",305.0,5.9,51.0,8.4,3.4
18280,"Muffins, corn, dry mix, prepared",321.0,7.4,49.1,10.2,2.4
18281,"Muffins, corn, toaster-type",346.0,5.3,57.9,11.3,1.6
18282,"Muffins, corn, prepared from recipe, made with low fat (2%) milk",316.0,7.1,44.2,12.3,
18283,"Muffins, oat bran",270.0,7.0,48.3,7.4,4.6
18284,"Muffins, wheat bran, dry mix",396.0,7.1,73.0,12.0,
18288,"Pancakes plain, frozen, ready-to-heat (includes buttermilk)",233.0,5.23,37.75,6.83,1.0
18289,"Pancakes, plain, dry mix, complete (includes buttermilk)",368.0,9.77,73.65,3.1,2.9
18290,"Pancakes, plain, dry mix, complete, prepared",194.0,5.2,36.7,2.5,1.3
18291,"Pancakes, plain, dry mix, incomplete (includes buttermilk)",355.0,10.0,73.6,1.7,5.4
18292,"Pancakes, plain, dry mix, incomplete, prepared",218.0,7.8,28.9,7.7,1.9
18293,"Pancakes, plain, prepared from recipe",227.0,6.4,28.3,9.7,
18294,"Pancakes, blueberry, prepared from recipe",222.0,6.1,29.0,9.2,
18295,"Pancakes, buckwheat, dry mix, incomplete",340.0,10.9,71.3,2.7,8.5
18297,"Pancakes, special dietary, dry mix",349.0,8.9,73.9,1.4,
18299,"Pancakes, whole-wheat, dry mix, incomplete",344.0,12.8,71.0,1.5,
18300,"Pancakes, whole-wheat, dry mix, incomplete, prepared",208.0,8.5,29.4,6.5,2.8
18301,"Pie, apple, commercially prepared, enriched flour",237.0,1.9,34.0,11.0,1.6
18302,"Pie, apple, prepared from recipe",265.0,2.4,37.1,12.5,
18303,"Pie, banana cream, prepared from mix, no-bake type",251.0,3.4,31.6,12.9,0.6
18304,"Pie, banana cream, prepared from recipe",269.0,4.4,32.9,13.6,0.7
18305,"Pie, blueberry, commercially prepared",232.0,1.8,34.9,10.0,1.0
18306,"Pie, blueberry, prepared from recipe",245.0,2.7,33.5,11.9,
18308,"Pie, cherry, commercially prepared",260.0,2.0,39.8,11.0,0.8
18309,"Pie, cherry, prepared from recipe",270.0,2.8,38.5,12.2,
18310,"Pie, chocolate creme, commercially prepared",353.0,4.15,38.44,22.41,0.8
18312,"Pie, chocolate mousse, prepared from mix, no-bake type",260.0,3.5,29.6,15.4,
18313,"Pie, coconut creme, commercially prepared",298.0,2.1,37.3,16.6,1.3
18314,"Pie, coconut cream, prepared from mix, no-bake type",276.0,2.8,28.5,17.6,0.5
18316,"Pie, coconut custard, commercially prepared",260.0,5.9,30.2,13.2,1.8
18317,"Pie, egg custard, commercially prepared",210.0,5.5,20.8,11.6,1.6
18319,"Pie, fried pies, fruit",316.0,3.0,42.6,16.1,2.6
18320,"Pie, lemon meringue, commercially prepared",268.0,1.5,47.2,8.7,1.2
18321,"Pie, lemon meringue, prepared from recipe",285.0,3.8,39.1,12.9,
18322,"Pie, mince, prepared from recipe",289.0,2.6,48.0,10.8,2.6
18323,"Pie, peach",224.0,1.9,32.9,10.0,0.8
18324,"Pie, pecan, commercially prepared",407.0,4.5,59.61,16.69,2.1
18325,"Pie, pecan, prepared from recipe",412.0,4.9,52.2,22.2,
18326,"Pie, pumpkin, commercially prepared",243.0,3.9,34.83,9.75,1.8
18327,"Pie, pumpkin, prepared from recipe",204.0,4.5,26.4,9.3,
18328,"Pie, vanilla cream, prepared from recipe",278.0,4.8,32.6,14.4,0.6
18332,"Pie crust, standard-type, dry mix",518.0,6.9,52.1,31.4,
18333,"Pie crust, standard-type, dry mix, prepared, baked",501.0,6.7,50.4,30.4,1.8
18334,"Pie crust, standard-type, frozen, ready-to-bake, enriched",457.0,6.16,48.62,26.07,2.5
18335,"Pie crust, standard-type, frozen, ready-to-bake, enriched, baked",508.0,6.5,56.24,28.59,3.3
18336,"Pie crust, standard-type, prepared from recipe, baked",527.0,6.4,47.5,34.6,1.7
18337,"Puff pastry, frozen, ready-to-bake",551.0,7.3,45.1,38.1,1.5
18338,Phyllo dough,299.0,7.1,52.6,6.0,1.9
18339,"Popovers, dry mix, enriched",371.0,10.4,71.0,4.3,
18342,"Rolls, dinner, plain, commercially prepared (includes brown-and-serve)",310.0,10.86,52.04,6.47,2.0
18344,"Rolls, dinner, egg",307.0,9.5,52.0,6.4,3.7
18345,"Rolls, dinner, oat bran",236.0,9.5,40.2,4.6,4.1
18346,"Rolls, dinner, rye",286.0,10.3,53.1,3.4,4.9
18347,"Rolls, dinner, wheat",273.0,8.6,46.0,6.3,3.8
18348,"Rolls, dinner, whole-wheat",266.0,8.7,51.1,4.7,7.5
18349,"Rolls, french",277.0,8.6,50.2,4.3,3.2
18350,"Rolls, hamburger or hotdog, plain",279.0,9.77,50.12,3.91,1.8
18351,"Rolls, hamburger or hotdog, mixed-grain",263.0,9.6,44.6,6.0,3.8
18352,"Rolls, hamburger or hotdog, reduced-calorie",196.0,8.3,42.1,2.0,6.2
18353,"Rolls, hard (includes kaiser)",293.0,9.9,52.7,4.3,2.3
18354,"Strudel, apple",274.0,3.3,41.1,11.2,2.2
18355,"Sweet rolls, cheese",360.0,7.1,43.7,18.3,1.2
18356,"Sweet rolls, cinnamon, commercially prepared with raisins",372.0,6.2,50.9,16.4,2.4
18357,"Sweet rolls, cinnamon, refrigerated dough with frosting",333.0,5.0,51.6,12.2,
18358,"Sweet rolls, cinnamon, refrigerated dough with frosting, baked",362.0,5.4,56.1,13.2,
18360,"Taco shells, baked",476.0,6.41,63.49,21.79,6.7
18361,"Toaster pastries, brown-sugar-cinnamon",370.0,4.06,72.64,7.98,2.3
18362,"Toaster pastries, fruit (includes apple, blueberry, cherry, strawberry)",388.0,4.2,70.32,9.95,1.0
18363,"Tortillas, ready-to-bake or -fry, corn",218.0,5.7,44.64,2.85,6.3
18364,"Tortillas, ready-to-bake or -fry, flour, refrigerated",306.0,8.2,49.38,7.99,3.5
18365,"Waffles, plain, frozen, ready-to-heat",285.0,6.47,42.98,9.7,2.2
18367,"Waffles, plain, prepared from recipe",291.0,7.9,32.9,14.1,
18368,Wonton wrappers (includes egg roll wrappers),291.0,9.8,57.9,1.5,1.8
18369,"Leavening agents, baking powder, double-acting, sodium aluminum sulfate",53.0,0.0,27.7,0.0,0.2
18370,"Leavening agents, baking powder, double-acting, straight phosphate",51.0,0.1,24.1,0.0,0.2
18371,"Leavening agents, baking powder, low-sodium",97.0,0.1,46.9,0.4,2.2
18372,"Leavening agents, baking soda",0.0,0.0,0.0,0.0,0.0
18373,"Leavening agents, cream of tartar",258.0,0.0,61.5,0.0,0.2
18374,"Leavening agents, yeast, baker's, compressed",105.0,8.4,18.1,1.9,8.1
18375,"Leavening agents, yeast, baker's, active dry",325.0,40.44,41.22,7.61,26.9
18376,"Bread crumbs, dry, grated, seasoned",383.0,14.13,68.49,5.48,4.9
18377,"Cookies, oatmeal, prepared from recipe, without raisins",447.0,6.8,66.4,17.9,
18378,"Cookies, chocolate chip, prepared from recipe, made with butter",488.0,5.7,58.2,28.4,
18383,"Bread, protein, (includes gluten), toasted",270.0,13.2,48.1,2.4,3.3
18384,"Bread, rice bran, toasted",264.0,9.7,47.3,5.0,5.3
18385,"Bread, wheat germ, toasted",293.0,10.7,54.3,3.3,2.3
18386,"Muffins, blueberry, toaster-type, toasted",333.0,4.9,56.7,10.1,1.9
18388,"Muffins, wheat bran, toaster-type with raisins, toasted",313.0,5.5,55.5,9.4,8.2
18390,"Pancakes, buttermilk, prepared from recipe",227.0,6.8,28.7,9.3,
18396,"Rolls, dinner, plain, prepared from recipe, made with low fat (2%) milk",316.0,8.5,53.4,7.3,1.9
18399,"Pie crust, cookie-type, prepared from recipe, graham cracker, chilled",484.0,4.1,63.9,24.4,1.5
18400,"Crackers, matzo, egg and onion",391.0,10.0,77.1,3.9,5.0
18401,"Pie crust, cookie-type, prepared from recipe, vanilla wafer, chilled",531.0,3.7,50.2,36.2,0.1
18402,"Pie crust, standard-type, prepared from recipe, unbaked",469.0,5.7,42.3,30.8,3.4
18403,"Waffles, plain, frozen, ready -to-heat, toasted",312.0,7.19,49.29,9.61,2.4
18406,"Bagels, plain, enriched, without calcium propionate (includes onion, poppy, sesame)",275.0,10.5,53.4,1.6,2.3
18407,"Bagels, plain, unenriched, with calcium propionate (includes onion, poppy, sesame)",275.0,10.5,53.4,1.6,2.3
18408,"Bagels, plain, unenriched, without calcium propionate(includes onion, poppy, sesame)",275.0,10.5,53.4,1.6,2.3
18412,"Bread, cornbread, dry mix, unenriched (includes corn muffin mix)",418.0,7.0,69.5,12.2,6.5
18413,"Bread, pita, white, unenriched",275.0,9.1,55.7,1.2,2.2
18414,"Bread, raisin, unenriched",274.0,7.9,52.3,4.4,4.3
18416,"Bread, white, commercially prepared, low sodium, no salt",267.0,8.2,49.6,3.6,2.3
18417,"Coffeecake, cinnamon with crumb topping, commercially prepared, unenriched",418.0,6.8,46.7,23.3,2.0
18418,"Cake, pound, commercially prepared, other than all butter, unenriched",389.0,5.2,52.5,17.9,1.0
18419,"Cake, pudding-type, white, unenriched, dry mix",423.0,3.9,81.0,9.5,0.7
18420,"Cake, yellow, unenriched, dry mix",432.0,4.4,78.1,11.6,1.1
18421,"Cookies, butter, commercially prepared, unenriched",467.0,6.1,68.9,18.8,0.8
18422,"Cookies, chocolate chip, commercially prepared, regular, higher fat, unenriched",481.0,5.4,66.8,22.6,2.5
18423,"Cookies, ladyfingers, without lemon juice and rind",363.0,10.6,59.7,9.1,1.0
18424,"Crackers, melba toast, plain, without salt",390.0,12.1,76.6,3.2,6.3
18425,"Crackers, saltines, low salt (includes oyster, soda, soup)",421.0,9.5,74.34,8.85,2.9
18426,"Crackers, saltines, unsalted tops (includes oyster, soda, soup)",434.0,9.2,71.5,11.8,3.0
18427,"Crackers, standard snack-type, regular, low salt",502.0,7.4,61.0,25.3,1.6
18428,"Crackers, wheat, low salt",473.0,8.6,64.9,20.6,4.5
18429,"Crackers, whole-wheat, low salt",443.0,8.8,68.6,17.2,10.5
18430,"Danish pastry, cinnamon, unenriched",403.0,7.0,44.6,22.4,1.2
18431,"Danish pastry, fruit, unenriched (includes apple, cinnamon, raisin, strawberry)",371.0,5.4,47.8,18.5,1.9
18432,"Bread, white, commercially prepared, toasted, low sodium no salt",293.0,9.0,54.4,4.0,
18433,"Danish pastry, lemon, unenriched",371.0,5.4,47.8,18.5,1.9
18434,"Crackers, cheese, low sodium",503.0,10.1,58.2,25.3,2.4
18435,"Danish pastry, raspberry, unenriched",371.0,5.4,47.8,18.5,1.9
18436,"Doughnuts, yeast-leavened, glazed, unenriched (includes honey buns)",403.0,6.4,44.3,22.8,1.2
18437,"English muffins, plain, enriched, without calcium propionate(includes sourdough)",235.0,7.7,46.0,1.8,2.7
18438,"English muffins, plain, unenriched, with calcium propionate (includes sourdough)",235.0,7.7,46.0,1.8,2.7
18439,"English muffins, plain, unenriched, without calcium propionate (includes sourdough)",235.0,7.7,46.0,1.8,2.7
18443,"Pie, apple, commercially prepared, unenriched flour",237.0,1.9,34.0,11.0,1.6
18444,"Pie, fried pies, cherry",316.0,3.0,42.6,16.1,2.6
18445,"Pie, fried pies, lemon",316.0,3.0,42.6,16.1,2.6
18446,"Pie crust, standard-type, frozen, ready-to-bake, unenriched",457.0,3.9,44.1,29.2,0.9
18447,"Popovers, dry mix, unenriched",371.0,10.4,71.0,4.3,
18448,"Taco shells, baked, without added salt",468.0,7.2,62.4,22.6,7.5
18449,"Tortillas, ready-to-bake or -fry, corn, without added salt",222.0,5.7,46.6,2.5,5.2
18450,"Tortillas, ready-to-bake or -fry, flour, without added calcium",325.0,8.7,55.6,7.1,3.3
18451,"Cake, pound, commercially prepared, fat-free",283.0,5.4,61.0,1.2,1.1
18453,"Cake, yellow, light, dry mix",404.0,4.7,84.1,5.5,1.3
18457,"Crackers, saltines, fat-free, low-sodium",393.0,10.5,82.3,1.6,2.7
18459,"Breakfast tart, low fat",372.0,3.99,76.8,5.99,1.5
18476,"Toaster Pastries, KELLOGG, KELLOGG'S POP TARTS, Blueberry",412.0,4.6,68.41,13.3,1.1
18477,"Toaster Pastries, KELLOGG, KELLOGG'S POP TARTS, Frosted blueberry",391.0,4.6,71.77,10.0,1.1
18478,"Toaster Pastries, KELLOGG, KELLOGG'S POP TARTS, Brown sugar cinnamon",438.0,5.4,64.4,18.4,1.5
18479,"Toaster Pastries, KELLOGG, KELLOGG'S POP TARTS, Frosted brown sugar cinnamon",417.0,4.6,69.0,13.8,1.4
18481,"Toaster Pastries, KELLOGG, KELLOGG'S POP TARTS, Frosted cherry",397.0,4.2,72.0,10.2,1.0
18482,"Toaster Pastries, KELLOGG, KELLOGG'S POP TARTS, Frosted chocolate fudge",384.0,4.9,70.4,9.3,2.1
18486,"Toaster Pastries, KELLOGG, KELLOGG'S POP TARTS, Frosted raspberry",399.0,4.2,71.62,10.6,1.0
18487,"Toaster Pastries, KELLOGG, KELLOGG'S POP TARTS, S'mores",392.0,6.2,69.6,10.5,1.4
18488,"Toaster Pastries, KELLOGG, KELLOGG'S POP TARTS, Strawberry",398.0,4.7,71.1,10.5,1.1
18489,"Toaster Pastries, KELLOGG, KELLOGG'S POP TARTS, Frosted strawberry",390.0,4.1,71.7,9.8,1.3
18490,"Toaster Pastries, KELLOGG, KELLOGG'S POP TARTS, Frosted wild berry",390.0,4.0,72.4,9.5,1.3
18494,"Toaster Pastries, KELLOGG, KELLOGG'S LOW FAT POP TARTS, Frosted brown sugar cinnamon",366.0,4.7,73.7,5.9,5.5
18497,"Toaster Pastries, KELLOGG, KELLOGG'S LOW FAT POP TARTS, Frosted strawberry",363.0,4.2,74.4,5.4,5.6
18499,"KELLOGG, KELLOGG'S EGGO, Buttermilk Pancake",245.0,5.3,38.6,8.0,1.0
18501,"KELLOGG, KELLOG'S NUTRI-GRAIN CEREAL BARS, Mixed Berry",370.0,4.3,72.8,7.6,1.9
18505,"KELLOGG'S, EGGO, Waffles, Homestyle, Low Fat",229.0,6.3,44.9,3.5,1.3
18506,"KELLOGG'S, EGGO, NUTRI-GRAIN, Waffles, Low Fat",201.0,6.5,39.0,3.5,4.0
18507,KELLOGG'S EGGO Lowfat Blueberry Nutri-Grain Waffles,208.0,5.95,42.71,2.83,3.5
18513,"ARCHWAY Home Style Cookies, Sugar Free Oatmeal",442.0,5.54,67.2,20.92,1.9
18522,"ARCHWAY Home Style Cookies, Chocolate Chip Ice Box",497.0,4.28,65.02,24.4,2.0
18524,"ARCHWAY Home Style Cookies, Coconut Macaroon",460.0,3.02,61.23,22.55,5.1
18527,"ARCHWAY Home Style Cookies, Date Filled Oatmeal",400.0,4.67,68.16,12.05,2.1
18528,"ARCHWAY Home Style Cookies, Dutch Cocoa",431.0,4.5,69.44,14.99,2.6
18529,"ARCHWAY Home Style Cookies, Frosty Lemon",430.0,4.41,64.78,17.11,0.7
18532,"ARCHWAY Home Style Cookies, Iced Molasses",420.0,3.5,69.12,14.43,1.0
18533,"ARCHWAY Home Style Cookies, Iced Oatmeal",435.0,4.89,66.76,16.53,2.0
18535,"ARCHWAY Home Style Cookies, Molasses",403.0,4.25,69.41,12.06,1.2
18537,"ARCHWAY Home Style Cookies, Oatmeal",421.0,5.48,68.17,14.08,2.9
18538,"ARCHWAY Home Style Cookies, Oatmeal Raisin",406.0,5.17,69.27,12.08,2.7
18539,"ARCHWAY Home Style Cookies, Old Fashioned Molasses",406.0,4.27,70.55,11.83,1.1
18540,"ARCHWAY Home Style Cookies, Old Fashioned Windmill Cookies",468.0,5.17,72.23,17.55,1.8
18541,"ARCHWAY Home Style Cookies, Peanut Butter",480.0,9.0,58.48,24.28,2.8
18544,"ARCHWAY Home Style Cookies, Raspberry Filled",400.0,4.35,65.92,13.26,2.2
18547,"ARCHWAY Home Style Cookies, Strawberry Filled",400.0,4.35,65.92,13.26,2.2
18562,"ARCHWAY Home Style Cookies, Reduced Fat Ginger Snaps",424.0,4.67,76.23,11.14,1.1
18566,"Artificial Blueberry Muffin Mix, dry",407.0,4.7,77.45,8.7,
18567,"KRAFT, STOVE TOP Stuffing Mix Chicken Flavor",381.0,12.6,73.1,4.1,2.5
18603,"GEORGE WESTON BAKERIES, Brownberry Sage and Onion Stuffing Mix, dry",390.0,13.3,72.7,5.1,5.4
18608,"KEEBLER, KEEBLER Chocolate Graham SELECTS",465.0,7.1,71.8,16.6,
18609,"KEEBLER, Vanilla Wafers",462.0,4.0,73.1,17.4,1.4
18610,"CONTINENTAL MILLS, KRUSTEAZ Almond Poppyseed Muffin Mix, Artificially Flavored, dry",418.0,5.6,75.6,10.3,1.7
18612,"MCKEE BAKING, LITTLE DEBBIE NUTTY BARS, Wafers with Peanut Butter, Chocolate Covered",548.0,8.0,55.2,32.8,
18614,"MARTHA WHITE FOODS, Martha White's Chewy Fudge Brownie Mix, dry",407.0,4.42,83.58,6.16,2.9
18615,"MARTHA WHITE FOODS, Martha White's Buttermilk Biscuit Mix, dry",388.0,7.81,59.41,13.23,1.5
18616,"MISSION FOODS, MISSION Flour Tortillas, Soft Taco, 8 inch",287.0,8.7,49.6,6.0,
18617,"NABISCO, NABISCO GRAHAMS Crackers",424.0,6.99,76.2,10.0,3.4
18619,"NABISCO, NABISCO OREO CRUNCHIES, Cookie Crumb Topping",476.0,4.78,70.23,21.5,3.2
18621,"NABISCO, NABISCO RITZ Crackers",492.0,7.23,63.51,23.21,2.3
18629,"PILLSBURY, Buttermilk Biscuits, Artificial Flavor, refrigerated dough",236.0,6.4,47.07,2.79,1.6
18630,"PILLSBURY, Chocolate Chip Cookies, refrigerated dough",450.0,3.82,60.75,21.26,1.7
18631,"PILLSBURY, Crusty French Loaf, refrigerated dough",243.0,8.59,46.35,2.88,2.6
18632,"PILLSBURY, Traditional Fudge Brownie Mix, dry",441.0,4.8,78.3,12.1,
18633,"PILLSBURY GRANDS, Buttermilk Biscuits, refrigerated dough",293.0,6.16,42.41,11.34,1.5
18634,"PILLSBURY Golden Layer Buttermilk Biscuits, Artificial Flavor, refrigerated dough",307.0,5.88,41.18,13.24,1.2
18635,"PILLSBURY, Cinnamon Rolls with Icing, refrigerated dough",330.0,4.34,53.42,11.27,1.4
18637,"KRAFT FOODS, SHAKE 'N' BAKE ORIGINAL RECIPE, Coating for Pork, dry",377.0,6.1,79.8,3.7,
18639,"GEORGE WESTON BAKERIES, Thomas English Muffins",232.0,8.0,46.0,1.8,
18640,"HEINZ, WEIGHT WATCHER, Chocolate Eclair, frozen",241.0,4.4,40.3,6.9,2.1
18641,"INTERSTATE BRANDS CORP, WONDER Hamburger Rolls",273.0,8.07,50.84,4.15,2.6
18642,"GENERAL MILLS, BETTY CROCKER SUPERMOIST Yellow Cake Mix, dry",413.0,3.8,81.3,8.1,
18651,"NABISCO, NABISCO SNACKWELL'S Fat Free Devil's Food Cookie Cakes",305.0,5.0,74.25,1.09,1.6
18927,"Crackers, cheese, sandwich-type with cheese filling",490.0,8.92,58.76,24.41,1.9
18930,"USDA Commodity, Bakery, Flour Mix",400.0,8.47,62.53,12.9,7.1
18931,"USDA Commodity, Bakery, Flour Mix Low-fat",361.0,9.07,70.59,4.7,3.5
18932,"Waffles, buttermilk, frozen, ready-to-heat",273.0,6.58,41.05,9.22,2.2
18933,"Waffle, buttermilk, frozen, ready-to-heat, toasted",309.0,7.42,48.39,9.49,2.6
18934,"Waffle, buttermilk, frozen, ready-to-heat, microwaved",289.0,6.92,44.16,9.4,2.4
18935,"Waffle, plain, frozen, ready-to-heat, microwave",298.0,6.71,45.41,9.91,2.4
18936,"Pancakes, plain, frozen, ready-to-heat, microwave (includes buttermilk)",239.0,5.88,43.33,4.73,2.5
18938,"Toaster Pastries, fruit, frosted (include apples, blueberry, cherry, strawberry)",385.0,4.01,71.83,9.02,1.8
18939,"Toaster pastries, fruit, toasted (include apple, blueberry, cherry, strawberry)",409.0,4.7,72.7,11.03,1.0
18940,"Muffin, blueberry, commercially prepared, low-fat",255.0,4.23,50.05,4.22,4.2
18942,"Pie Crust, Cookie-type, Graham Cracker, Ready Crust",501.0,5.1,64.3,24.83,1.9
18943,"Pie Crust, Cookie-type, Chocolate, Ready Crust",484.0,6.08,64.48,22.42,2.7
18944,"Pie, Dutch Apple, Commercially Prepared",290.0,2.17,44.54,11.5,1.6
18945,"Pie crust, deep dish, frozen, unbaked, made with enriched flour",468.0,5.52,46.79,28.74,1.4
18946,"Pie crust, refrigerated, regular, baked",506.0,3.41,58.52,28.69,1.4
18947,"Pie crust, deep dish, frozen, baked, made with enriched flour",521.0,6.1,52.47,31.84,2.3
18948,"Pie crust, refrigerated, regular, unbaked",445.0,2.97,51.11,25.46,1.8
18949,"Crackers, whole-wheat, reduced fat",416.0,11.34,75.52,7.59,10.9
18950,"Crackers, wheat, reduced fat",444.0,9.34,71.52,13.37,3.4
18951,"Waffles, chocolate chip, frozen, ready-to-heat",297.0,5.8,45.68,10.1,1.5
18952,"Tostada shells, corn",474.0,6.15,64.43,23.38,5.8
18953,"Bread, salvadoran sweet cheese (quesadilla salvadorena)",374.0,7.12,47.84,17.12,0.7
18954,"Bread, pound cake type, pan de torta salvadoran",390.0,7.06,51.29,17.45,1.7
18955,"Bread, pan dulce, sweet yeast bread",367.0,9.42,56.38,11.58,2.3
18956,"Keikitos (muffins), Latino bakery item",467.0,6.81,53.16,25.24,1.2
18957,"Cake, pound, BIMBO Bakeries USA, Panque Casero, home baked style",418.0,6.62,48.94,21.7,1.0
18958,"Pan Dulce, LA RICURA, Salpora de Arroz con Azucar, cookie-like, contains wheat flour and rice flour",445.0,8.81,66.28,16.11,1.2
18959,"Pastry, Pastelitos de Guava (guava pastries)",379.0,5.48,47.76,18.5,2.2
18960,"Crackers, snack, GOYA CRACKERS",433.0,14.25,64.35,13.35,3.8
18961,"Crackers, cream, GAMESA SABROSAS",484.0,7.01,64.55,20.37,2.4
18962,"Crackers, cream, LA MODERNA RIKIS CREAM CRACKERS",464.0,7.19,64.88,19.5,2.4
18963,"Garlic bread, frozen",350.0,8.36,41.72,16.61,2.5
18964,"Cinnamon buns, frosted (includes honey buns)",452.0,4.45,48.6,26.61,1.2
18965,"Crackers, cheese, reduced fat",418.0,10.0,68.19,11.67,3.3
18966,"Crackers, saltines, whole wheat (includes multi-grain)",398.0,7.14,68.25,10.71,6.7
18967,"Bread, white wheat",238.0,10.66,43.91,2.15,9.2
18968,"Bagels, wheat",250.0,10.2,48.89,1.53,4.1
18969,"Cream puff, eclair, custard or cream filled, iced",334.0,4.41,37.43,18.52,0.9
18970,"Tortillas, ready-to-bake or -fry, flour, shelf stable",297.0,8.01,49.27,7.58,2.4
18971,"Bread, potato",266.0,12.5,47.07,3.13,6.3
18972,"Bread, cheese",408.0,10.42,44.83,20.83,2.1
18973,"Focaccia, Italian flatbread, plain",249.0,8.77,35.82,7.89,1.8
18974,"KASHI, TLC, Honey Sesame Crackers",398.0,8.7,72.2,10.4,5.8
18975,"KASHI, TLC, Original 7-Grain Crackers",385.0,13.9,63.2,11.9,9.0
18976,"KASHI, TLC, Country Cheddar Crackers",445.0,9.8,68.0,15.5,2.5
18977,"KASHI, TLC, Toasted Asiago Crackers",420.0,12.7,66.4,13.8,9.6
18978,"KASHI, Blueberry Waffle",192.0,5.7,34.6,7.1,9.0
18979,"KASHI, H2H Woven Wheat Cracker, Original",396.0,10.6,73.4,11.6,12.2
18980,"KASHI, Original Waffle",197.0,6.0,35.4,7.4,9.3
18981,"KASHI, TLC, Fire Roasted Vegetable Crackers",389.0,12.0,64.6,12.2,8.7
18982,"KASHI, H2H Woven Wheat Cracker, Roasted Garlic",440.0,10.5,73.2,11.7,12.2
18983,"AUSTIN, Cheddar Cheese on Wheat Crackers, sandwich-type",495.0,7.9,61.4,24.5,1.8
18984,"AUSTIN, Cheddar Cheese on Cheese Crackers, sandwich-type",494.0,7.5,60.0,24.9,1.3
18985,"AUSTIN, Chocolatey Peanut Butter Crackers, sandwich-type",479.0,7.7,66.2,20.8,2.0
18986,"AUSTIN, Grilled Cheese on Wafer Crackers, sandwich-type",493.0,7.9,62.0,23.8,1.3
18987,"AUSTIN, Cheddar Cheese on Cheese Crackers, sandwich-type, reduced fat",461.0,7.8,68.0,17.5,1.4
18988,"AUSTIN, Peanut Butter on Cheese Crackers, sandwich-type, reduced fat",461.0,9.7,66.3,17.9,2.7
18989,"AUSTIN, Peanut Butter on Toasty Crackers, sandwich-type, reduced fat",463.0,9.5,67.2,18.0,2.7
18990,"AUSTIN, PB & J Crackers, sandwich-type",484.0,7.6,65.7,21.7,2.0
18991,"BARBARA DEE, Winter Mints Cookies",515.0,3.9,67.1,26.0,2.0
18992,"KELLOGG'S, BEANATURAL, Original 3-Bean Chips",487.0,22.9,46.5,25.3,14.2
18993,"BEAR NAKED, Double Chocolate Cookies",423.0,6.6,66.9,16.9,7.0
18994,"BEAR NAKED, Fruit & Nut Cookies",443.0,7.5,61.6,21.4,7.1
18995,"KELLOGG'S, EGGO, Biscuit Scramblers, Bacon, Egg & Cheese",258.0,8.8,38.3,7.9,2.1
18996,"KELLOGG'S, EGGO, Biscuit Scramblers, Egg & Cheese",254.0,8.8,38.3,7.6,2.3
18997,"KELLOGG'S, EGGO, French Toaster Sticks, Cinnamon",250.0,4.8,42.6,6.9,1.0
18998,"KELLOGG'S, EGGO, French Toaster Sticks, Original",239.0,5.3,39.4,7.0,0.9
18999,"KELLOGG'S, EGGO, Mini Muffin Tops, Blueberry",293.0,5.0,45.8,10.2,1.0
19000,"SCHIFF,TIGER'S MILK BAR",422.0,16.8,56.46,14.29,2.3
19001,"Candies, TOBLERONE, milk chocolate with honey and almond nougat",525.0,5.71,61.21,28.57,2.5
19002,"Snacks, beef jerky, chopped and formed",410.0,33.2,11.0,25.6,1.8
19003,"Snacks, corn-based, extruded, chips, plain",538.0,6.17,56.9,33.36,4.0
19004,"Snacks, corn-based, extruded, chips, barbecue-flavor",523.0,7.0,56.2,32.7,5.2
19005,"Snacks, corn-based, extruded, cones, plain",510.0,5.8,62.9,26.9,1.1
19007,"Snacks, corn-based, extruded, onion-flavor",499.0,7.7,65.1,22.6,3.9
19008,"Snacks, corn-based, extruded, puffs or twists, cheese-flavor",560.0,5.85,53.53,36.01,1.4
19009,"Snacks, KRAFT, CORNNUTS, plain",446.0,8.5,71.86,15.64,6.9
19010,"Snacks, crisped rice bar, chocolate chip",404.0,5.1,73.0,13.5,2.2
19013,"Snacks, fruit leather, pieces",359.0,1.0,82.82,2.68,0.0
19014,"Snacks, fruit leather, rolls",371.0,0.1,85.8,3.0,0.0
19015,"Snacks, granola bars, hard, plain",471.0,10.1,64.4,19.8,5.3
19016,"Snacks, granola bars, hard, almond",495.0,7.7,62.0,25.5,4.8
19017,"Snacks, granola bars, hard, chocolate chip",438.0,7.3,72.1,16.3,4.4
19018,Fruit syrup,341.0,0.0,85.13,0.0,0.1
19020,"Snacks, granola bars, soft, uncoated, plain",443.0,7.4,67.3,17.2,4.6
19021,"Snacks, granola bars, soft, uncoated, peanut butter",426.0,10.5,64.4,15.8,4.3
19022,"Snacks, granola bars, soft, uncoated, raisin",448.0,7.6,66.4,17.8,4.2
19024,"Snacks, granola bars, soft, coated, milk chocolate coating, chocolate chip",466.0,5.8,63.8,24.9,3.4
19025,"Candies, honey-combed, with peanut butter",486.0,8.72,67.41,20.18,1.9
19026,"Snacks, granola bars, soft, coated, milk chocolate coating, peanut butter",508.0,10.2,53.4,31.1,2.8
19027,"Snacks, granola bars, soft, uncoated, peanut butter and chocolate chip",432.0,9.8,62.2,20.0,4.2
19029,"Topping, SMUCKER'S MAGIC SHELL",609.0,2.94,50.07,44.1,2.9
19030,"Syrup, fruit flavored",261.0,0.0,65.1,0.02,0.0
19031,"Snacks, oriental mix, rice-based",506.0,17.31,51.62,25.58,13.2
19033,"Snacks, GENERAL MILLS, CHEX MIX, traditional flavor",428.0,8.83,75.69,10.0,5.8
19034,"Snacks, popcorn, air-popped",387.0,12.94,77.78,4.54,14.5
19035,"Snacks, popcorn, oil-popped, microwave, regular flavor, no trans fat",583.0,7.29,45.06,43.55,8.1
19036,"Snacks, popcorn, cakes",384.0,9.7,80.1,3.1,2.9
19038,"Snacks, popcorn, caramel-coated, with peanuts",400.0,6.4,80.7,7.8,3.8
19039,"Snacks, popcorn, caramel-coated, without peanuts",431.0,3.8,79.1,12.8,5.2
19040,"Snacks, popcorn, cheese-flavor",526.0,9.3,51.6,33.2,9.9
19041,"Snacks, pork skins, plain",544.0,61.3,0.0,31.3,0.0
19042,"Snacks, potato chips, barbecue-flavor",487.0,6.51,55.92,31.06,3.8
19043,"Snacks, potato chips, sour-cream-and-onion-flavor",531.0,8.1,51.5,33.9,5.2
19045,"Snacks, potato chips, made from dried potatoes, reduced fat",502.0,4.56,64.76,26.14,3.2
19046,"Snacks, potato chips, made from dried potatoes, sour-cream and onion-flavor",547.0,6.6,51.3,37.0,1.2
19047,"Snacks, pretzels, hard, plain, salted",384.0,10.04,80.39,2.93,3.4
19048,"Snacks, pretzels, hard, confectioner's coating, chocolate-flavor",457.0,7.5,70.9,16.7,2.4
19049,"Snacks, M&M MARS, COMBOS Snacks Cheddar Cheese Pretzel",463.0,9.85,66.5,16.92,3.6
19050,"Snacks, pretzels, hard, whole-wheat including both salted and unsalted",362.0,11.1,81.3,2.6,7.7
19051,"Snacks, rice cracker brown rice, plain",387.0,8.2,81.5,2.8,4.2
19052,"Snacks, rice cakes, brown rice, buckwheat",380.0,9.0,80.1,3.5,3.8
19053,"Snacks, rice cakes, brown rice, sesame seed",392.0,7.6,81.5,3.8,5.4
19056,"Snacks, tortilla chips, plain, white corn, salted",472.0,7.1,67.78,20.68,5.4
19057,"Snacks, tortilla chips, nacho cheese",519.0,7.36,60.81,27.42,5.1
19058,"Snacks, tortilla chips, ranch-flavor",501.0,7.19,62.74,24.63,4.0
19059,"Snacks, trail mix, regular",462.0,13.8,44.9,29.4,
19061,"Snacks, trail mix, tropical",442.0,6.3,65.6,17.1,
19062,"Snacks, trail mix, regular, with chocolate chips, salted nuts and seeds",484.0,14.2,44.9,31.9,5.0
19063,"Snacks, tortilla chips, taco-flavor",480.0,7.9,63.1,24.2,5.3
19064,"Candies, TOOTSIE ROLL, chocolate-flavor roll",387.0,1.59,87.73,3.31,0.1
19065,"Candies, ALMOND JOY Candy Bar",479.0,4.13,59.51,26.93,5.0
19067,"Candies, TWIZZLERS CHERRY BITES",338.0,2.97,79.38,1.7,0.1
19068,"Candies, NESTLE, BIT-O'-HONEY Candy Chews",375.0,2.0,80.89,7.5,0.2
19069,"Candies, NESTLE, BUTTERFINGER Bar",459.0,5.4,72.9,18.9,2.0
19070,"Candies, butterscotch",391.0,0.03,90.4,3.3,0.0
19071,"Candies, carob, unsweetened",540.0,8.15,56.29,31.36,3.8
19074,"Candies, caramels",382.0,4.6,77.0,8.1,0.0
19075,"Candies, CARAMELLO Candy Bar",462.0,6.19,63.81,21.19,1.2
19076,"Candies, caramels, chocolate-flavor roll",387.0,1.59,87.73,3.31,0.1
19077,"Baking chocolate, unsweetened, liquid",472.0,12.1,36.2,47.7,18.1
19078,"Baking chocolate, unsweetened, squares",642.0,14.32,28.42,52.31,16.6
19079,"Candies, confectioner's coating, yogurt",522.0,5.87,63.94,27.0,0.0
19080,"Candies, semisweet chocolate",480.0,4.2,63.9,30.0,5.9
19081,"Candies, sweet chocolate",507.0,3.9,60.4,34.2,5.5
19083,"Candies, sweet chocolate coated fondant",366.0,2.2,80.4,9.3,2.1
19084,"Candies, HERSHEY'S GOLDEN ALMOND SOLITAIRES",569.0,11.97,46.85,37.13,4.4
19085,"Candies, confectioner's coating, butterscotch",539.0,2.2,67.1,29.05,0.0
19086,"Candies, confectioner's coating, peanut butter",529.0,18.3,46.88,29.8,5.0
19087,"Candies, white chocolate",539.0,5.87,59.24,32.09,0.2
19088,"Ice creams, vanilla, light",180.0,4.78,29.46,4.83,0.3
19089,"Ice creams, vanilla, rich",249.0,3.5,22.29,16.2,0.0
19090,"Ice creams, french vanilla, soft-serve",222.0,4.1,22.2,13.0,0.7
19091,"Candies, YORK Peppermint Pattie",384.0,2.19,80.99,7.17,2.0
19092,"Candies, TWIZZLERS NIBS CHERRY BITS",347.0,2.3,79.37,2.64,0.6
19093,"Candies, SYMPHONY Milk Chocolate Bar",531.0,8.51,58.01,30.57,1.7
19094,"Desserts, flan, caramel custard, prepared-from-recipe",145.0,4.53,22.78,4.03,0.0
19095,"Ice creams, vanilla",207.0,3.5,23.6,11.0,0.7
19096,"Ice creams, vanilla, light, soft-serve",126.0,4.9,21.8,2.6,0.0
19097,"Sherbet, orange",144.0,1.1,30.4,2.0,1.3
19098,"Candies, 5TH AVENUE Candy Bar",482.0,8.78,62.68,23.98,3.1
19099,"Candies, fondant, prepared-from-recipe",373.0,0.0,93.18,0.02,0.0
19100,"Candies, fudge, chocolate, prepared-from-recipe",411.0,2.39,76.44,10.41,1.7
19101,"Candies, fudge, chocolate, with nuts, prepared-from-recipe",461.0,4.38,67.93,18.93,2.5
19102,"Candies, fudge, peanut butter, prepared-from-recipe",387.0,3.78,77.75,6.59,0.7
19103,"Candies, fudge, vanilla, prepared-from-recipe",383.0,1.05,82.15,5.45,0.0
19104,"Candies, fudge, vanilla with nuts",435.0,3.0,74.61,13.69,0.9
19105,"Candies, NESTLE, GOOBERS Chocolate Covered Peanuts",512.0,9.7,53.0,34.0,9.7
19106,"Candies, gumdrops, starch jelly pieces",396.0,0.0,98.9,0.0,0.1
19107,"Candies, hard",394.0,0.0,98.0,0.2,0.0
19108,"Candies, jellybeans",375.0,0.0,93.55,0.05,0.2
19109,"Candies, KIT KAT Wafer Bar",518.0,6.51,64.59,25.99,1.0
19110,"Candies, KRACKEL Chocolate Bar",512.0,6.62,63.96,26.58,2.2
19111,"Candies, NESTLE, BABY RUTH Bar",459.0,5.4,64.8,21.6,2.0
19112,"Candies, TWIZZLERS Strawberry Twists Candy",348.0,2.56,79.16,2.32,0.0
19113,"Syrups, table blends, pancake, with butter",291.0,0.0,72.43,0.09,0.0
19114,"Ice creams, chocolate, light",187.0,5.0,25.7,7.19,0.8
19115,"Candies, MARS SNACKFOOD US, MARS Almond Bar",467.0,8.1,62.7,23.0,2.0
19116,"Candies, marshmallows",318.0,1.8,81.3,0.2,0.1
19117,"Candies, halavah, plain",469.0,12.49,60.49,21.52,4.5
19118,"Candies, NESTLE, OH HENRY! Bar",462.0,7.7,65.5,23.0,1.9
19119,"Candies, NESTLE, CHUNKY Bar",475.0,7.5,60.0,27.5,2.5
19120,"Candies, milk chocolate",535.0,7.65,59.4,29.66,3.4
19121,"Puddings, banana, dry mix, instant, prepared with 2% milk",105.0,2.76,19.74,1.7,0.0
19122,"Puddings, banana, dry mix, regular, prepared with 2% milk",101.0,2.9,18.43,1.73,0.0
19123,"Puddings, chocolate, dry mix, instant, prepared with 2% milk",105.0,3.15,18.89,1.92,0.4
19124,"Baking chocolate, mexican, squares",426.0,3.64,77.41,15.59,4.0
19125,Chocolate-flavored hazelnut spread,541.0,5.41,62.16,29.73,5.4
19126,"Candies, milk chocolate coated peanuts",519.0,13.1,49.7,33.5,4.7
19127,"Candies, milk chocolate coated raisins",390.0,4.1,68.4,14.8,3.1
19128,"Syrups, table blends, pancake, reduced-calorie",165.0,0.0,44.55,0.0,0.0
19129,"Syrups, table blends, pancake",234.0,0.0,61.47,0.0,0.0
19130,"Candies, HERSHEY'S POT OF GOLD Almond Bar",577.0,12.82,44.89,38.46,3.8
19132,"Candies, milk chocolate, with almonds",526.0,9.0,53.4,34.4,6.2
19134,"Candies, milk chocolate, with rice cereal",511.0,7.64,59.67,29.37,3.3
19135,"Candies, MARS SNACKFOOD US, MILKY WAY Bar",456.0,4.01,71.17,17.23,1.0
19136,"Candies, HERSHEY'S SKOR Toffee Bar",541.0,3.13,63.73,30.37,1.3
19137,"Toppings, strawberry",254.0,0.2,66.3,0.1,0.7
19138,"Candies, truffles, prepared-from-recipe",510.0,6.21,44.88,33.76,2.5
19139,"Baking chocolate, MARS SNACKFOOD US, M&M's Semisweet Chocolate Mini Baking Bits",517.0,4.44,65.96,26.15,6.7
19140,"Candies, MARS SNACKFOOD US, M&M's Peanut Chocolate Candies",515.0,9.57,60.48,26.13,3.7
19141,"Candies, MARS SNACKFOOD US, M&M's Milk Chocolate Candies",492.0,4.33,71.19,21.13,2.8
19142,"Candies, MOUNDS Candy Bar",486.0,4.6,58.59,26.6,3.7
19143,"Candies, MR. GOODBAR Chocolate Bar",538.0,10.22,54.34,33.21,3.8
19144,"Candies, NESTLE, 100 GRAND Bar",468.0,2.5,70.97,19.33,1.0
19145,"Candies, NESTLE, CRUNCH Bar and Dessert Topping",500.0,5.0,67.0,26.0,1.9
19146,"Baking chocolate, MARS SNACKFOOD US, M&M's Milk Chocolate Mini Baking Bits",502.0,4.78,68.4,23.36,2.7
19147,"Candies, peanut bar",522.0,15.5,47.4,33.7,4.1
19148,"Candies, peanut brittle, prepared-from-recipe",486.0,7.57,71.24,18.98,2.5
19149,"Candies, NESTLE, RAISINETS Chocolate Covered Raisins",422.0,4.4,71.0,17.0,2.2
19150,"Candies, REESE'S Peanut Butter Cups",515.0,10.24,55.36,30.53,3.6
19151,"Candies, REESE'S PIECES Candy",497.0,12.46,59.86,24.77,3.0
19152,"Candies, ROLO Caramels in Milk Chocolate",474.0,5.08,67.95,20.93,0.9
19153,"Candies, NESTLE, AFTER EIGHT Mints",432.0,1.67,79.53,11.9,2.4
19154,"Candies, sesame crunch",516.0,11.6,50.3,33.3,7.7
19155,"Candies, MARS SNACKFOOD US, SNICKERS Bar",491.0,7.53,61.51,23.85,2.3
19156,"Candies, MARS SNACKFOOD US, STARBURST Fruit Chews, Original fruits",408.0,0.41,82.57,8.21,0.0
19157,"Candies, MARS SNACKFOOD US, M&M's MINIs Milk Chocolate Candies",502.0,4.78,68.4,23.36,2.7
19159,"Candies, MARS SNACKFOOD US, 3 MUSKETEERS Bar",436.0,2.6,77.77,12.75,1.5
19160,"Candies, MARS SNACKFOOD US, TWIX Caramel Cookie Bars",502.0,4.91,64.8,24.85,1.1
19161,"Candies, MARS SNACKFOOD US, TWIX Peanut Butter Cookie Bars",536.0,9.18,54.15,32.67,3.1
19162,"Candies, WHATCHAMACALLIT Candy Bar",494.0,8.04,63.23,23.68,1.9
19163,Chewing gum,360.0,0.0,96.7,0.3,2.4
19164,"Candies, SPECIAL DARK Chocolate Bar",556.0,5.54,60.49,32.4,6.5
19165,"Cocoa, dry powder, unsweetened",228.0,19.6,57.9,13.7,37.0
19166,"Cocoa, dry powder, unsweetened, processed with alkali",220.0,18.1,58.3,13.1,29.8
19168,"Desserts, egg custard, baked, prepared-from-recipe",104.0,5.02,11.0,4.58,0.0
19169,"Egg custards, dry mix",410.0,6.9,82.8,6.4,0.0
19170,"Egg custards, dry mix, prepared with whole milk",122.0,3.99,17.6,4.0,0.0
19171,"Cocoa, dry powder, unsweetened, HERSHEY'S European Style Cocoa",410.0,20.0,60.0,10.0,20.0
19172,"Gelatin desserts, dry mix",381.0,7.8,90.5,0.0,0.0
19173,"Gelatin desserts, dry mix, prepared with water",62.0,1.22,14.19,0.0,0.0
19175,"Gelatin desserts, dry mix, reduced calorie, with aspartame",198.0,15.67,80.21,0.0,0.1
19176,"Gelatin desserts, dry mix, reduced calorie, with aspartame, prepared with water",20.0,0.83,4.22,0.0,0.0
19177,"Gelatins, dry powder, unsweetened",335.0,85.6,0.0,0.1,0.0
19181,"Candies, YORK BITES",394.0,1.78,81.64,7.32,2.0
19182,"Desserts, mousse, chocolate, prepared-from-recipe",225.0,4.14,16.07,16.0,0.6
19183,"Puddings, chocolate, ready-to-eat",142.0,2.09,23.01,4.6,0.0
19184,"Puddings, chocolate, dry mix, instant",378.0,2.3,87.9,1.9,3.6
19185,"Puddings, chocolate, dry mix, instant, prepared with whole milk",111.0,3.1,18.8,3.1,1.0
19186,"Desserts, apple crisp, prepared-from-recipe",161.0,1.75,30.84,3.43,1.4
19187,"Flan, caramel custard, dry mix",348.0,0.0,91.6,0.0,0.0
19188,"Puddings, chocolate, dry mix, regular",362.0,2.6,89.3,2.1,4.5
19189,"Puddings, chocolate, dry mix, regular, prepared with whole milk",120.0,3.16,19.64,3.15,0.8
19190,"Puddings, chocolate, dry mix, regular, prepared with 2% milk",111.0,3.28,19.76,2.06,0.8
19191,"Puddings, coconut cream, dry mix, instant, prepared with 2% milk",107.0,2.9,19.2,2.3,0.1
19193,"Puddings, rice, ready-to-eat",108.0,3.23,18.39,2.15,0.3
19194,"Puddings, rice, dry mix",376.0,2.7,91.2,0.1,0.7
19195,"Puddings, rice, dry mix, prepared with whole milk",121.0,3.25,20.68,2.82,0.1
19198,"Puddings, tapioca, dry mix",369.0,0.1,94.3,0.1,0.2
19199,"Puddings, tapioca, dry mix, prepared with whole milk",115.0,2.84,19.43,2.89,0.0
19201,"Puddings, vanilla, ready-to-eat",130.0,1.45,22.6,3.78,0.0
19202,"Puddings, vanilla, dry mix, instant",377.0,0.0,92.9,0.6,0.0
19203,"Puddings, vanilla, dry mix, instant, prepared with whole milk",114.0,2.7,19.7,2.9,0.0
19204,"Puddings, lemon, dry mix, instant, prepared with 2% milk",107.0,2.76,20.2,1.71,0.0
19205,"Egg custards, dry mix, prepared with 2% milk",112.0,4.13,17.61,2.83,0.0
19206,"Puddings, vanilla, dry mix, regular",379.0,0.3,93.5,0.4,0.6
19207,"Puddings, vanilla, dry mix, regular, prepared with whole milk",113.0,2.8,18.92,2.9,0.1
19208,"Puddings, rice, dry mix, prepared with 2% milk",111.0,3.29,20.81,1.63,0.1
19209,"Puddings, tapioca, dry mix, prepared with 2% milk",105.0,2.88,19.56,1.67,0.0
19212,"Puddings, vanilla, dry mix, regular, prepared with 2% milk",101.0,2.94,18.53,1.73,0.0
19213,"Rennin, chocolate, dry mix, prepared with 2% milk",85.0,3.24,13.47,2.06,0.5
19214,"Rennin, vanilla, dry mix, prepared with 2% milk",77.0,3.06,12.34,1.77,0.0
19216,"Candies, praline, prepared-from-recipe",485.0,3.3,59.59,25.9,3.5
19217,"Frozen novelties, ice type, fruit, no sugar added",24.0,0.5,6.2,0.1,0.0
19218,"Puddings, tapioca, ready-to-eat",130.0,1.95,21.69,3.88,0.0
19219,"Puddings, coconut cream, dry mix, regular, prepared with 2% milk",104.0,3.1,17.8,2.5,0.2
19220,"Desserts, rennin, chocolate, dry mix",363.0,2.4,91.5,3.3,5.1
19221,"Rennin, chocolate, dry mix, prepared with whole milk",96.0,3.2,13.34,3.34,0.5
19222,"Desserts, rennin, vanilla, dry mix",383.0,0.0,99.0,0.0,0.0
19223,"Rennin, vanilla, dry mix, prepared with whole milk",89.0,3.03,12.21,3.07,0.0
19225,"Desserts, rennin, tablets, unsweetened",84.0,1.0,19.8,0.1,0.0
19226,"Frostings, chocolate, creamy, ready-to-eat",397.0,1.1,63.2,17.6,0.9
19227,"Frostings, coconut-nut, ready-to-eat",433.0,1.5,52.7,24.0,2.5
19228,"Frostings, cream cheese-flavor, ready-to-eat",415.0,0.1,67.32,17.3,0.0
19230,"Frostings, vanilla, creamy, ready-to-eat",418.0,0.0,67.89,16.23,0.0
19231,"Flan, caramel custard, dry mix, prepared with 2% milk",103.0,2.99,18.82,1.72,0.0
19232,"Flan, caramel custard, dry mix, prepared with whole milk",113.0,2.95,18.68,3.0,0.0
19233,"Puddings, vanilla, ready-to-eat, fat free",89.0,2.02,20.16,0.0,0.0
19234,"Puddings, tapioca, ready-to-eat, fat free",94.0,1.44,21.31,0.35,0.0
19235,"Puddings, chocolate, ready-to-eat, fat free",93.0,1.93,20.87,0.3,0.3
19236,"Candies, HERSHEY'S MILK CHOCOLATE WITH ALMOND BITES",568.0,9.76,51.72,35.73,3.6
19238,"Candies, REESE'S BITES",521.0,11.34,55.18,29.85,3.1
19239,"Candies, REESE'S NUTRAGEOUS Candy Bar",517.0,11.28,52.8,32.09,3.9
19240,"Frostings, chocolate, creamy, dry mix",389.0,1.3,92.0,5.2,2.4
19241,"Frostings, chocolate, creamy, dry mix, prepared with butter",408.0,1.11,71.8,13.06,1.9
19243,"Candies, HEATH BITES",530.0,3.94,63.39,30.38,2.0
19244,"Frostings, vanilla, creamy, dry mix",410.0,0.3,93.8,4.9,0.1
19246,"Frostings, white, fluffy, dry mix",371.0,2.3,94.9,0.0,0.0
19247,"Frostings, white, fluffy, dry mix, prepared with water",244.0,1.5,62.6,0.0,0.0
19248,"Candies, HERSHEY'S, ALMOND JOY BITES",563.0,5.58,57.54,34.5,4.3
19249,"Candies, HERSHEY, REESESTICKS crispy wafers, peanut butter, milk chocolate",521.0,9.53,55.38,31.34,3.3
19250,"Candies, HERSHEY, KIT KAT BIG KAT Bar",520.0,6.24,63.64,27.84,1.9
19252,"Candies, REESE'S, FAST BREAK, milk chocolate peanut butter and soft nougats",474.0,8.66,61.6,23.42,2.9
19254,"Candies, MARS SNACKFOOD US, DOVE Milk Chocolate",546.0,5.94,59.78,31.72,2.4
19255,"Candies, MARS SNACKFOOD US, DOVE Dark Chocolate",520.0,5.19,59.4,32.45,7.6
19256,"Candies, MARS SNACKFOOD US, MILKY WAY Caramels, milk chocolate covered",463.0,4.28,68.49,19.17,0.7
19258,"Candies, MARS SNACKFOOD US, MILKY WAY Caramels. dark chocolate covered",458.0,3.82,67.56,20.42,2.8
19260,"Ice creams, vanilla, light, no sugar added",169.0,3.97,21.42,7.45,0.0
19263,"Frozen novelties, fruit and juice bars",87.0,1.2,20.2,0.1,1.0
19265,"Ice creams, chocolate, light, no sugar added",173.0,3.54,26.79,5.74,0.9
19268,"Candies, dark chocolate coated coffee beans",540.0,7.5,59.95,30.0,7.5
19269,"Snacks, GENERAL MILLS, BETTY CROCKER Fruit Roll Ups, berry flavored, with vitamin C",373.0,0.1,85.2,3.5,
19270,"Ice creams, chocolate",216.0,3.8,28.2,11.0,1.2
19271,"Ice creams, strawberry",192.0,3.2,27.6,8.4,0.9
19272,"Snacks, FARLEY CANDY, FARLEY Fruit Snacks, with vitamins A, C, and E",341.0,4.4,80.9,0.0,
19273,"Snacks, SUNKIST, SUNKIST Fruit Roll, strawberry, with vitamins A, C, and E",342.0,0.6,82.7,1.0,7.7
19274,"Snacks, fruit leather, pieces, with vitamin C",373.0,0.1,85.2,3.5,3.5
19279,"Candies, milk chocolate coated coffee beans",549.0,7.41,55.25,33.18,5.7
19280,"Frozen novelties, ice type, lime",128.0,0.4,32.6,0.0,0.0
19281,"Frozen novelties, ice type, italian, restaurant-prepared",53.0,0.03,13.5,0.02,0.0
19283,"Frozen novelties, ice type, pop",79.0,0.0,19.23,0.24,0.0
19292,"Candies, MARS SNACKFOOD US, M&M's Crispy Chocolate Candies",475.0,4.28,72.4,19.32,2.0
19293,"Frozen yogurts, vanilla, soft-serve",159.0,4.0,24.2,5.6,0.0
19294,"Fruit butters, apple",173.0,0.39,42.47,0.3,1.5
19295,"Candies, MARS SNACKFOOD US, SNICKERS MUNCH bar",536.0,15.25,43.64,36.22,4.7
19296,Honey,304.0,0.3,82.4,0.0,0.2
19297,Jams and preserves,278.0,0.37,68.86,0.07,1.1
19300,Jellies,266.0,0.15,69.95,0.02,1.0
19301,"Candies, fudge, chocolate marshmallow, with nuts, prepared-by-recipe",474.0,3.24,67.69,21.11,2.1
19302,"Candies, MARS SNACKFOOD US, SNICKERS Almond bar",472.0,5.4,64.67,22.4,2.6
19303,"Marmalade, orange",246.0,0.3,66.3,0.0,0.7
19304,Molasses,290.0,0.0,74.73,0.1,0.0
19306,"Candies, MARS SNACKFOOD US, POP'ABLES SNICKERS Brand Bite Size Candies",480.0,7.15,61.07,24.32,2.3
19307,"Candies, MARS SNACKFOOD US, POP'ABLES MILKY WAY Brand Bite Size Candies",463.0,3.3,71.85,18.0,1.0
19308,"Candies, MARS SNACKFOOD US, POP'ABLES 3 MUSKETEERS Brand Bite Size Candies",443.0,2.59,75.94,15.17,1.3
19309,"Candies, MARS SNACKFOOD US, STARBURST Fruit Chews, Fruit and Creme",408.0,0.41,82.43,8.36,0.0
19310,"Pectin, unsweetened, dry mix",325.0,0.3,90.4,0.3,8.6
19312,"Pie fillings, apple, canned",100.0,0.1,26.1,0.1,1.0
19313,"Candies, MARS SNACKFOOD US, STARBURST Fruit Chews, Tropical fruits",409.0,0.41,82.76,8.31,0.0
19314,"Pie fillings, canned, cherry",115.0,0.37,28.0,0.07,0.6
19315,"Candies, MARS SNACKFOOD US, STARBURST Sour Fruit Chews",400.0,0.39,79.73,7.78,0.0
19318,"Puddings, banana, dry mix, instant",367.0,0.0,92.7,0.6,0.0
19319,"Puddings, banana, dry mix, instant, prepared with whole milk",115.0,2.62,19.76,2.8,0.0
19320,"Puddings, banana, dry mix, regular",366.0,0.0,93.0,0.4,0.3
19321,"Puddings, banana, dry mix, regular, prepared with whole milk",111.0,2.74,18.44,2.89,0.0
19322,"Puddings, coconut cream, dry mix, instant",415.0,0.9,83.5,10.0,4.0
19323,"Puddings, coconut cream, dry mix, instant, prepared with whole milk",117.0,2.9,19.1,3.5,0.1
19324,"Puddings, coconut cream, dry mix, regular",434.0,1.0,81.84,11.36,1.6
19325,"Puddings, coconut cream, dry mix, regular, prepared with whole milk",114.0,3.0,17.7,3.8,0.2
19326,"Candies, MARS SNACKFOOD US, COCOAVIA Chocolate Bar",539.0,5.81,62.99,29.3,8.7
19327,"Candies, MARS SNACKFOOD US, COCOAVIA Blueberry and Almond Chocolate Bar",525.0,6.35,60.37,28.68,9.1
19328,"Candies, MARS SNACKFOOD US, COCOAVIA Crispy Chocolate Bar",517.0,8.21,62.06,26.23,7.8
19330,"Puddings, lemon, dry mix, instant",378.0,0.0,95.4,0.7,0.0
19331,"Puddings, lemon, dry mix, instant, prepared with whole milk",115.0,2.7,20.1,2.9,0.0
19332,"Puddings, lemon, dry mix, regular",363.0,0.1,91.8,0.5,0.1
19333,"Pudding, lemon, dry mix, regular, prepared with sugar, egg yolk and water",109.0,0.65,24.2,1.12,0.0
19334,"Sugars, brown",380.0,0.12,98.09,0.0,0.0
19335,"Sugars, granulated",387.0,0.0,99.98,0.0,0.0
19336,"Sugars, powdered",389.0,0.0,99.77,0.0,0.0
19337,"Sweeteners, tabletop, aspartame, EQUAL, packets",365.0,2.17,89.08,0.0,0.0
19340,"Sugars, maple",354.0,0.1,90.9,0.2,0.0
19345,"Syrups, chocolate, HERSHEY'S Genuine Chocolate Flavored Lite Syrup",153.0,1.4,34.56,0.97,0.0
19348,"Syrups, chocolate, fudge-type",350.0,4.6,62.9,8.9,2.8
19349,"Syrups, corn, dark",286.0,0.0,77.59,0.0,0.0
19350,"Syrups, corn, light",283.0,0.0,76.79,0.2,0.0
19351,"Syrups, corn, high-fructose",281.0,0.0,76.0,0.0,0.0
19352,"Syrups, malt",318.0,6.2,71.3,0.0,0.0
19353,"Syrups, maple",260.0,0.04,67.04,0.06,0.0
19355,"Syrups, sorghum",290.0,0.0,74.9,0.0,0.0
19359,"Candies, MARS SNACKFOOD US, SNICKERS CRUNCHER",488.0,6.86,62.85,24.38,1.9
19360,"Syrups, table blends, pancake, with 2% maple",265.0,0.0,69.6,0.1,0.0
19361,"Syrups, table blends, cane and 15% maple",278.0,0.0,69.52,0.1,0.1
19362,"Syrups, table blends, corn, refiner, and sugar",319.0,0.0,83.9,0.0,0.0
19363,"Candies, MARS SNACKFOOD US, SKITTLES Wild Berry Bite Size Candies",402.0,0.19,90.76,4.25,0.0
19364,"Toppings, butterscotch or caramel",216.0,1.21,57.01,0.0,0.0
19365,"Toppings, marshmallow cream",322.0,0.8,79.0,0.3,0.1
19366,"Toppings, pineapple",253.0,0.1,66.4,0.1,0.4
19367,"Toppings, nuts in syrup",448.0,4.5,58.08,22.0,2.3
19368,"Candies, MARS SNACKFOOD US, SKITTLES Tropical Bite Size Candies",405.0,0.19,90.77,4.34,0.0
19369,"Candies, MARS SNACKFOOD US, SKITTLES Sours Original",401.0,0.18,91.02,4.0,0.0
19370,"Candies, MARS SNACKFOOD US, SKITTLES Original Bite Size Candies",405.0,0.19,90.78,4.37,0.0
19371,"Frostings, vanilla, creamy, dry mix, prepared with margarine",413.0,0.34,74.28,12.74,0.1
19372,"Frostings, chocolate, creamy, dry mix, prepared with margarine",404.0,1.1,71.02,12.87,1.9
19375,"Frostings, glaze, prepared-from-recipe",341.0,0.44,83.65,0.53,0.0
19379,"Candies, fudge, chocolate marshmallow, prepared-from-recipe",453.0,2.26,71.34,17.48,1.7
19382,"Candies, taffy, prepared-from-recipe",397.0,0.03,91.56,3.33,0.0
19383,"Candies, toffee, prepared-from-recipe",560.0,1.07,64.72,32.75,0.0
19384,"Candies, divinity, prepared-from-recipe",364.0,1.32,89.05,0.06,0.0
19387,"Frozen novelties, ice type, pineapple-coconut",113.0,0.0,23.9,2.6,0.7
19393,"Frozen yogurts, chocolate, soft-serve",160.0,4.0,24.9,6.0,2.2
19400,"Snacks, banana chips",519.0,2.3,58.4,33.6,7.7
19401,"Snacks, cornnuts, barbecue-flavor",436.0,9.0,71.7,14.3,8.4
19403,"Snacks, crisped rice bar, almond",458.0,7.0,64.6,20.4,3.6
19404,"Snacks, granola bars, soft, uncoated, chocolate chip",418.0,5.65,70.2,16.57,3.8
19405,"Snacks, granola bars, soft, uncoated, chocolate chip, graham and marshmallow",427.0,6.1,70.8,15.5,4.0
19406,"Snacks, granola bars, soft, uncoated, nut and raisin",454.0,8.0,63.6,20.4,5.6
19407,"Snacks, beef sticks, smoked",550.0,21.5,5.4,49.6,
19408,"Snacks, pork skins, barbecue-flavor",538.0,57.9,1.6,31.8,
19409,"Frostings, glaze, chocolate, prepared-from-recipe, with butter, NFSMI Recipe No. C-32",359.0,1.42,72.18,7.17,1.1
19410,"Snack, potato chips, made from dried potatoes, plain",545.0,4.62,55.38,35.28,2.9
19411,"Snacks, potato chips, plain, salted",532.0,6.39,53.83,33.98,3.1
19412,"Snacks, potato chips, made from dried potatoes, cheese-flavor",551.0,7.0,50.6,37.0,3.4
19413,"Snacks, rice cakes, brown rice, corn",385.0,8.4,81.2,3.2,2.9
19414,"Snacks, rice cakes, brown rice, multigrain",387.0,8.5,80.1,3.5,3.0
19415,"Snacks, potato sticks",522.0,6.7,53.3,34.4,3.4
19416,"Snacks, rice cakes, brown rice, rye",386.0,8.1,79.9,3.8,4.0
19418,"Snacks, sesame sticks, wheat-based, salted",541.0,10.9,46.5,36.7,2.8
19419,"Snacks, corn cakes",387.0,8.1,83.4,2.4,1.9
19420,"Snacks, granola bars, hard, peanut butter",483.0,9.8,62.3,23.8,2.9
19421,"Snacks, potato chips, cheese-flavor",496.0,8.5,57.7,27.2,5.2
19422,"Snacks, potato chips, reduced fat",471.0,7.1,66.9,20.8,5.9
19423,"Snacks, potato chips, fat-free, made with olestra",274.0,7.74,65.0,0.7,6.8
19424,"Snacks, tortilla chips, nacho-flavor, reduced fat",445.0,8.7,71.6,15.2,4.8
19433,"Tortilla chips, low fat, baked without fat",415.0,11.0,80.0,5.7,5.3
19434,"Cheese puffs and twists, corn based, baked, low fat",432.0,8.5,72.35,12.1,3.6
19435,"Snacks, granola bar, fruit-filled, nonfat",342.0,5.9,77.6,0.9,7.4
19436,"Popcorn, sugar syrup/caramel, fat-free",381.0,2.0,90.06,1.4,2.5
19437,"Snacks, potato chips, fat free, salted",379.0,9.64,83.76,0.6,7.5
19438,"Snacks, KELLOGG, KELLOGG'S RICE KRISPIES TREATS Squares",414.0,3.4,80.5,9.0,0.0
19439,"Snacks, KELLOGG, KELLOGG'S Low Fat Granola Bar, Crunchy Almond/Brown Sugar",390.0,8.0,78.0,7.4,6.2
19440,"Snacks, M&M MARS, KUDOS Whole Grain Bar, chocolate chip",420.0,4.47,72.31,13.02,2.6
19441,"Snacks, KELLOGG'S, NUTRI-GRAIN Cereal Bars, fruit",365.0,4.22,67.61,8.67,3.0
19444,"Snacks, tortilla chips, low fat, made with olestra, nacho cheese",318.0,8.44,65.22,3.53,6.4
19445,"Snacks, potato chips, made from dried potatoes, fat-free, made with olestra",253.0,5.06,56.0,0.93,7.3
19524,"Snacks, taro chips",498.0,2.3,68.1,24.9,7.2
19701,"Candies, semisweet chocolate, made with butter",477.0,4.2,63.4,29.7,5.9
19702,"Gelatin desserts, dry mix, with added ascorbic acid, sodium-citrate and salt",381.0,7.8,90.5,0.0,0.0
19703,"Gelatin desserts, dry mix, reduced calorie, with aspartame, added phosphorus, potassium, sodium, vitamin C",345.0,55.3,33.3,0.0,0.0
19704,"Gelatin desserts, dry mix, reduced calorie, with aspartame, no added sodium",345.0,55.3,33.3,0.0,0.0
19705,"Puddings, banana, dry mix, instant, with added oil",386.0,0.0,89.0,4.4,0.0
19706,"Puddings, banana, dry mix, regular, with added oil",387.0,0.0,88.4,5.0,0.3
19708,"Puddings, lemon, dry mix, regular, with added oil, potassium, sodium",366.0,0.1,90.3,1.5,0.1
19709,"Puddings, tapioca, dry mix, with no added salt",369.0,0.1,94.3,0.1,0.2
19710,"Puddings, vanilla, dry mix, regular, with added oil",369.0,0.3,92.4,1.1,0.0
19719,"Jams and preserves, apricot",242.0,0.7,64.4,0.2,0.3
19720,"Syrups, table blends, pancake, with 2% maple, with added potassium",265.0,0.0,69.6,0.1,0.0
19800,"Snacks, corn cakes, very low sodium",387.0,8.1,83.4,2.4,
19802,"Snacks, corn-based, extruded, puffs or twists, cheese-flavor, unenriched",558.0,5.76,54.1,35.76,2.2
19804,"Snacks, corn-based, extruded, chips, barbecue-flavor, made with enriched masa flour",523.0,7.0,56.2,32.7,
19806,"Snacks, popcorn, air-popped (Unsalted)",382.0,12.0,77.9,4.2,15.1
19807,"Snacks, popcorn, oil-popped, white popcorn, salt added",500.0,9.0,57.2,28.1,10.0
19809,"Snacks, potato chips, plain, made with partially hydrogenated soybean oil, salted",536.0,7.0,52.9,34.6,4.8
19810,"Snacks, potato chips, plain, made with partially hydrogenated soybean oil, unsalted",536.0,7.0,52.9,34.6,4.8
19811,"Snacks, potato chips, plain, unsalted",536.0,7.0,52.9,34.6,4.8
19812,"Snacks, pretzels, hard, plain, made with unenriched flour, salted",381.0,9.1,79.2,3.5,2.8
19813,"Snacks, pretzels, hard, plain, made with unenriched flour, unsalted",381.0,9.1,79.2,3.5,2.8
19814,"Snacks, pretzels, hard, plain, made with enriched flour, unsalted",381.0,9.1,79.2,3.5,2.8
19816,"Snacks, rice cakes, brown rice, plain, unsalted",387.0,8.2,81.5,2.8,4.2
19817,"Snacks, rice cakes, brown rice, buckwheat, unsalted",380.0,9.0,80.1,3.5,
19818,"Snacks, rice cakes, brown rice, multigrain, unsalted",387.0,8.5,80.1,3.5,
19819,"Snacks, rice cakes, brown rice, sesame seed, unsalted",392.0,7.6,81.5,3.8,
19820,"Snacks, sesame sticks, wheat-based, unsalted",541.0,10.9,46.5,36.7,
19821,"Snacks, trail mix, regular, unsalted",462.0,13.8,44.9,29.4,
19822,"Snacks, trail mix, regular, with chocolate chips, unsalted nuts and seeds",484.0,14.2,44.9,31.9,
19823,"Potato chips, without salt, reduced fat",487.0,7.1,67.8,20.8,6.1
19833,"Snacks, tortilla chips, low fat, unsalted",416.0,11.0,80.1,5.7,5.3
19856,"Frozen novelties, juice type, POPSICLE SCRIBBLERS",81.0,0.0,19.68,0.24,0.0
19857,"Snacks, tortilla chips, nacho-flavor, made with enriched masa flour",498.0,7.8,62.4,25.6,5.3
19858,"Candies, sugar-coated almonds",474.0,10.0,68.26,17.93,2.5
19859,"Cocoa, dry powder, hi-fat or breakfast, plain",486.0,16.8,51.39,23.71,29.8
19860,"Cocoa, dry powder, hi-fat or breakfast, processed with alkali",479.0,16.8,49.71,23.71,33.9
19866,"Candies, soft fruit and nut squares",390.0,2.31,73.81,9.52,2.4
19867,"Ice creams, vanilla, fat free",138.0,4.48,30.06,0.0,1.0
19868,"Sweeteners, tabletop, sucralose, SPLENDA packets",336.0,0.0,91.17,0.0,0.0
19871,"Frozen novelties, No Sugar Added, FUDGSICLE pops",124.0,3.67,23.11,1.87,1.5
19873,"Frozen novelties, ice type, sugar free, orange, cherry, and grape POPSICLE pops",21.0,0.0,5.14,0.0,0.0
19874,"Frozen novelties, KLONDIKE, SLIM-A-BEAR Fudge Bar, 98% fat free, no sugar added",124.0,4.31,30.07,1.88,6.0
19875,"Ice creams, BREYERS, All Natural Light Vanilla",162.0,4.84,25.3,4.59,0.2
19876,"Ice creams, BREYERS, All Natural Light French Vanilla",173.0,4.82,26.03,5.56,0.2
19877,"Ice creams, BREYERS, 98% Fat Free Vanilla",137.0,3.3,30.51,2.2,5.4
19878,"Ice creams, BREYERS, All Natural Light Vanilla Chocolate Strawberry",161.0,4.69,26.06,4.35,0.4
19879,"Ice creams, BREYERS, All Natural Light Mint Chocolate Chip",196.0,4.69,28.39,7.09,0.6
19880,"Ice creams, BREYERS, No Sugar Added, Butter Pecan",180.0,3.99,21.3,10.3,0.9
19881,"Ice creams, BREYERS, No Sugar Added, French Vanilla",154.0,4.5,20.75,7.05,0.5
19882,"Ice creams, BREYERS, No Sugar Added, Vanilla",143.0,3.68,21.92,6.2,0.5
19883,"Ice creams, BREYERS, No Sugar Added, Vanilla Fudge Twirl",153.0,3.53,25.63,5.68,0.8
19884,"Ice creams, BREYERS, No Sugar Added, Vanilla Chocolate Strawberry",143.0,3.71,21.7,6.26,0.7
19886,"Frozen novelties, KLONDIKE, SLIM-A-BEAR Chocolate Cone",224.0,4.09,45.32,4.1,4.3
19887,"Frozen novelties, KLONDIKE, SLIM-A-BEAR Vanilla Sandwich",239.0,3.9,42.75,5.85,4.3
19890,"Frozen novelties, KLONDIKE, SLIM-A-BEAR, No Sugar Added, Stickless Bar",242.0,5.2,25.98,13.0,3.9
19891,"Frozen novelties, No Sugar Added CREAMSICLE Pops",72.0,3.69,12.88,0.61,3.6
19892,"Frozen novelties, Sugar Free, CREAMSICLE Pops",49.0,1.37,11.95,2.33,7.5
19893,"Ice creams, BREYERS, All Natural Light French Chocolate",201.0,5.3,29.68,7.28,1.0
19894,"Ice creams, BREYERS, 98% Fat Free Chocolate",136.0,3.89,30.18,2.17,5.8
19895,"Ice creams, BREYERS, No Sugar Added, Chocolate Caramel",151.0,3.54,25.17,5.8,1.0
19896,"Candies, REESE's Fast Break, milk chocolate, peanut butter, soft nougats, candy bar",495.0,8.93,63.9,23.21,3.6
19897,"Candies, MARS SNACKFOOD US, COCOAVIA Chocolate Covered Almonds",573.0,9.51,50.22,37.07,10.4
19898,"Ice creams, regular, low carbohydrate, vanilla",216.0,3.17,22.23,12.7,4.8
19899,"Ice creams, regular, low carbohydrate, chocolate",237.0,3.8,26.8,12.7,4.8
19902,"Chocolate, dark, 45- 59% cacao solids",546.0,4.88,61.17,31.28,7.0
19903,"Chocolate, dark, 60-69% cacao solids",579.0,6.12,52.42,38.31,8.0
19904,"Chocolate, dark, 70-85% cacao solids",598.0,7.79,45.9,42.63,10.9
19905,"Candies, chocolate, dark, NFS (45-59% cacao solids 90%; 60-69% cacao solids 5%; 70-85% cacao solids 5%)",550.0,5.09,59.97,32.2,7.2
19906,"Sweeteners, for baking, brown, contains sugar and sucralose",388.0,0.0,97.11,0.0,
19907,"Sweeteners, for baking, contains sugar and sucralose",398.0,0.0,99.53,0.0,
19908,"Sugar, turbinado",399.0,0.0,99.8,0.0,
19909,"Sweeteners, sugar substitute, granulated, brown",347.0,2.06,84.77,0.0,0.6
19910,"Candies, crispy bar with peanut butter filling",542.0,9.53,55.53,31.34,3.3
19911,"Syrup, maple, Canadian",270.0,0.0,67.38,0.0,0.0
19912,"Sweetener, syrup, agave",310.0,0.09,76.37,0.45,0.2
19913,"Candies, NESTLE, BUTTERFINGER Crisp",465.0,6.67,68.45,18.33,1.7
19914,"Candies, M&M MARS 3 MUSKETEERS Truffle Crisp",538.0,6.41,63.15,28.85,0.0
19916,"Syrups, chocolate, HERSHEY'S Sugar free, Genuine Chocolate Flavored, Lite Syrup",43.0,2.87,14.2,2.03,2.9
19917,"Candies, M&M MARS Pretzel Chocolate Candies",447.0,5.0,72.94,15.0,2.5
19918,"Sweetener, herbal extract powder from Stevia leaf",0.0,0.0,100.0,0.0,0.0
19919,"Candies, fruit snacks, with high vitamin C",352.0,0.08,87.97,0.0,0.0
19920,"Jams, preserves, marmalades, sweetened with fruit juice",212.0,0.0,52.93,0.0,0.9
19921,"Candies, Tamarind",368.0,0.0,91.96,0.0,2.5
19922,"Candies, coconut bar, not chocolate covered",481.0,2.13,55.87,27.65,6.4
19923,"Candies, HERSHEYS, PAYDAY Bar",490.0,13.44,52.88,25.0,3.8
19924,"Syrup, NESTLE, chocolate",269.0,0.0,67.21,0.0,0.0
20001,"Amaranth grain, uncooked",371.0,13.56,65.25,7.02,6.7
20002,"Amaranth grain, cooked",102.0,3.8,18.69,1.58,2.1
20003,Arrowroot flour,357.0,0.3,88.15,0.1,3.4
20004,"Barley, hulled",354.0,12.48,73.48,2.3,17.3
20005,"Barley, pearled, raw",352.0,9.91,77.72,1.16,15.6
20006,"Barley, pearled, cooked",123.0,2.26,28.22,0.44,3.8
20008,Buckwheat,343.0,13.25,71.5,3.4,10.0
20009,"Buckwheat groats, roasted, dry",346.0,11.73,74.95,2.71,10.3
20010,"Buckwheat groats, roasted, cooked",92.0,3.38,19.94,0.62,2.7
20011,"Buckwheat flour, whole-groat",335.0,12.62,70.59,3.1,10.0
20012,"Bulgur, dry",342.0,12.29,75.87,1.33,12.5
20013,"Bulgur, cooked",83.0,3.08,18.58,0.24,4.5
20014,"Corn grain, yellow",365.0,9.42,74.26,4.74,7.3
20015,"Corn bran, crude",224.0,8.36,85.64,0.92,79.0
20016,"Corn flour, whole-grain, yellow",361.0,6.93,76.85,3.86,7.3
20017,"Corn flour, masa, enriched, white",363.0,8.46,76.59,3.69,6.4
20018,"Corn flour, yellow, degermed, unenriched",375.0,5.59,82.75,1.39,1.9
20019,"Corn flour, masa, unenriched, white",363.0,8.46,76.59,3.69,6.4
20020,"Cornmeal, whole-grain, yellow",362.0,8.12,76.89,3.59,7.3
20022,"Cornmeal, degermed, enriched, yellow",370.0,7.11,79.45,1.75,3.9
20023,"Cornmeal, yellow, self-rising, bolted, plain, enriched",334.0,8.28,70.28,3.4,6.7
20024,"Cornmeal, yellow, self-rising, bolted, with wheat flour added, enriched",348.0,8.41,73.43,2.85,6.3
20025,"Cornmeal, yellow, self-rising, degermed, enriched",355.0,8.41,74.79,1.72,7.1
20027,Cornstarch,381.0,0.26,91.27,0.05,0.9
20028,"Couscous, dry",376.0,12.76,77.43,0.64,5.0
20029,"Couscous, cooked",112.0,3.79,23.22,0.16,1.4
20030,"Hominy, canned, white",72.0,1.48,14.26,0.88,2.5
20031,"Millet, raw",378.0,11.02,72.85,4.22,8.5
20032,"Millet, cooked",119.0,3.51,23.67,1.0,1.3
20033,"Oat bran, raw",246.0,17.3,66.22,7.03,15.4
20034,"Oat bran, cooked",40.0,3.21,11.44,0.86,2.6
20035,"Quinoa, uncooked",368.0,14.12,64.16,6.07,7.0
20036,"Rice, brown, long-grain, raw",367.0,7.54,76.25,3.2,3.6
20037,"Rice, brown, long-grain, cooked",123.0,2.74,25.58,0.97,1.6
20038,Oats,389.0,16.89,66.27,6.9,10.6
20040,"Rice, brown, medium-grain, raw",362.0,7.5,76.17,2.68,3.4
20041,"Rice, brown, medium-grain, cooked",112.0,2.32,23.51,0.83,1.8
20042,"Rice, brown, parboiled, dry, UNCLE BEN'S",370.0,7.6,78.68,2.75,3.5
20044,"Rice, white, long-grain, regular, raw, enriched",365.0,7.13,79.95,0.66,1.3
20045,"Rice, white, long-grain, regular, enriched, cooked",130.0,2.69,28.17,0.28,0.4
20046,"Rice, white, long-grain, parboiled, enriched, dry",374.0,7.51,80.89,1.03,1.8
20047,"Rice, white, long-grain, parboiled, enriched, cooked",123.0,2.91,26.05,0.37,0.9
20048,"Rice, white, long-grain, precooked or instant, enriched, dry",380.0,7.82,82.32,0.94,1.9
20049,"Rice, white, long-grain, precooked or instant, enriched, prepared",124.0,2.18,26.76,0.5,0.6
20050,"Rice, white, medium-grain, raw, enriched",360.0,6.61,79.34,0.58,1.4
20051,"Rice, white, medium-grain, enriched, cooked",130.0,2.38,28.59,0.21,0.3
20052,"Rice, white, short-grain, enriched, uncooked",358.0,6.5,79.15,0.52,2.8
20053,"Rice, white, short-grain, enriched, cooked",130.0,2.36,28.73,0.19,
20054,"Rice, white, glutinous, unenriched, uncooked",370.0,6.81,81.68,0.55,2.8
20055,"Rice, white, glutinous, unenriched, cooked",97.0,2.02,21.09,0.19,1.0
20058,"Rice, white, steamed, Chinese restaurant",151.0,3.2,33.88,0.27,0.9
20060,"Rice bran, crude",316.0,13.35,49.69,20.85,21.0
20061,"Rice flour, white, unenriched",366.0,5.95,80.13,1.42,2.4
20062,Rye grain,338.0,10.34,75.86,1.63,15.1
20063,"Rye flour, dark",325.0,15.91,68.63,2.22,23.8
20064,"Rye flour, medium",349.0,10.88,75.43,1.52,11.8
20065,"Rye flour, light",357.0,9.82,76.68,1.33,8.0
20066,"Semolina, enriched",360.0,12.68,72.83,1.05,3.9
20067,Sorghum grain,329.0,10.62,72.09,3.46,6.7
20068,"Tapioca, pearl, dry",358.0,0.19,88.69,0.02,0.9
20069,Triticale,336.0,13.05,72.13,2.09,
20070,"Triticale flour, whole-grain",338.0,13.18,73.14,1.81,14.6
20071,"Wheat, hard red spring",329.0,15.4,68.03,1.92,12.2
20072,"Wheat, hard red winter",327.0,12.61,71.18,1.54,12.2
20073,"Wheat, soft red winter",331.0,10.35,74.24,1.56,12.5
20074,"Wheat, hard white",342.0,11.31,75.9,1.71,12.2
20075,"Wheat, soft white",340.0,10.69,75.36,1.99,12.7
20076,"Wheat, durum",339.0,13.68,71.13,2.47,
20077,"Wheat bran, crude",216.0,15.55,64.51,4.25,42.8
20078,"Wheat germ, crude",360.0,23.15,51.8,9.72,13.2
20080,"Wheat flour, whole-grain",340.0,13.21,71.97,2.5,10.7
20081,"Wheat flour, white, all-purpose, enriched, bleached",364.0,10.33,76.31,0.98,2.7
20082,"Wheat flour, white, all-purpose, self-rising, enriched",354.0,9.89,74.22,0.97,2.7
20083,"Wheat flour, white, bread, enriched",361.0,11.98,72.53,1.66,2.4
20084,"Wheat flour, white, cake, enriched",362.0,8.2,78.03,0.86,1.7
20086,"Wheat flour, white, tortilla mix, enriched",405.0,9.66,67.14,10.63,
20087,"Wheat, sprouted",198.0,7.49,42.53,1.27,1.1
20088,"Wild rice, raw",357.0,14.73,74.9,1.08,6.2
20089,"Wild rice, cooked",101.0,3.99,21.34,0.34,1.8
20090,"Rice flour, brown",363.0,7.23,76.48,2.78,4.6
20091,"Pasta, gluten-free, corn, dry",357.0,7.46,79.26,2.08,11.0
20092,"Pasta, gluten-free, corn, cooked",126.0,2.63,27.91,0.73,4.8
20093,"Pasta, fresh-refrigerated, plain, as purchased",288.0,11.31,54.73,2.3,
20094,"Pasta, fresh-refrigerated, plain, cooked",131.0,5.15,24.93,1.05,
20095,"Pasta, fresh-refrigerated, spinach, as purchased",289.0,11.26,55.72,2.1,
20096,"Pasta, fresh-refrigerated, spinach, cooked",130.0,5.06,25.04,0.94,
20097,"Pasta, homemade, made with egg, cooked",130.0,5.28,23.54,1.74,
20098,"Pasta, homemade, made without egg, cooked",124.0,4.37,25.12,0.98,
20105,"Macaroni, vegetable, enriched, dry",367.0,13.14,74.88,1.04,4.3
20106,"Macaroni, vegetable, enriched, cooked",128.0,4.53,26.61,0.11,4.3
20109,"Noodles, egg, dry, enriched",384.0,14.16,71.27,4.44,3.3
20110,"Noodles, egg, enriched, cooked",138.0,4.54,25.16,2.07,1.2
20111,"Noodles, egg, spinach, enriched, dry",382.0,14.61,70.32,4.55,6.8
20112,"Noodles, egg, spinach, enriched, cooked",132.0,5.04,24.25,1.57,2.3
20113,"Noodles, chinese, chow mein",475.0,8.11,72.8,15.43,3.7
20114,"Noodles, japanese, soba, dry",336.0,14.38,74.62,0.71,
20115,"Noodles, japanese, soba, cooked",99.0,5.06,21.44,0.1,
20116,"Noodles, japanese, somen, dry",356.0,11.35,74.1,0.81,4.3
20117,"Noodles, japanese, somen, cooked",131.0,4.0,27.54,0.18,
20118,"Noodles, flat, crunchy, Chinese restaurant",521.0,10.33,51.9,31.72,1.9
20120,"Pasta, dry, enriched",371.0,13.04,74.67,1.51,3.2
20121,"Pasta, cooked, enriched, without added salt",158.0,5.8,30.86,0.93,1.8
20124,"Pasta, whole-wheat, dry",352.0,13.87,73.37,2.93,9.2
20125,"Pasta, whole-wheat, cooked",149.0,5.99,30.07,1.71,3.9
20126,"Spaghetti, spinach, dry",372.0,13.35,74.81,1.57,10.6
20127,"Spaghetti, spinach, cooked",130.0,4.58,26.15,0.63,
20129,"Wheat flours, bread, unenriched",361.0,11.98,72.53,1.66,2.4
20130,Barley flour or meal,345.0,10.5,74.52,1.6,10.1
20131,Barley malt flour,361.0,10.28,78.3,1.84,7.1
20132,"Oat flour, partially debranned",404.0,14.66,65.7,9.12,6.5
20133,"Rice noodles, dry",364.0,5.95,80.18,0.56,1.6
20134,"Rice noodles, cooked",108.0,1.79,24.01,0.2,1.0
20135,"Pasta, whole grain, 51% whole wheat, remaining unenriched semolina, dry",362.0,13.51,73.1,2.68,10.1
20136,"Pasta, whole grain, 51% whole wheat, remaining unenriched semolina, cooked",159.0,5.82,31.51,1.5,4.6
20137,"Quinoa, cooked",120.0,4.4,21.3,1.92,2.8
20138,"Wheat, KAMUT khorasan, uncooked",337.0,14.54,70.58,2.13,11.1
20139,"Wheat, KAMUT khorasan, cooked",132.0,5.71,27.6,0.83,4.3
20140,"Spelt, uncooked",338.0,14.57,70.19,2.43,10.7
20141,"Spelt, cooked",127.0,5.5,26.44,0.85,3.9
20142,"Teff, uncooked",367.0,13.3,73.13,2.38,8.0
20143,"Teff, cooked",101.0,3.87,19.86,0.65,2.8
20310,"Noodles, egg, cooked, enriched, with added salt",138.0,4.54,25.16,2.07,1.2
20314,"Corn grain, white",365.0,9.42,74.26,4.74,
20315,"Corn flour, whole-grain, blue (harina de maiz morado)",364.0,8.75,73.89,5.09,8.4
20316,"Corn flour, whole-grain, white",361.0,6.93,76.85,3.86,7.3
20317,"Corn flour, yellow, masa, enriched",363.0,8.46,76.59,3.69,6.4
20320,"Cornmeal, whole-grain, white",362.0,8.12,76.89,3.59,7.3
20321,"Pasta, cooked, enriched, with added salt",157.0,5.8,30.59,0.93,1.8
20322,"Cornmeal, degermed, enriched, white",370.0,7.11,79.45,1.75,3.9
20323,"Cornmeal, white, self-rising, bolted, plain, enriched",334.0,8.28,70.28,3.4,6.7
20324,"Cornmeal, white, self-rising, bolted, with wheat flour added, enriched",348.0,8.41,73.43,2.85,6.3
20325,"Cornmeal, white, self-rising, degermed, enriched",355.0,8.41,74.79,1.72,7.1
20330,"Hominy, canned, yellow",72.0,1.48,14.26,0.88,2.5
20345,"Rice, white, long-grain, regular, cooked, enriched, with salt",130.0,2.69,28.17,0.28,0.4
20381,"Wheat flour, white, all-purpose, enriched, calcium-fortified",364.0,10.33,76.31,0.98,2.7
20409,"Noodles, egg, dry, unenriched",384.0,14.16,71.27,4.44,3.3
20410,"Noodles, egg, unenriched, cooked, without added salt",138.0,4.54,25.16,2.07,1.2
20420,"Pasta, dry, unenriched",371.0,13.04,74.67,1.51,3.2
20421,"Pasta, cooked, unenriched, without added salt",158.0,5.8,30.86,0.93,1.8
20422,"Cornmeal, degermed, unenriched, yellow",370.0,7.11,79.45,1.75,3.9
20444,"Rice, white, long-grain, regular, raw, unenriched",365.0,7.13,79.95,0.66,1.3
20445,"Rice, white, long-grain, regular, unenriched, cooked without salt",130.0,2.69,28.17,0.28,0.4
20446,"Rice, white, long-grain, parboiled, unenriched, dry",374.0,7.51,80.89,1.03,1.8
20447,"Rice, white, long-grain, parboiled, unenriched, cooked",123.0,2.91,26.05,0.37,0.9
20450,"Rice, white, medium-grain, raw, unenriched",360.0,6.61,79.34,0.58,
20451,"Rice, white, medium-grain, cooked, unenriched",130.0,2.38,28.59,0.21,
20452,"Rice, white, short-grain, raw, unenriched",358.0,6.5,79.15,0.52,
20453,"Rice, white, short-grain, cooked, unenriched",130.0,2.36,28.73,0.19,
20466,"Semolina, unenriched",360.0,12.68,72.83,1.05,3.9
20481,"Wheat flour, white, all-purpose, unenriched",364.0,10.33,76.31,0.98,2.7
20510,"Noodles, egg, cooked, unenriched, with added salt",138.0,4.54,25.16,2.07,1.2
20521,"Pasta, cooked, unenriched, with added salt",157.0,5.8,30.59,0.93,1.8
20522,"Cornmeal, degermed, unenriched, white",370.0,7.11,79.45,1.75,3.9
20523,"Spaghetti, protein-fortified, cooked, enriched (n x 6.25)",164.0,8.86,30.88,0.21,2.0
20545,"Rice, white, long-grain, regular, cooked, unenriched, with salt",130.0,2.69,28.17,0.28,0.4
20581,"Wheat flour, white, all-purpose, enriched, unbleached",364.0,10.33,76.31,0.98,2.7
20622,"Spaghetti, protein-fortified, dry, enriched (n x 6.25)",374.0,21.78,65.65,2.23,2.4
20623,"Wheat flour, white (industrial), 9% protein, bleached, enriched",367.0,8.89,77.32,1.43,
20624,"Wheat flour, white (industrial), 9% protein, bleached, unenriched",367.0,8.89,77.32,1.43,2.4
20628,"Wheat flour, white (industrial), 10% protein, bleached, enriched",366.0,9.71,76.22,1.48,2.4
20629,"Wheat flour, white (industrial), 10% protein, bleached, unenriched",366.0,9.71,76.22,1.48,2.4
20630,"Wheat flour, white (industrial), 10% protein, unbleached, enriched",366.0,9.71,76.22,1.48,2.4
20634,"Wheat flour, white (industrial), 11.5% protein, bleached, enriched",363.0,11.5,73.81,1.45,2.4
20635,"Wheat flour, white (industrial), 11.5% protein, bleached, unenriched",363.0,11.5,73.81,1.45,2.4
20636,"Wheat flour, white (industrial), 11.5% protein, unbleached, enriched",363.0,11.5,73.81,1.45,2.4
20640,"Wheat flour, white (industrial), 13% protein, bleached, enriched",362.0,13.07,72.2,1.38,2.4
20641,"Wheat flour, white (industrial), 13% protein, bleached, unenriched",362.0,13.07,72.2,1.38,2.4
20645,"Wheat flour, white (industrial), 15% protein, bleached, enriched",362.0,15.33,69.88,1.41,2.4
20646,"Wheat flour, white (industrial), 15% protein, bleached, unenriched",362.0,15.33,69.88,1.41,2.4
20647,Millet flour,382.0,10.75,75.12,4.25,3.5
20648,"Sorghum flour, whole-grain",359.0,8.43,76.64,3.34,6.6
20649,"Wheat flour, whole-grain, soft wheat",332.0,9.61,74.48,1.95,13.1
20650,"Sorghum flour, refined, unenriched",357.0,9.53,76.85,1.24,1.9
20651,"Rice, brown, parboiled, cooked, UNCLE BENS",147.0,3.09,31.33,0.85,1.7
20652,"Pasta, whole grain, 51% whole wheat, remaining enriched semolina, cooked",156.0,5.67,30.87,1.48,4.5
20653,"Pasta, whole grain, 51% whole wheat, remaining enriched semolina, dry",361.0,13.2,73.3,2.55,11.3
20654,"Pasta, gluten-free, brown rice flour, cooked, TINKYADA",138.0,3.46,32.2,1.67,1.7
20655,"Pasta, gluten-free, corn flour and quinoa flour, cooked, ANCIENT HARVEST",152.0,3.23,31.11,2.07,3.3
20656,"Pasta, gluten-free, rice flour and rice bran extract, cooked, DE BOLES",200.0,4.21,40.75,1.7,1.9
20657,"Pasta, gluten-free, corn and rice flour, cooked",179.0,3.2,38.05,1.0,1.4
21002,"Fast foods, biscuit, with egg",274.0,8.53,23.46,16.23,0.6
21003,"Fast foods, biscuit, with egg and bacon",305.0,11.33,19.06,20.73,0.5
21004,"Fast foods, biscuit, with egg and ham",233.0,10.64,16.37,14.08,0.4
21005,"Fast Foods, biscuit, with egg and sausage",312.0,11.13,21.05,20.77,0.2
21006,"Fast foods, biscuit with egg and steak",277.0,12.12,14.37,19.21,
21007,"Fast foods, biscuit, with egg, cheese, and bacon",301.0,12.01,24.44,17.48,0.2
21008,"Fast foods, biscuit, with ham",342.0,11.85,38.75,16.3,0.7
21009,"Fast foods, biscuit, with sausage",371.0,9.67,29.99,24.42,0.4
21010,"Fast foods, biscuit, with crispy chicken fillet",300.0,11.93,30.56,14.93,1.4
21011,"Fast foods, croissant, with egg and cheese",304.0,10.07,22.45,19.45,
21012,"Fast foods, croissant, with egg, cheese, and bacon",312.0,12.58,20.79,19.97,1.0
21013,"Fast foods, croissant, with egg, cheese, and ham",261.0,12.45,18.98,14.95,0.9
21014,"Fast foods, croissant, with egg, cheese, and sausage",308.0,12.09,15.9,21.78,1.8
21018,"Fast foods, egg, scrambled",212.0,13.84,2.08,16.18,0.0
21020,"Fast foods, english muffin, with cheese and sausage",338.0,13.28,25.28,20.67,0.5
21021,"Fast foods, english muffin, with egg, cheese, and canadian bacon",228.0,13.64,21.67,9.66,0.4
21022,"Fast foods, english muffin, with egg, cheese, and sausage",286.0,13.38,17.44,18.1,0.2
21023,"Fast foods, french toast with butter",264.0,7.66,26.7,13.9,
21024,"Fast foods, french toast sticks",340.0,6.0,41.21,17.74,1.4
21026,"Fast foods, potatoes, hash browns, round pieces or patty",272.0,2.58,28.88,17.04,2.7
21028,"Fast foods, vanilla, light, soft-serve ice cream, with cone",163.0,4.24,26.36,4.86,0.1
21032,"Fast foods, sundae, caramel",196.0,4.71,31.81,5.98,0.0
21033,"Fast foods, sundae, hot fudge",180.0,3.57,30.17,5.46,0.0
21034,"Fast foods, sundae, strawberry",175.0,4.09,29.18,5.13,0.0
21059,"Fast foods, shrimp, breaded and fried",308.0,7.84,27.99,18.9,0.7
21060,"Fast foods, burrito, with beans",206.0,6.48,32.92,6.22,
21061,"Fast foods, burrito, with beans and cheese",205.0,7.35,31.23,6.05,4.2
21063,"Fast foods, burrito, with beans and beef",191.0,11.52,19.52,7.47,3.0
21064,"Fast foods, burrito, with beans, cheese, and beef",180.0,7.03,23.37,6.8,3.7
21078,"Fast foods, nachos, with cheese",343.0,4.32,34.91,21.5,3.2
21080,"Fast foods, nachos, with cheese, beans, ground beef, and tomatoes",219.0,6.21,21.39,12.48,3.7
21082,"Fast foods, taco with beef, cheese and lettuce, hard shell",226.0,8.86,19.85,12.7,3.9
21083,"Fast foods, taco salad",141.0,6.68,11.91,7.46,
21089,"Fast foods, cheeseburger; single, regular patty; plain",308.0,16.51,28.03,14.72,2.0
21090,"Fast foods, cheeseburger; single, regular patty, with condiments",270.0,13.49,25.46,12.9,1.9
21091,"Fast foods, cheeseburger; single, regular patty, with condiments and vegetables",254.0,13.06,24.97,11.5,1.4
21092,"Fast foods, cheeseburger; double, regular patty; plain",308.0,17.16,20.8,17.4,0.7
21093,"Fast foods, cheeseburger; double, regular patty, with condiments and vegetables",251.0,12.8,21.2,12.7,
21094,"Fast foods, cheeseburger, double, regular patty and bun, with condiments",282.0,16.24,17.97,16.18,1.0
21095,"Fast foods, cheeseburger; double, regular, patty and bun; with condiments and vegetables",285.0,13.04,23.3,15.47,
21096,"Fast foods, cheeseburger; single, large patty; plain",310.0,17.29,24.07,15.97,1.7
21097,"Fast foods, cheeseburger; single, large patty; with condiments and bacon",282.0,15.78,18.89,15.86,1.3
21098,"Fast foods, cheeseburger; single, large patty; with condiments and vegetables",206.0,11.59,16.81,10.36,1.4
21099,"Fast foods, cheeseburger; single, large patty; with condiments, vegetables and ham",286.0,15.55,13.01,18.97,
21100,"Fast foods, cheeseburger; double, large patty, with condiments and vegetables",273.0,14.72,15.37,16.92,
21101,"Fast foods, cheeseburger; triple, regular patty; plain",310.0,18.2,16.16,19.17,0.5
21102,"Fast foods, chicken fillet sandwich, plain with pickles",250.0,16.28,20.89,11.19,1.4
21105,"Fast foods, fish sandwich, with tartar sauce",257.0,10.29,26.69,12.45,1.0
21106,"Fast foods, fish sandwich, with tartar sauce and cheese",279.0,11.26,26.39,14.64,0.8
21107,"Fast foods, hamburger; single, regular patty; plain",297.0,16.52,31.5,12.01,1.7
21108,"Fast foods, hamburger; single, regular patty; with condiments",263.0,13.3,29.57,10.18,1.8
21109,"Fast foods, hamburger; single, regular patty; with condiments and vegetables",254.0,11.74,24.81,12.25,
21110,"Fast foods, hamburger; double, regular, patty; plain",295.0,17.08,24.1,14.36,0.9
21111,"Fast foods, hamburger; double, regular patty; with condiments",268.0,14.8,18.02,15.1,
21112,"Fast foods, hamburger; single, large patty; plain",311.0,16.51,23.16,16.73,
21113,"Fast foods, hamburger; single, large patty; with condiments and vegetables",235.0,11.85,18.35,12.55,
21114,"Fast foods, hamburger; double, large patty; with condiments and vegetables",239.0,15.17,17.82,11.75,
21115,"Fast foods, hamburger, large, triple patty, with condiments",267.0,19.3,11.04,16.01,
21118,"Fast foods, hotdog, plain",247.0,10.6,18.4,14.84,
21119,"Fast foods, hotdog, with chili",260.0,11.85,27.45,11.79,
21120,"Fast foods, hotdog, with corn flour coating (corndog)",263.0,9.6,31.88,10.8,
21121,"Fast foods, roast beef sandwich, plain",244.0,15.17,22.21,10.3,1.3
21124,"Fast foods, submarine sandwich, cold cut on white bread with lettuce and tomato",213.0,10.52,20.43,10.04,1.2
21125,"Fast foods, submarine sandwich, roast beef on white bread with lettuce and tomato",156.0,12.17,20.34,2.73,0.7
21126,"Fast foods, submarine sandwich, tuna on white bread with lettuce and tomato",218.0,12.33,15.95,12.04,0.7
21127,"Fast foods, coleslaw",153.0,0.95,14.89,9.91,1.9
21129,"Fast foods, hush puppies",296.0,6.16,40.21,13.25,2.9
21130,"Fast foods, onion rings, breaded and fried",411.0,3.86,43.58,25.23,2.7
21138,"Fast foods, potato, french fried in vegetable oil",312.0,3.43,41.44,14.73,3.8
21139,"Fast foods, potato, mashed",89.0,1.65,14.65,2.82,1.3
21140,"Side dishes, potato salad",114.0,1.53,13.53,6.03,
21141,"BURGER KING, Vanilla Shake",168.0,3.19,19.03,8.74,0.0
21142,"Fast food, biscuit",370.0,7.08,42.82,18.92,2.5
21143,"CHICK-FIL-A, Chick-n-Strips",228.0,21.4,10.39,11.2,0.9
21144,"CHICK-FIL-A, hash browns",301.0,3.0,30.51,18.5,3.2
21145,"School Lunch, pizza, BIG DADDY'S LS 16"" 51% Whole Grain Rolled Edge Cheese Pizza, frozen",243.0,13.89,27.1,8.81,2.7
21146,"School Lunch, pizza, BIG DADDY'S LS 16"" 51% Whole Grain Rolled Edge Turkey Pepperoni Pizza, frozen",248.0,13.63,27.35,9.33,4.1
21147,"School Lunch, pizza, TONY'S SMARTPIZZA Whole Grain 4x6 Cheese Pizza 50/50 Cheese, frozen",233.0,12.08,29.27,7.51,3.8
21148,"School Lunch, pizza, TONY'S SMARTPIZZA Whole Grain 4x6 Pepperoni Pizza 50/50 Cheese, frozen",238.0,12.14,28.84,8.19,4.1
21149,"School Lunch, pizza, TONY'S Breakfast Pizza Sausage, frozen",240.0,10.39,26.99,10.04,2.0
21150,"SUBWAY, sweet onion chicken teriyaki sub on white bread with lettuce, tomato and sweet onion sauce",155.0,10.91,22.54,2.37,1.2
21151,"Fast foods, submarine sandwich, sweet onion chicken teriyaki on white bread with lettuce, tomato and sweet onion sauce",155.0,10.91,22.54,2.37,1.2
21152,"SUBWAY, SUBWAY CLUB sub on white bread with lettuce and tomato",146.0,10.66,20.36,2.42,1.4
21153,"Fast foods, submarine sandwich, turkey, roast beef and ham on white bread with lettuce and tomato",146.0,10.66,20.36,2.42,1.4
21154,"Fast foods, submarine sandwich, oven roasted chicken on white bread with lettuce and tomato",157.0,10.84,21.35,3.15,1.2
21155,"Fast foods, submarine sandwich, turkey breast on white bread with lettuce and tomato",147.0,9.12,22.42,2.31,1.3
21156,"Fast foods, submarine sandwich, ham on white bread with lettuce and tomato",151.0,9.12,22.91,2.53,1.3
21157,"SUBWAY, meatball marinara sub on white bread (no toppings)",219.0,9.77,26.01,8.45,2.1
21158,"Fast foods, submarine sandwich, meatball marinara on white bread",219.0,9.77,26.01,8.45,2.1
21159,"SUBWAY, steak & cheese sub on white bread with American cheese, lettuce and tomato",183.0,12.29,21.49,5.34,1.2
21160,"Fast foods, submarine sandwich, steak and cheese on white bread with cheese, lettuce and tomato",183.0,12.29,21.49,5.34,1.2
21161,"SUBWAY, B.L.T. sub on white bread with bacon, lettuce and tomato",205.0,10.06,26.66,6.41,1.6
21162,"Fast foods, submarine sandwich, bacon, lettuce, and tomato on white bread",205.0,10.06,26.66,6.41,1.6
21202,"Fast foods, hamburger, large, single patty, with condiments",256.0,15.68,22.14,11.6,1.1
21207,"SUBWAY, turkey breast sub on white bread with lettuce and tomato",147.0,9.12,22.42,2.31,1.3
21209,"SUBWAY, black forest ham sub on white bread with lettuce and tomato",151.0,9.12,22.91,2.53,1.3
21210,"SUBWAY, roast beef sub on white bread with lettuce and tomato",155.0,12.17,20.34,2.73,0.7
21211,"SUBWAY, oven roasted chicken sub on white bread with lettuce and tomato",157.0,10.84,21.35,3.15,1.2
21213,"SUBWAY, cold cut sub on white bread with lettuce and tomato",214.0,10.52,20.43,10.04,1.2
21214,"SUBWAY, tuna sub on white bread with lettuce and tomato",221.0,12.33,15.95,12.04,0.7
21224,"Pizza, cheese topping, regular crust, frozen, cooked",268.0,10.36,29.02,12.28,2.2
21225,"Pizza, cheese topping, rising crust, frozen, cooked",260.0,12.37,32.91,8.78,2.5
21226,"Pizza, meat and vegetable topping, regular crust, frozen, cooked",276.0,11.28,25.14,14.43,2.2
21227,"Pizza, meat and vegetable topping, rising crust, frozen, cooked",271.0,12.63,28.78,11.75,2.3
21228,"McDONALD'S, Hamburger",264.0,12.92,30.28,10.09,1.3
21229,"Fast foods, chicken, breaded and fried, boneless pieces, plain",307.0,15.92,14.93,20.36,0.9
21230,"Fast Foods, crispy chicken filet sandwich, with lettuce and mayonnaise",276.0,10.94,27.4,13.59,1.4
21232,"McDONALD'S, FILET-O-FISH",282.0,11.26,26.39,14.64,1.4
21233,"McDONALD'S, Cheeseburger",263.0,12.97,27.81,11.79,1.1
21234,"McDONALD'S, QUARTER POUNDER",244.0,14.1,22.17,11.55,1.6
21235,"McDONALD'S, QUARTER POUNDER with Cheese",258.0,14.59,19.95,14.22,1.4
21237,"McDONALD'S, BIG MAC",257.0,11.82,20.08,14.96,1.6
21238,"McDONALD'S, french fries",323.0,3.41,42.58,15.47,3.9
21239,"WENDY'S, CLASSIC SINGLE Hamburger, no cheese",213.0,12.63,16.82,10.6,1.3
21240,"WENDY'S, CLASSIC SINGLE Hamburger, with cheese",221.0,14.87,14.2,11.6,1.4
21241,"WENDY'S, Jr. Hamburger, without cheese",243.0,12.62,28.45,8.75,1.7
21242,"WENDY'S, Jr. Hamburger, with cheese",256.0,13.06,24.97,11.5,1.4
21243,"WENDY'S, CLASSIC DOUBLE, with cheese",241.0,16.52,11.71,14.2,1.1
21244,"WENDY'S, Homestyle Chicken Fillet Sandwich",214.0,13.78,21.55,8.1,1.3
21245,"WENDY'S, Ultimate Chicken Grill Sandwich",179.0,14.73,18.88,5.0,1.1
21246,"WENDY'S, Chicken Nuggets",326.0,16.46,14.31,22.55,
21247,"WENDY'S, french fries",301.0,3.73,39.73,14.1,4.0
21248,"WENDY'S, Frosty Dairy Dessert",132.0,3.49,23.62,2.6,3.3
21249,"BURGER KING, french fries",280.0,3.23,38.7,12.48,2.9
21250,"BURGER KING, Hamburger",261.0,14.85,26.76,10.55,1.0
21251,"BURGER KING, Cheeseburger",286.0,14.57,23.71,14.81,1.0
21252,"BURGER KING, WHOPPER, no cheese",233.0,10.74,18.55,12.84,1.8
21253,"BURGER KING, WHOPPER, with cheese",250.0,11.19,16.7,15.33,1.0
21254,"BURGER KING, DOUBLE WHOPPER, no cheese",252.0,13.94,13.74,15.66,1.4
21255,"BURGER KING, DOUBLE WHOPPER, with cheese",266.0,14.47,13.52,17.06,1.6
21256,"BURGER KING, Chicken Strips",292.0,18.2,20.49,15.25,1.3
21258,"BURGER KING, Premium Fish Sandwich",260.0,10.29,26.69,12.45,0.9
21259,"BURGER KING, Original Chicken Sandwich",286.0,12.14,26.22,14.69,2.4
21260,"TACO BELL, Original Taco with beef, cheese and lettuce",229.0,8.86,19.85,12.7,3.9
21261,"TACO BELL, Soft Taco with beef, cheese and lettuce",206.0,9.25,20.23,9.75,2.9
21262,"TACO BELL, Soft Taco with chicken, cheese and lettuce",189.0,13.3,19.69,6.35,1.2
21263,"TACO BELL, Soft Taco with steak",225.0,11.81,17.22,12.1,1.6
21264,"TACO BELL, Bean Burrito",209.0,7.35,31.23,6.05,4.2
21265,"TACO BELL, BURRITO SUPREME with beef",183.0,7.03,23.37,6.8,3.7
21266,"TACO BELL, BURRITO SUPREME with chicken",179.0,9.84,20.51,6.42,2.4
21267,"TACO BELL, BURRITO SUPREME with steak",183.0,9.13,20.32,7.27,2.4
21268,"TACO BELL, Nachos",350.0,4.32,34.91,21.5,3.2
21269,"TACO BELL, Nachos Supreme",223.0,6.21,21.39,12.48,3.7
21270,"TACO BELL, Taco Salad",170.0,6.69,15.1,9.17,3.0
21271,"PIZZA HUT 12"" Cheese Pizza, Hand-Tossed Crust",271.0,11.93,31.22,10.89,1.8
21272,"PIZZA HUT 12"" Cheese Pizza, Pan Crust",280.0,11.73,29.93,12.56,1.7
21273,"PIZZA HUT 12"" Cheese Pizza, THIN 'N CRISPY Crust",303.0,15.29,28.64,14.1,1.6
21274,"PIZZA HUT 12"" Pepperoni Pizza, Hand-Tossed Crust",280.0,12.86,31.55,11.38,1.7
21275,"PIZZA HUT 12"" Pepperoni Pizza, Pan Crust",298.0,11.97,30.49,14.21,1.8
21276,"PIZZA HUT 12"" Super Supreme Pizza, Hand-Tossed Crust",243.0,10.9,25.62,10.72,2.0
21277,"DOMINO'S 14"" Cheese Pizza, Classic Hand-Tossed Crust",257.0,10.8,33.24,8.97,2.2
21278,"DOMINO'S 14"" Cheese Pizza, Ultimate Deep Dish Crust",265.0,10.76,33.48,9.83,2.4
21279,"DOMINO'S 14"" Cheese Pizza, Crunchy Thin Crust",298.0,12.33,28.18,15.1,2.5
21280,"DOMINO'S 14"" Pepperoni Pizza, Classic Hand-Tossed Crust",273.0,11.25,31.86,11.18,2.1
21281,"DOMINO'S 14"" Pepperoni Pizza, Ultimate Deep Dish Crust",283.0,11.52,31.89,12.1,2.4
21282,"DOMINO'S 14"" EXTRAVAGANZZA FEAST Pizza, Classic Hand-Tossed Crust",244.0,10.33,25.72,11.1,2.0
21283,"PAPA JOHN'S 14"" Cheese Pizza, Original Crust",260.0,11.53,32.74,9.25,1.9
21284,"PAPA JOHN'S 14"" Pepperoni Pizza, Original Crust",275.0,11.97,30.04,11.86,1.2
21285,"PAPA JOHN'S 14"" The Works Pizza, Original Crust",240.0,10.27,26.69,10.21,2.5
21286,"PAPA JOHN'S 14"" Cheese Pizza, Thin Crust",295.0,12.29,26.26,15.66,2.3
21287,"LITTLE CAESARS 14"" Original Round Cheese Pizza, Regular Crust",265.0,13.39,31.5,9.54,1.7
21288,"LITTLE CAESARS 14"" Original Round Pepperoni Pizza, Regular Crust",273.0,13.59,31.01,10.5,1.7
21289,"LITTLE CAESARS 14"" Original Round Meat and Vegetable Pizza, Regular Crust",243.0,12.12,23.1,11.35,2.1
21290,"LITTLE CAESARS 14"" Cheese Pizza, Large Deep Dish Crust",263.0,12.63,30.1,10.22,1.3
21291,"LITTLE CAESARS 14"" Pepperoni Pizza, Large Deep Dish Crust",265.0,12.93,29.03,10.81,1.5
21292,"LITTLE CAESARS 14"" Cheese Pizza, Thin Crust",309.0,16.23,22.85,16.99,1.6
21293,"PIZZA HUT 14"" Cheese Pizza, Hand-Tossed Crust",275.0,11.98,33.42,10.42,2.4
21294,"PIZZA HUT 14"" Cheese Pizza, Pan Crust",276.0,10.85,32.85,11.25,2.1
21295,"PIZZA HUT 14"" Cheese Pizza, THIN 'N CRISPY Crust",306.0,13.37,34.22,12.8,2.4
21296,"PIZZA HUT 14"" Pepperoni Pizza, Hand-Tossed Crust",291.0,12.23,32.11,12.63,2.6
21297,"PIZZA HUT 14"" Pepperoni Pizza, Pan Crust",291.0,11.47,31.79,13.07,2.0
21298,"PIZZA HUT 14"" Super Supreme Pizza, Hand-Tossed Crust",248.0,11.34,26.01,10.95,2.3
21299,"Fast Food, Pizza Chain, 14"" pizza, cheese topping, regular crust",266.0,11.39,33.33,9.69,2.3
21300,"Fast Food, Pizza Chain, 14"" pizza, cheese topping, thick crust",271.0,10.81,33.17,10.54,2.2
21301,"Fast Food, Pizza Chain, 14"" pizza, cheese topping, thin crust",302.0,12.85,31.2,13.95,2.5
21302,"Fast Food, Pizza Chain, 14"" pizza, pepperoni topping, regular crust",282.0,11.74,31.98,11.91,2.3
21303,"Fast Food, Pizza Chain, 14"" pizza, pepperoni topping, thick crust",287.0,11.49,31.84,12.58,2.2
21304,"Fast Food, Pizza Chain, 14"" pizza, meat and vegetable topping, regular crust",244.0,11.02,25.38,10.9,2.2
21305,"Fast foods, griddle cake sandwich, egg, cheese, and sausage",291.0,10.77,22.04,17.73,0.6
21306,"Fast foods, griddle cake sandwich, sausage",318.0,8.41,31.25,17.76,1.0
21307,"Fast foods, griddle cake sandwich, egg, cheese, and bacon",272.0,12.03,26.19,13.19,0.8
21309,"McDONALD'S, Chicken McNUGGETS",302.0,15.79,15.09,19.81,
21310,"McDONALD'S, Barbeque Sauce",165.0,1.55,36.93,1.22,1.3
21311,"McDONALD'S, Creamy Ranch Sauce",468.0,1.11,3.49,52.03,0.0
21313,"McDONALD'S, Hot Mustard Sauce",190.0,2.6,29.08,7.31,5.0
21314,"McDONALD'S, Spicy Buffalo Sauce",142.0,0.54,1.81,15.45,1.5
21315,"McDONALD'S, Sweet 'N Sour Sauce",170.0,0.66,39.38,1.09,0.0
21316,"McDONALD'S, Tangy Honey Mustard Sauce",167.0,1.32,28.81,5.77,2.7
21319,"McDONALD'S, Hash Brown",271.0,2.48,28.56,16.3,2.8
21321,"McDONALD'S, Hotcakes (plain)",228.0,6.0,38.27,5.84,1.4
21324,"McDONALD'S, Baked Apple Pie",323.0,3.07,43.62,15.66,2.0
21327,"McDONALD'S, Bacon, Egg & Cheese McGRIDDLES",272.0,12.03,26.19,13.19,0.8
21328,"McDONALD'S, Sausage McGRIDDLES",312.0,8.41,31.25,17.76,1.0
21329,"McDONALD'S, Sausage, Egg & Cheese McGRIDDLES",283.0,10.77,22.04,17.73,0.6
21333,"McDONALD'S, Vanilla Reduced Fat Ice Cream Cone",162.0,4.24,26.36,4.86,0.1
21334,"McDONALD'S, Strawberry Sundae",158.0,3.19,28.09,3.95,0.0
21335,"McDONALD'S, Hot Caramel Sundae",188.0,3.58,33.36,4.89,0.0
21336,"McDONALD'S, Hot Fudge Sundae",186.0,4.14,30.05,5.91,0.4
21337,"McDONALD'S, Peanuts (for Sundaes)",640.0,28.04,16.23,52.91,
21338,"McDONALD'S, McFLURRY with M&M'S CANDIES",177.0,4.02,26.82,6.46,0.2
21339,"McDONALD'S, McFLURRY with OREO cookies",165.0,3.97,25.55,5.66,0.1
21340,"McDONALD'S, Sausage Burrito",277.0,11.1,22.97,15.63,1.2
21341,"McDONALD'S, BIG BREAKFAST",285.0,10.16,17.5,19.37,1.1
21343,"McDONALD'S, Low Fat Caramel Sauce",313.0,1.89,71.53,3.25,
21344,"McDONALD'S, Double Cheeseburger",282.0,15.5,18.79,16.09,0.8
21345,"McDONALD'S, DOUBLE QUARTER POUNDER with Cheese",262.0,16.96,14.43,16.22,1.0
21346,"McDONALD'S, NEWMAN'S OWN Cobb Dressing",196.0,1.69,15.49,14.45,0.3
21347,"McDONALD'S, NEWMAN'S OWN Creamy Caesar Dressing",319.0,3.56,6.85,31.5,0.1
21348,"McDONALD'S, NEWMAN'S OWN Low Fat Balsamic Vinaigrette",86.0,0.19,24.65,5.94,0.4
21349,"McDONALD'S, NEWMAN'S OWN Ranch Dressing",313.0,2.62,16.75,26.57,0.3
21350,"McDONALD'S, BIG MAC (without Big Mac Sauce)",234.0,12.79,21.01,11.57,1.7
21355,"McDONALD'S, McCHICKEN Sandwich",273.0,10.43,27.97,13.21,1.3
21356,"McDONALD'S, McCHICKEN Sandwich (without mayonnaise)",240.0,11.08,30.95,8.46,1.4
21357,"McDONALD'S, Egg McMUFFIN",228.0,13.64,21.67,9.66,1.1
21358,"McDONALD'S, Sausage McMUFFIN",333.0,12.66,24.52,21.06,1.4
21359,"McDONALD'S, Sausage McMUFFIN with Egg",274.0,12.59,17.28,17.83,0.9
21360,"McDONALD'S, Bacon Egg & Cheese Biscuit",304.0,13.45,22.26,18.77,0.9
21361,"McDONALD'S, Sausage Biscuit",376.0,9.62,27.2,25.4,1.2
21362,"McDONALD'S, Sausage Biscuit with Egg",311.0,11.27,19.28,22.26,0.8
21363,"McDONALD'S, Deluxe Breakfast, with syrup and margarine",285.0,7.56,29.48,15.23,1.0
21364,"McDONALD'S, Hotcakes and Sausage",294.0,7.81,37.55,12.5,1.6
21365,"McDONALD'S, Hotcakes (with 2 pats margarine & syrup)",272.0,4.05,46.08,8.06,0.9
21376,"McDONALD'S, Bacon Ranch Salad with Grilled Chicken",81.0,10.28,3.64,3.14,1.0
21377,McDONALD'S Bacon Ranch Salad with Crispy Chicken,122.0,8.82,6.08,6.3,1.0
21378,"McDONALD'S, Bacon Ranch Salad without chicken",61.0,4.14,4.2,3.64,1.5
21379,"McDONALD'S, Side Salad",20.0,1.03,4.3,0.19,1.6
21380,"McDONALD'S, Fruit 'n Yogurt Parfait",105.0,2.73,20.72,1.3,1.0
21381,"McDONALD'S, Fruit 'n Yogurt Parfait (without granola)",90.0,2.47,17.67,1.13,0.9
21382,"McDONALD'S, FILET-O-FISH (without tartar sauce)",243.0,12.47,31.08,7.62,1.0
21383,"BURGER KING, CROISSAN'WICH with Sausage, Egg and Cheese",308.0,12.09,15.9,21.78,1.8
21384,"BURGER KING, CROISSAN'WICH with Sausage and Cheese",376.0,13.73,23.0,25.45,0.7
21385,"BURGER KING, CROISSAN'WICH with Egg and Cheese",283.0,10.35,24.79,15.78,0.7
21386,"BURGER KING, french toast sticks",349.0,6.0,41.21,17.74,1.4
21387,"BURGER KING, Hash Brown Rounds",302.0,2.8,29.37,19.3,2.3
21388,"Fast foods, miniature cinnamon rolls",403.0,7.02,53.38,17.95,2.2
21389,"Fast foods, hamburger; double, large patty; with condiments, vegetables and mayonnaise",252.0,13.94,13.74,15.66,1.4
21390,"Fast foods, hamburger; single, large patty; with condiments, vegetables and mayonnaise",226.0,11.34,17.33,12.37,1.5
21393,"Fast foods, hamburger; single, regular patty; double decker bun with condiments and special sauce",259.0,12.17,22.69,13.3,1.4
21395,"Fast foods, cheeseburger; double, regular patty; with condiments",282.0,16.24,17.97,16.18,0.9
21396,"Fast foods, cheeseburger; double, large patty; with condiments",272.0,16.96,14.43,16.22,1.0
21397,"Fast foods, cheeseburger; single, large patty; with condiments, vegetables and mayonnaise",268.0,13.69,17.73,15.8,1.1
21398,"Fast foods, cheeseburger; single, large patty; with condiments",269.0,15.21,19.72,14.4,1.2
21399,"Fast Foods, cheeseburger; double, large patty; with condiments, vegetables and mayonnaise",253.0,15.5,12.62,15.63,1.3
21400,"Fast foods, cheeseburger; double, regular patty; double decker bun with condiments and special sauce",261.0,11.94,21.53,14.1,1.4
21401,"Fast foods, chicken tenders",271.0,19.22,17.25,13.95,1.2
21402,"McDONALD'S, Premium Grilled Chicken Classic Sandwich",183.0,14.16,22.28,4.29,1.4
21403,"McDONALD'S, Premium Crispy Chicken Classic Sandwich",228.0,12.08,25.46,8.68,1.4
21404,"McDONALD'S, Premium Grilled Chicken Club Sandwich",221.0,17.19,19.87,8.05,1.2
21405,"McDONALD'S, Premium Crispy Chicken Club Sandwich",250.0,15.38,22.61,11.76,1.2
21406,"McDONALD'S, Premium Grilled Chicken Ranch BLT Sandwich",204.0,16.7,21.91,5.41,1.4
21407,"McDONALD'S, Premium Crispy Chicken Ranch BLT Sandwich",244.0,14.7,24.93,9.55,1.4
21410,"Fast foods, bagel, with egg, sausage patty, cheese, and condiments",295.0,12.98,22.64,16.97,0.2
21411,"Fast foods, bagel, with breakfast steak, egg, cheese, and condiments",282.0,15.95,22.99,14.07,0.2
21412,"Light Ice Cream, soft serve, blended with milk chocolate candies",182.0,4.02,26.82,6.46,0.2
21413,"Light Ice Cream, soft serve, blended with cookie pieces",169.0,3.97,25.55,5.66,0.1
21415,"POPEYES, biscuit",401.0,6.0,40.95,23.71,3.8
21416,"POPEYES, Coleslaw",161.0,0.98,14.12,11.18,1.7
21417,"POPEYES, Mild Chicken Strips, analyzed 2006",271.0,19.2,19.31,13.01,0.8
21418,"POPEYES, Spicy Chicken Strips, analyzed 2006",253.0,19.61,18.52,11.2,1.2
21419,"KFC, biscuit",358.0,7.5,43.55,17.05,2.0
21420,"KFC, Coleslaw",144.0,0.91,15.65,8.64,2.0
21421,"KFC, Crispy Chicken Strips",274.0,20.25,13.66,15.42,1.4
21422,"KFC, Popcorn Chicken",351.0,17.67,21.18,21.74,1.0
21424,"KFC, Fried Chicken, ORIGINAL RECIPE, Skin and Breading",384.0,14.17,18.79,28.01,0.0
21425,"KFC, Fried Chicken, ORIGINAL RECIPE, Breast, meat only, skin and breading removed",149.0,26.89,0.0,4.56,
21426,"KFC, Fried Chicken, ORIGINAL RECIPE, Drumstick, meat only, skin and breading removed",175.0,26.3,0.11,7.66,
21427,"KFC, Fried Chicken, ORIGINAL RECIPE, Thigh, meat only, skin and breading removed",175.0,22.78,0.01,9.31,
21428,"KFC, Fried Chicken, ORIGINAL RECIPE, Wing, meat only, skin and breading removed",216.0,28.65,1.76,10.49,
21429,"KFC, Fried Chicken, EXTRA CRISPY, Skin and Breading",464.0,10.96,22.54,36.61,1.5
21430,"KFC, Fried Chicken, EXTRA CRISPY, Breast, meat only, skin and breading removed",153.0,27.25,0.25,4.82,
21431,"KFC, Fried Chicken, EXTRA CRISPY, Drumstick, meat only, skin and breading removed",170.0,25.9,0.0,7.43,
21432,"KFC, Fried Chicken, EXTRA CRISPY, Thigh, meat only, skin and breading removed",179.0,22.41,0.0,9.96,
21433,"KFC, Fried Chicken, EXTRA CRISPY, Wing, meat only, skin and breading removed",236.0,28.67,2.97,12.13,
21434,"KFC, Fried Chicken, ORIGINAL RECIPE, Breast, meat and skin with breading",231.0,21.94,6.28,13.11,
21435,"KFC, Fried Chicken, ORIGINAL RECIPE, Drumstick, meat and skin with breading",239.0,22.3,5.39,14.22,
21436,"KFC, Fried Chicken, ORIGINAL RECIPE, Thigh, meat and skin with breading",269.0,18.9,8.46,17.73,0.0
21437,"KFC, Fried Chicken, ORIGINAL RECIPE, Wing, meat and skin with breading",297.0,21.7,9.93,18.9,0.0
21438,"KFC, Fried Chicken, EXTRA CRISPY, Breast, meat and skin with breading",268.0,21.24,8.47,16.55,
21439,"KFC, Fried Chicken, EXTRA CRISPY, Drumstick, meat and skin with breading",274.0,20.62,7.96,17.73,
21440,"KFC, Fried Chicken, EXTRA CRISPY, Thigh, meat and skin with breading",309.0,17.17,10.3,22.14,
21441,"KFC, Fried Chicken, EXTRA CRISPY, Wing, meat and skin with breading",337.0,20.8,11.66,23.0,
21442,"POPEYES, Fried Chicken, Mild, Breast, meat only, skin and breading removed",157.0,28.98,0.0,4.52,
21443,"POPEYES, Fried Chicken, Mild, Drumstick, meat only, skin and breading removed",170.0,26.51,0.04,7.14,
21444,"POPEYES, Fried Chicken, Mild, Skin and Breading",433.0,13.96,21.54,32.32,1.0
21445,"POPEYES, Fried Chicken, Mild, Thigh, meat only, skin and breading removed",188.0,24.31,0.85,9.66,
21446,"POPEYES, Fried Chicken, Mild, Wing, meat only, skin and breading removed",212.0,28.94,2.9,9.42,
21456,"POPEYES, Fried Chicken, Mild, Breast, meat and skin with breading",274.0,21.67,9.83,16.47,0.4
21457,"POPEYES, Fried Chicken, Mild, Drumstick, meat and skin with breading",293.0,20.44,9.84,19.14,
21458,"POPEYES, Fried Chicken, Mild, Thigh, meat and skin with breading",310.0,19.14,11.2,20.99,0.5
21459,"POPEYES, Fried Chicken, Mild, Wing, meat and skin with breading",338.0,20.4,13.52,22.48,0.6
21461,"Fast foods, grilled chicken, bacon and tomato club sandwich, with cheese, lettuce, and mayonnaise",220.0,17.19,19.87,8.05,1.2
21462,"Fast foods, crispy chicken, bacon, and tomato club sandwich, with cheese, lettuce, and mayonnaise",257.0,15.38,22.61,11.76,1.2
21463,"Yogurt parfait, lowfat, with fruit and granola",84.0,3.36,15.86,1.01,1.1
21464,"Fast Foods, Fried Chicken, Breast, meat only, skin and breading removed",153.0,27.93,0.0,4.54,0.0
21465,"Fast Foods, Fried Chicken, Drumstick, meat only, skin and breading removed",172.0,26.24,0.0,7.41,0.0
21466,"Fast Foods, Fried Chicken, Thigh, meat only, skin and breading removed",178.0,23.21,0.24,9.41,0.0
21467,"Fast Foods, Fried Chicken, Wing, meat only, skin and breading removed",215.0,28.77,2.13,10.2,0.0
21468,"Fast Foods, Fried Chicken, Skin and breading from all pieces",398.0,14.11,19.56,29.22,0.3
21469,"Fast Foods, Fried Chicken, Breast, meat and skin and breading",230.0,23.51,6.03,12.44,0.1
21470,"Fast Foods, Fried Chicken, Drumstick, meat and skin with breading",267.0,21.13,7.59,16.92,0.5
21471,"Fast Foods, Fried Chicken, Thigh, meat and skin and breading",274.0,19.23,8.68,18.07,0.1
21472,"Fast Foods, Fried Chicken, Wing, meat and skin and breading",310.0,21.14,11.19,20.09,0.1
21473,"DIGIORNO Pizza, cheese topping, cheese stuffed crust, frozen, baked",279.0,13.48,29.86,11.68,1.9
21474,"DIGIORNO Pizza, cheese topping, rising crust, frozen, baked",256.0,12.8,31.78,8.6,2.4
21475,"DIGIORNO Pizza, cheese topping, thin crispy crust, frozen, baked",247.0,12.96,26.47,9.91,3.0
21476,"DIGIORNO Pizza, pepperoni topping, cheese stuffed crust, frozen, baked",279.0,13.92,29.46,11.71,2.1
21477,"DIGIORNO Pizza, pepperoni topping, rising crust, frozen, baked",265.0,12.46,31.15,10.11,2.3
21478,"DIGIORNO Pizza, pepperoni topping, thin crispy crust, frozen, baked",283.0,13.22,28.67,12.86,2.8
21479,"DIGIORNO Pizza, supreme topping, rising crust, frozen, baked",255.0,11.74,27.93,10.68,2.3
21480,"DIGIORNO Pizza, supreme topping, thin crispy crust, frozen, baked",255.0,11.41,28.05,10.8,2.8
21482,"Fast Food, Pizza Chain, 14"" pizza, sausage topping, thick crust",282.0,11.06,30.36,12.94,2.3
21483,"Fast Food, Pizza Chain, 14"" pizza, sausage topping, thin crust",321.0,13.36,27.0,17.71,2.5
21484,"Fast Food, Pizza Chain, 14"" pizza, sausage topping, regular crust",280.0,11.5,30.62,12.35,2.3
21485,"Fast Food, Pizza Chain, 14"" pizza, pepperoni topping, thin crust",331.0,14.01,29.0,17.61,2.3
21486,"Fast foods, taco with beef, cheese and lettuce, soft",206.0,9.25,20.23,9.75,2.9
21487,"Fast foods, taco with chicken, lettuce and cheese, soft",189.0,13.3,19.69,6.35,1.2
21488,"Fast foods, quesadilla, with chicken",294.0,15.05,24.04,15.25,1.7
21490,"Fast Foods, grilled chicken filet sandwich, with lettuce, tomato and spread",182.0,17.34,16.78,4.57,0.9
21491,"PIZZA HUT 14"" Pepperoni Pizza, THIN 'N CRISPY Crust",333.0,14.13,32.66,16.17,2.1
21492,"DOMINO'S 14"" Pepperoni Pizza, Crunchy Thin Crust",328.0,13.88,25.35,19.05,2.6
21493,"DOMINO'S 14"" Sausage Pizza, Crunchy Thin Crust",319.0,12.77,25.3,18.52,2.6
21494,"DOMINO'S 14"" Sausage Pizza, Classic Hand-Tossed Crust",273.0,11.08,31.84,11.2,2.4
21495,"DOMINO'S 14"" Sausage Pizza, Ultimate Deep Dish Crust",277.0,11.03,31.17,12.03,2.6
21496,"PIZZA HUT 14"" Sausage Pizza, THIN 'N CRISPY Crust",323.0,13.95,28.7,16.9,2.4
21497,"PIZZA HUT 14"" Sausage Pizza, Hand-Tossed Crust",287.0,11.92,29.39,13.5,2.3
21498,"PIZZA HUT 14"" Sausage Pizza, Pan Crust",287.0,11.08,29.56,13.85,2.0
21499,"KASHI Pizza, Roasted Vegetable, frozen, unprepared",224.0,12.5,24.5,8.4,3.7
21500,"KASHI Pizza, Mushroom Trio & Spinach, frozen, unprepared",222.0,12.7,24.6,8.3,3.9
21501,"KASHI Pizza, Margherita, frozen, unprepared",230.0,12.8,25.7,8.4,3.8
21503,"KASHI Pizza, Mediterranean, frozen, unprepared",231.0,12.7,31.0,7.5,4.1
21505,"Pizza, cheese topping, thin crust, frozen, cooked",263.0,11.91,28.8,11.07,3.0
21506,"BURGER KING, Double Cheeseburger",282.0,16.83,17.43,16.13,
21507,"WENDY'S, Double Stack, with cheese",285.0,18.53,15.35,16.6,
21508,"WEND'YS, Crispy Chicken Sandwich",278.0,11.72,26.36,13.93,
21509,"BURGER KING, Onion Rings",417.0,3.86,43.58,25.23,2.7
21510,"WENDY'S, DAVE'S Hot 'N Juicy 1/4 LB, single",268.0,13.69,17.73,15.8,1.1
21511,"Fast Food, Pizza Chain, 14"" pizza, cheese topping, stuffed crust",274.0,12.23,30.0,11.63,1.7
21512,"PIZZA HUT 14"" Cheese Pizza, Stuffed Crust",274.0,12.23,30.0,11.63,1.7
21513,"KASHI Pizza, Greek Tzatziki, single serve, frozen, unprepared",203.0,11.1,29.7,6.6,5.9
21514,"KASHI Pizza, Tikka Masala, single serve, frozen, unprepared",191.0,10.2,29.5,5.9,6.0
21515,"MORNINGSTAR FARMS Pizza, Baja Black Bean, single serve, frozen, unprepared",235.0,10.6,36.9,6.9,5.2
21516,"KASHI Pizza, Mushroom and Spinach, single serve, frozen, unprepared",229.0,10.7,36.5,6.0,4.1
21517,"Fast foods, crispy chicken in tortilla, with lettuce, cheese, and ranch sauce",275.0,11.48,23.22,15.1,1.3
21518,"Fast foods, grilled chicken in tortilla, with lettuce, cheese, and ranch sauce",222.0,13.77,18.43,10.31,0.9
21519,"Fast foods, breakfast burrito, with egg, cheese, and sausage",277.0,11.1,22.97,15.63,1.2
21520,"Fast foods, breadstick, soft, prepared with garlic and parmesan cheese",343.0,12.2,44.48,12.88,2.4
21521,"Fast foods, strawberry banana smoothie made with ice and low-fat yogurt",65.0,0.86,15.05,0.14,0.9
21522,"McDONALD'S, Southern Style Chicken Biscuit",304.0,11.93,30.56,14.93,1.4
21523,"McDONALD'S, RANCH SNACK WRAP, Crispy",275.0,11.48,23.22,15.1,1.3
21524,"McDONALD'S, RANCH SNACK WRAP, Grilled",222.0,13.77,18.43,10.31,0.9
21525,"PIZZA HUT, breadstick, parmesan garlic",343.0,12.2,44.48,12.88,2.4
21526,"CHICK-FIL-A, chicken sandwich",249.0,16.28,20.89,11.19,1.4
21527,"ARBY'S, roast beef sandwich, classic",242.0,15.17,22.21,10.3,1.3
21600,"School Lunch, pizza, cheese topping, thin crust, whole grain, frozen, cooked",247.0,12.72,31.31,7.91,4.0
21601,"School Lunch, pizza, cheese topping, thick crust, whole grain, frozen, cooked",254.0,14.62,28.08,9.27,2.9
21602,"School Lunch, pizza, pepperoni topping, thin crust, whole grain, frozen, cooked",254.0,12.78,31.24,8.62,4.3
21603,"School Lunch, pizza, pepperoni topping, thick crust, whole grain, frozen, cooked",259.0,14.35,28.3,9.82,4.3
21604,"School Lunch, pizza, sausage topping, thin crust, whole grain, frozen, cooked",250.0,12.63,32.24,7.83,3.9
21605,"School Lunch, pizza, sausage topping, thick crust, whole grain, frozen, cooked",257.0,13.26,30.58,9.07,4.0
21610,"School Lunch, chicken patty, whole grain breaded",246.0,17.64,12.5,13.93,2.3
21611,"School Lunch, chicken nuggets, whole grain breaded",270.0,15.67,22.86,12.9,2.2
22118,"MORNINGSTAR FARMS Garden Veggie Patties, frozen, unprepared",176.0,17.8,13.7,5.5,4.5
22119,"MORNINGSTAR FARMS Veggie Dog, frozen, unprepared",126.0,17.4,11.2,1.3,2.3
22120,"MORNINGSTAR FARMS Grillers Burger Style Recipe Crumbles, frozen, unprepared",135.0,18.5,8.3,4.3,5.6
22121,"MORNINGSTAR FARMS Grillers Vegan, frozen, unprepared",132.0,16.3,9.1,3.4,5.2
22122,"MORNINGSTAR FARMS Breakfast Sausage Patties, frozen, unprepared",210.0,25.8,8.8,7.9,4.1
22123,"MORNINGSTAR FARMS Spicy Black Bean Burger, frozen, unprepared",168.0,14.6,19.1,6.1,6.0
22126,"LOMA LINDA Big Franks, canned, unprepared",218.0,21.5,5.8,12.1,3.5
22247,"Macaroni and Cheese, canned entree",82.0,3.38,11.52,2.46,0.5
22401,"Spaghetti with meat sauce, frozen entree",90.0,5.05,15.24,1.01,1.8
22402,"Beef macaroni with tomato sauce, frozen entree, reduced fat",113.0,5.89,17.99,1.96,1.4
22522,"Pasta with Sliced Franks in Tomato Sauce, canned entree",90.0,4.37,12.7,2.38,1.6
22528,"Turkey Pot Pie, frozen entree",176.0,6.5,17.7,8.8,1.1
22529,"Beef Pot Pie, frozen entree, prepared",220.0,7.25,22.05,11.39,0.8
22535,"HOT POCKETS, CROISSANT POCKETS Chicken, Broccoli, and Cheddar Stuffed Sandwich, frozen",235.0,8.9,30.4,8.6,1.1
22537,"HOT POCKETS Ham 'N Cheese Stuffed Sandwich, frozen",241.0,9.16,30.55,9.14,1.5
22899,"Ravioli, cheese-filled, canned",77.0,2.48,13.64,1.45,1.3
22900,"Ravioli, meat-filled, with tomato sauce or meat sauce, canned",97.0,3.24,13.26,3.41,1.5
22901,"Tortellini, pasta with cheese filling, fresh-refrigerated, as purchased",307.0,13.5,47.0,7.23,1.9
22902,"Pizza, meat topping, thick crust, frozen, cooked",274.0,11.76,30.76,11.52,2.3
22903,"Pizza, pepperoni topping, regular crust, frozen, cooked",274.0,14.38,24.69,13.13,2.0
22904,"Chili con carne with beans, canned entree",107.0,5.8,13.1,3.47,3.3
22905,"Beef stew, canned entree",99.0,4.41,7.85,5.53,0.9
22906,"Chicken pot pie, frozen entree, prepared",204.0,5.11,19.21,11.85,1.1
22908,"Beef, corned beef hash, with potato, canned",164.0,8.73,9.27,10.24,1.1
22910,"Lasagna, cheese, frozen, prepared",130.0,6.54,13.84,5.33,1.7
22911,"Chili, no beans, canned entree",118.0,7.53,6.1,7.1,0.5
22912,"Spaghetti, with meatballs in tomato sauce, canned",100.0,4.37,11.45,4.11,2.7
22914,"Pasta with tomato sauce, no meat, canned",70.0,2.22,14.22,0.44,0.9
22915,"Lasagna with meat & sauce, low-fat, frozen entree",101.0,6.81,13.5,2.23,1.3
22916,"Lasagna with meat & sauce, frozen entree",124.0,6.63,14.39,4.42,1.4
22917,"Burrito, beef and bean, frozen",239.0,7.26,30.84,9.61,4.2
22918,"Burrito, bean and cheese, frozen",221.0,7.07,34.01,6.3,3.4
22919,"Macaroni and Cheese, canned, microwavable",134.0,5.98,13.96,5.99,0.4
22928,"Burrito, beef and bean, microwaved",298.0,8.73,38.95,11.94,6.9
22929,"SPAGHETTIOS, Mini Beef Ravioli in Meat Sauce",99.0,4.25,16.6,1.74,1.9
22930,"SPAGHETTIOS, Spaghetti in Tomato & Cheese Sauce",80.0,2.78,15.87,0.6,1.2
22931,"SPAGHETTIOS, SpaghettiOs Original",67.0,2.38,13.89,0.4,1.2
22932,"SPAGHETTIOS, SpaghettiOs  A to Z's",67.0,2.38,13.89,0.4,1.2
22937,"SPAGHETTIOS, SpaghettiOs in Meat Sauce",69.0,3.17,12.3,0.79,1.2
22938,"SPAGHETTIOS, SpaghettiOs plus Calcium",67.0,2.38,13.89,0.4,1.2
22939,"SPAGHETTIOS, SpaghettiOs RavioliOs Beef Ravioli in Meat Sauce",106.0,4.37,15.08,3.17,1.6
22940,"SPAGHETTIOS, SpaghettiOs with Meatballs",95.0,4.37,12.7,2.78,1.6
22941,"SPAGHETTIOS, SpaghettiOs with Sliced Franks",87.0,3.57,12.7,2.38,1.6
22942,"SPAGHETTIOS, SpaghettiOs A to Z's with Meatballs",95.0,4.37,12.7,2.78,1.6
22943,"SUPPER BAKES MEAL KITS, Cheesy Chicken with pasta (chicken not included)",198.0,7.06,31.76,4.71,1.2
22944,"SUPPER BAKES MEAL KITS, Creamy Stroganoff Sauce with pasta",147.0,4.8,24.8,3.2,0.8
22945,"SUPPER BAKES MEAL KITS, Garlic Chicken with pasta (chicken not included)",220.0,9.76,42.93,0.98,2.0
22946,"SUPPER BAKES MEAL KITS, Herb Chicken with rice (chicken not included)",197.0,4.26,42.55,1.06,1.1
22947,"SUPPER BAKES MEAL KITS, Lemon Chicken with herb rice (chicken not included)",210.0,4.26,45.74,1.06,2.1
22948,"SUPPER BAKES MEAL KITS, Savory Pork Chops with herb stuffing (pork chop not included)",181.0,5.91,36.64,1.18,2.4
22949,"SUPPER BAKES MEAL KITS, Southwestern-Style Chicken w/rice (chicken not included)",189.0,4.94,39.51,1.23,2.5
22950,"SUPPER BAKES MEAL KITS, Traditional Roast Chicken with stuffing (chicken not included)",190.0,5.94,34.44,3.56,2.4
22951,"SWANSON, Chicken A La King",71.0,4.7,4.03,4.03,0.7
22952,"SWANSON, Chicken and Dumplings",93.0,4.45,9.72,4.05,0.8
22953,"Egg rolls, pork, refrigerated, heated",222.0,9.94,29.5,7.17,2.1
22954,"Egg rolls, chicken, refrigerated, heated",197.0,10.44,28.54,4.51,2.4
22955,"Egg rolls, vegetable, frozen, prepared",214.0,5.95,31.77,6.97,2.4
22956,"Lasagna, Vegetable, frozen, baked",139.0,6.87,14.18,6.04,1.9
22957,"Turkey, stuffing, mashed potatoes w/gravy, assorted vegetables, frozen, microwaved",128.0,6.97,16.32,3.89,1.3
22958,"Rice bowl with chicken, frozen entree, prepared (includes fried, teriyaki, and sweet and sour varieties)",126.0,5.65,22.46,1.56,0.7
22959,"Macaroni and cheese dinner with dry sauce mix, boxed, uncooked",379.0,13.86,70.12,4.82,3.2
22960,"Macaroni and cheese, dry mix, prepared with 2% milk and 80% stick margarine from dry mix",190.0,4.89,23.93,8.28,1.2
22961,"HOT POCKETS, meatballs & mozzarella stuffed sandwich, frozen",253.0,9.32,30.45,10.47,2.2
22962,"LEAN POCKETS, Ham N Cheddar",230.0,10.28,32.52,6.53,1.7
22963,"Lean Pockets, Meatballs & Mozzarella",240.0,10.49,32.28,7.7,2.0
22965,"SPAGHETTIOS, SpaghettiOs Original, easy open",70.0,2.35,14.55,0.47,1.4
22966,"SPAGHETTIOS, SpaghettiOs  with Meatballs - Easy Open",87.0,4.37,11.65,2.43,1.5
22969,"Chili with beans, microwavable bowls",100.0,5.85,10.88,3.68,2.9
22970,"Macaroni and cheese, frozen entree",149.0,5.6,17.28,6.41,1.1
22971,Potato salad with egg,157.0,1.96,16.18,9.4,1.3
22972,Pulled pork in barbecue sauce,168.0,13.19,18.74,4.42,1.2
22973,"Corn dogs, frozen, prepared",250.0,8.57,26.96,12.02,1.0
22974,"Chicken, nuggets, dark and white meat, precooked, frozen, not reheated",260.0,12.43,16.32,16.14,1.3
22975,"Chicken, nuggets, white meat, precooked, frozen, not reheated",261.0,14.36,16.24,15.42,0.7
22976,"Ravioli, cheese with tomato sauce, frozen, not prepared, includes regular and light entrees",111.0,4.52,17.31,2.61,1.4
22977,"Lasagna with meat sauce, frozen, prepared",135.0,7.28,15.36,4.92,1.7
22978,"Chicken tenders, breaded, frozen, prepared",240.0,14.62,14.86,13.58,1.7
22979,"KASHI Black Bean Mango, frozen, unprepared",115.0,3.0,18.0,3.0,6.0
22980,"KASHI, Chicken and Chipotle BBQ Sauce with Mango, Frozen Entree",108.0,5.3,17.6,2.1,2.2
22981,"KASHI, Chicken Enchilada with Ancho Sauce, Frozen Entree",111.0,4.9,14.9,3.7,2.3
22982,"KASHI, STEAM MEAL, Chicken Fettuccine, Frozen Entree",99.0,6.2,14.0,2.7,2.0
22983,"KASHI, Chicken Florentine, Frozen Entree",106.0,7.9,11.0,3.4,1.8
22984,"KASHI, Chicken Pasta Pomodoro, Frozen Entree",100.0,7.0,13.0,2.3,2.6
22985,"KASHI, Lemongrass Coconut Chicken, Frozen Entree",104.0,6.3,13.4,2.8,3.0
22986,"KASHI Mayan Harvest Bake, frozen, unprepared",121.0,3.0,21.0,3.2,3.0
22987,"KASHI Pesto Pasta Primavera, frozen, unprepared",101.0,3.8,13.0,3.8,2.4
22988,"KASHI, Pilaf, 7 Whole Grain, unprepared",375.0,13.81,71.0,5.4,12.3
22989,"KASHI, Red Curry Chicken, Frozen Entree",110.0,5.9,15.6,3.0,2.3
22990,"KASHI, STEAM MEAL, Roasted Garlic Chicken Farfalle, Frozen Entree",103.0,5.5,14.6,3.2,1.6
22991,"KASHI, STEAM MEAL, Sesame Chicken, Frozen Entree",110.0,6.1,15.7,3.5,2.9
22992,"KASHI, Southwest Style Chicken, Frozen Entree",109.0,5.7,17.4,1.8,2.1
22993,"KASHI Spicy Black Bean Enchilada, frozen, unprepared",103.0,3.0,17.7,2.8,3.1
22994,"KASHI Spinach Artichoke Pasta, frozen, unprepared",103.0,5.0,15.1,3.4,3.0
22995,"KASHI, Sweet and Sour Chicken, Frozen Entree",113.0,6.0,19.0,1.13,2.5
22996,"KASHI Three Cheese Penne, frozen, unprepared",126.0,5.7,16.8,4.0,2.7
22997,"KASHI, Tuscan Veggie Bake, Frozen Entree",90.0,2.0,15.0,3.2,2.9
22998,"Rice and vermicelli mix, chicken flavor, unprepared",358.0,10.64,75.8,1.32,1.2
22999,"Rice and vermicelli mix, chicken flavor, prepared with 80% margarine",136.0,2.65,23.54,3.45,0.7
23000,"Beef, shoulder pot roast or steak, boneless, separable lean and fat, trimmed to 0"" fat, all grades, raw",130.0,21.39,0.0,4.97,0.0
23001,"Beef, short loin, porterhouse steak, separable lean and fat, trimmed to 1/8"" fat, all grades, raw",214.0,20.49,0.0,14.06,0.0
23002,"Beef, short loin, porterhouse steak, separable lean and fat, trimmed to 1/8"" fat, all grades, cooked, grilled",276.0,25.4,0.0,18.57,0.0
23003,"Beef, short loin, porterhouse steak, separable lean and fat, trimmed to 1/8"" fat, select, raw",208.0,20.69,0.0,13.27,0.0
23004,"Beef, short loin, porterhouse steak, separable lean and fat, trimmed to 1/8"" fat, select, cooked, grilled",263.0,26.21,0.0,16.75,0.0
23005,"Beef, short loin, t-bone steak, separable lean and fat, trimmed to 1/8"" fat, all grades, raw",223.0,20.11,0.0,15.18,0.0
23006,"Beef, short loin, t-bone steak, separable lean and fat, trimmed to 1/8"" fat, all grades, cooked, grilled",289.0,24.6,0.0,20.36,0.0
23007,"Beef, short loin, t-bone steak, separable lean and fat, trimmed to 1/8"" fat, select, raw",215.0,20.28,0.0,14.19,0.0
23008,"Beef, short loin, t-bone steak, separable lean and fat, trimmed to 1/8"" fat, select, cooked, grilled",281.0,25.18,0.0,19.22,0.0
23030,"Beef, round, knuckle, tip side, steak, separable lean and fat, trimmed to 0"" fat, choice, raw",133.0,21.41,0.0,4.66,0.0
23031,"Beef, round, knuckle, tip side, steak, separable lean and fat, trimmed to 0"" fat, choice, cooked, grilled",174.0,28.79,0.0,5.71,0.0
23032,"Beef, round, knuckle, tip side, steak, separable lean and fat , trimmed to 0"" fat, select, raw",124.0,21.96,0.0,3.24,0.0
23033,"Beef, round, knuckle, tip side, steak, separable lean and fat, trimmed to 0"" fat, select, cooked, grilled",160.0,29.24,0.0,3.91,0.0
23034,"Beef, chuck, shoulder clod, shoulder tender, medallion, separable lean and fat, trimmed to 0"" fat, choice, raw",145.0,20.51,0.0,6.36,0.0
23035,"Beef, chuck, shoulder clod, shoulder tender, medallion, separable lean and fat, trimmed to 0"" fat, choice, cooked, grilled",181.0,26.07,0.0,7.68,0.0
23036,"Beef, chuck, shoulder clod, shoulder tender, medallion, separable lean and fat, trimmed to 0"" fat, select, raw",142.0,20.93,0.0,5.79,0.0
23037,"Beef, chuck, shoulder clod, shoulder top and center steaks, separable lean and fat, trimmed to 0"" fat, choice, raw",143.0,20.39,0.0,6.12,0.0
23038,"Beef, chuck, shoulder clod, shoulder top and center steaks, separable lean and fat, trimmed to 0"" fat, choice, cooked, grilled",184.0,26.07,0.0,8.11,0.0
23039,"Beef, chuck, shoulder clod, shoulder top and center steaks, separable lean and fat, trimmed to 0"" fat, select, raw",140.0,21.13,0.0,5.51,0.0
23040,"Beef, chuck, shoulder clod, shoulder top and center steaks, separable lean and fat, trimmed to 0"" fat, select, cooked, grilled",176.0,26.66,0.0,6.94,0.0
23041,"Beef, chuck, shoulder clod, top blade, steak, separable lean and fat, trimmed to 0"" fat, choice, raw",182.0,18.75,0.0,11.33,0.0
23042,"Beef, chuck, shoulder clod, top blade, steak, separable lean and fat, trimmed to 0"" fat, choice, cooked, grilled",228.0,24.7,0.0,13.59,0.0
23043,"Beef, chuck, shoulder clod, top blade, steak, separable lean and fat, trimmed to 0"" fat, select, raw",166.0,19.38,0.0,9.22,0.0
23044,"Beef, chuck, shoulder clod, top blade, steak, separable lean and fat, trimmed to 0"" fat, select, cooked, grilled",212.0,25.29,0.0,11.52,0.0
23045,"Beef, round, knuckle, tip center, steak, separable lean and fat, trimmed to 0"" fat, choice, raw",150.0,20.74,0.0,6.85,0.0
23046,"Beef, round, knuckle, tip center, steak, separable lean and fat, trimmed to 0"" fat, choice, cooked, grilled",188.0,26.88,0.0,8.13,0.0
23047,"Beef, round, knuckle, tip center, steak, separable lean and fat, trimmed to 0"" fat, select, raw",137.0,20.98,0.0,5.21,0.0
23048,"Beef, round, knuckle, tip center, steak, separable lean and fat, trimmed to 0"" fat, select, cooked, grilled",162.0,26.61,0.0,5.32,0.0
23049,"Beef, round, outside round, bottom round, steak, separable lean and fat, trimmed to 0"" fat, choice, raw",150.0,21.24,0.0,6.59,0.0
23050,"Beef, round, outside round, bottom round, steak, separable lean and fat, trimmed to 0"" fat, choice, cooked, grilled",191.0,27.22,0.0,8.3,0.0
23051,"Beef, round, outside round, bottom round, steak, separable lean and fat, trimmed to 0"" fat, select, raw",129.0,22.15,0.0,3.83,0.0
23052,"Beef, round, outside round, bottom round, steak, separable lean and fat, trimmed to 0"" fat, select, cooked, grilled",166.0,28.01,0.0,5.17,0.0
23053,"Beef, chuck, shoulder clod, shoulder tender, medallion, separable lean and fat, trimmed to 0"" fat, all grades, raw",144.0,20.54,0.0,6.22,0.0
23054,"Beef, chuck, shoulder clod, shoulder tender, medallion, separable lean and fat, trimmed to 0"" fat, all grades, cooked, grilled",177.0,26.22,0.0,7.2,0.0
23055,"Beef, round, knuckle, tip side, steak, separable lean and fat, trimmed to 0"" fat, all grades, raw",129.0,21.69,0.0,4.0,0.0
23056,"Beef, round, knuckle, tip side, steak, separable lean and fat, trimmed to 0"" fat, all grades, cooked, grilled",168.0,29.08,0.0,4.84,0.0
23057,"Beef, chuck, shoulder clod, shoulder top and center steaks, separable lean and fat, trimmed to 0"" fat, all grades, raw",141.0,20.67,0.0,5.88,0.0
23058,"Beef, chuck, shoulder clod, shoulder top and center steaks, separable lean and fat, trimmed to 0"" fat, all grades, cooked, grilled",182.0,26.3,0.0,7.66,0.0
23059,"Beef, chuck, shoulder clod, top blade, steak, separable lean and fat, trimmed to 0"" fat, all grades, raw",176.0,18.99,0.0,10.52,0.0
23060,"Beef, chuck, shoulder clod, top blade, steak, separable lean and fat, trimmed to 0"" fat, all grades, cooked, grilled",222.0,24.93,0.0,12.79,0.0
23061,"Beef, round, knuckle, tip center, steak, separable lean and fat, trimmed to 0"" fat, all grades, raw",143.0,20.93,0.0,5.89,0.0
23062,"Beef, round, knuckle, tip center, steak, separable lean and fat, trimmed to 0"" fat, all grades, cooked, grilled",177.0,27.12,0.0,6.78,0.0
23063,"Beef, round, outside round, bottom round, steak, separable lean and fat, trimmed to 0"" fat, all grades, raw",142.0,21.59,0.0,5.53,0.0
23064,"Beef, round, outside round, bottom round, steak, separable lean and fat, trimmed to 0"" fat, all grades, cooked, grilled",182.0,27.52,0.0,7.1,0.0
23065,"Beef, chuck, shoulder clod, shoulder tender, medallion, separable lean and fat, trimmed to 0"" fat, select, cooked, grilled",172.0,26.45,0.0,6.43,0.0
23066,"Beef, chuck, short ribs, boneless, separable lean only, trimmed to 0"" fat, choice, raw",175.0,19.38,0.29,10.7,0.0
23067,"Beef, chuck, short ribs, boneless, separable lean only, trimmed to 0"" fat, select, raw",161.0,20.14,0.0,8.99,0.0
23068,"Beef, chuck, short ribs, boneless, separable lean only, trimmed to 0"" fat, all grades, raw",169.0,19.68,0.05,10.02,0.0
23069,"Beef, chuck eye Country-Style ribs, boneless, separable lean only, trimmed to 0"" fat, choice, cooked, braised",234.0,30.95,0.0,12.22,0.0
23070,"Beef, chuck eye Country-Style ribs, boneless, separable lean only, trimmed to 0"" fat, select, cooked, braised",221.0,32.1,0.0,10.24,0.0
23071,"Beef, chuck eye Country-Style ribs, boneless, separable lean only, trimmed to 0"" fat, all grades, cooked, braised",228.0,31.41,0.0,11.43,0.0
23072,"Beef, chuck eye Country-Style ribs, boneless, separable lean only, trimmed to 0"" fat, choice, raw",152.0,20.87,0.0,7.67,0.0
23073,"Beef, chuck eye Country-Style ribs, boneless, separable lean only, trimmed to 0"" fat, select, raw",137.0,21.1,0.0,5.89,0.0
23074,"Beef, chuck eye Country-Style ribs, boneless, separable lean only, trimmed to 0"" fat, all grades, raw",146.0,20.96,0.0,6.95,0.0
23075,"Beef, chuck eye steak, boneless, separable lean only, trimmed to 0"" fat, choice, cooked, grilled",215.0,27.97,0.0,11.47,0.0
23076,"Beef, chuck eye steak, boneless, separable lean only, trimmed to 0"" fat, select, cooked, grilled",199.0,27.88,0.0,9.77,0.0
23077,"Beef, chuck eye steak, boneless, separable lean only, trimmed to 0"" fat, all grades, cooked, grilled",209.0,27.94,0.0,10.79,0.0
23078,"Beef, chuck eye steak, boneless, separable lean only, trimmed to 0"" fat, choice, raw",160.0,21.31,0.0,8.29,0.0
23079,"Beef, chuck eye steak, boneless, separable lean only, trimmed to 0"" fat, select, raw",143.0,21.28,0.0,6.47,0.0
23080,"Beef, chuck eye steak, boneless, separable lean only, trimmed to 0"" fat, all grades, raw",153.0,21.29,0.0,7.56,0.0
23081,"Beef, shoulder pot roast, boneless, separable lean only, trimmed to 0"" fat, choice, cooked, braised",200.0,31.32,0.0,8.3,0.0
23082,"Beef, shoulder pot roast, boneless, separable lean only, trimmed to 0"" fat, select, cooked, braised",190.0,31.71,0.0,7.02,0.0
23083,"Beef, shoulder pot roast, boneless, separable lean only, trimmed to 0"" fat, all grades, cooked, braised",196.0,31.48,0.0,7.78,0.0
23084,"Beef, chuck, mock tender steak, boneless, separable lean only, trimmed to 0"" fat, choice, cooked, braised",197.0,33.55,0.0,6.94,0.0
23085,"Beef, chuck, mock tender steak, boneless, separable lean only, trimmed to 0"" fat, select, cooked, braised",181.0,32.96,0.0,5.44,0.0
23086,"Beef, chuck, mock tender steak, boneless, separable lean only, trimmed to 0"" fat, all grades, cooked, braised",190.0,33.31,0.0,6.34,0.0
23087,"Beef, chuck, mock tender steak, boneless, separable lean only, trimmed to 0"" fat, choice, raw",127.0,21.36,0.0,4.6,0.0
23088,"Beef, chuck, mock tender steak, boneless, separable lean only, trimmed to 0"" fat, select, raw",117.0,21.22,0.0,3.53,0.0
23089,"Beef, chuck, mock tender steak, boneless, separable lean only, trimmed to 0"" fat, all grades, raw",123.0,21.3,0.0,4.17,0.0
23090,"Beef, chuck for stew, separable lean and fat, all grades, cooked, braised",191.0,32.41,0.0,6.82,0.0
23091,"Beef, chuck for stew, separable lean and fat, select, cooked, braised",186.0,32.29,0.0,6.34,0.0
23092,"Beef, chuck for stew, separable lean and fat, choice, cooked, braised",194.0,32.49,0.0,7.14,0.0
23093,"Beef, chuck for stew, separable lean and fat, all grades, raw",128.0,21.75,0.16,4.48,0.0
23094,"Beef, chuck for stew, separable lean and fat, select, raw",124.0,21.9,0.21,3.99,0.0
23095,"Beef, chuck for stew, separable lean and fat, choice, raw",130.0,21.64,0.12,4.81,0.0
23096,"Beef, chuck, under blade steak, boneless, separable lean only, trimmed to 0"" fat, choice, cooked, braised",222.0,30.91,0.0,10.91,0.0
23097,"Beef, chuck, under blade steak, boneless, separable lean only, trimmed to 0"" fat, select, cooked, braised",215.0,32.01,0.0,9.66,0.0
23098,"Beef, chuck, under blade steak, boneless, separable lean only, trimmed to 0"" fat, all grades, cooked, braised",219.0,31.35,0.0,10.41,0.0
23099,"Beef, chuck, under blade pot roast, boneless, separable lean and fat, trimmed to 0"" fat, all grades, cooked, braised",291.0,26.7,0.0,20.49,0.0
23100,"Beef, rib eye steak, boneless, lip-on, separable lean only, trimmed to 1/8"" fat, all grades, cooked, grilled",207.0,27.97,0.0,10.57,0.0
23101,"Beef, rib eye roast, bone-in, lip-on, separable lean only, trimmed to 1/8"" fat, choice, cooked, roasted",240.0,27.18,0.0,14.55,0.0
23102,"Beef, chuck, under blade pot roast or steak, boneless, separable lean and fat, trimmed to 0"" fat, all grades, raw",196.0,19.17,0.0,13.26,0.0
23103,"Beef, chuck, under blade pot roast or steak, boneless, separable lean and fat, trimmed to 0"" fat, choice, raw",202.0,19.15,0.0,13.93,0.0
23104,"Beef, chuck, under blade pot roast or steak, boneless, separable lean and fat, trimmed to 0"" fat, select, raw",187.0,19.2,0.0,12.27,0.0
23105,"Beef, chuck, under blade center steak, boneless, Denver Cut, separable lean and fat, trimmed to 0"" fat, all grades, cooked, grilled",227.0,26.18,0.21,13.54,0.0
23106,"Beef, chuck, under blade center steak, boneless, Denver Cut, separable lean and fat, trimmed to 0"" fat, choice, cooked, grilled",236.0,26.1,0.4,14.41,0.0
23107,"Beef, chuck, under blade center steak, boneless, Denver Cut, separable lean and fat, trimmed to 0"" fat, select, cooked, grilled",215.0,26.3,0.0,12.25,0.0
23108,"Beef, chuck, under blade center steak, boneless, Denver Cut, separable lean and fat, trimmed to 0"" fat, all grades, raw",182.0,18.99,0.36,11.64,0.0
23109,"Beef, chuck, under blade center steak, boneless, Denver Cut, separable lean and fat, trimmed to 0"" fat, choice, raw",189.0,18.85,0.53,12.4,0.0
23110,"Beef, chuck, under blade center steak, boneless, Denver Cut, separable lean and fat, trimmed to 0"" fat, select, raw",172.0,19.2,0.09,10.5,0.0
23111,"Beef, shoulder pot roast or steak, boneless, separable lean and fat, trimmed to 0"" fat, choice, raw",133.0,21.17,0.07,5.33,0.0
23112,"Beef, shoulder pot roast or steak, boneless, separable lean and fat, trimmed to 0"" fat, select, raw",127.0,21.72,0.0,4.44,0.0
23113,"Beef, chuck eye roast, boneless, America's Beef Roast, separable lean and fat, trimmed to 0"" fat, all grades, cooked, roasted",236.0,24.63,0.0,15.29,0.0
23114,"Beef, chuck eye roast, boneless, America's Beef Roast, separable lean and fat, trimmed to 0"" fat, choice, cooked, roasted",241.0,24.47,0.0,15.87,0.0
23115,"Beef, chuck eye roast, boneless, America's Beef Roast, separable lean and fat, trimmed to 0"" fat, select, cooked, roasted",229.0,24.86,0.0,14.41,0.0
23116,"Beef, chuck, under blade steak, boneless, separable lean and fat, trimmed to 0"" fat, all grades, cooked, braised",275.0,28.23,0.0,18.0,0.0
23117,"Beef, chuck, under blade steak, boneless, separable lean and fat, trimmed to 0"" fat, choice, cooked, braised",284.0,27.6,0.0,19.3,0.0
23118,"Beef, chuck, under blade steak, boneless, separable lean and fat, trimmed to 0"" fat, select, cooked, braised",261.0,29.18,0.0,16.05,0.0
23119,"Beef, chuck, mock tender steak, boneless, separable lean and fat, trimmed to 0"" fat, all grades, cooked, braised",220.0,32.07,0.0,10.18,0.0
23120,"Beef, chuck, mock tender steak, boneless, separable lean and fat, trimmed to 0"" fat, choice, cooked, braised",225.0,32.21,0.0,10.74,0.0
23121,"Beef, chuck, mock tender steak, boneless, separable lean and fat, trimmed to 0"" fat, select, cooked, braised",211.0,31.86,0.0,9.34,0.0
23122,"Beef, chuck, mock tender steak, boneless, separable lean and fat, trimmed to 0"" fat, all grades, raw",128.0,21.13,0.0,4.79,0.0
23123,"Beef, chuck, mock tender steak, boneless, separable lean and fat, trimmed to 0"" fat, choice, raw",131.0,21.19,0.0,5.18,0.0
23124,"Beef, chuck, mock tender steak, boneless, separable lean and fat, trimmed to 0"" fat, select, raw",122.0,21.05,0.0,4.2,0.0
23125,"Beef, chuck, short ribs, boneless, separable lean and fat, trimmed to 0"" fat, all grades, cooked, braised",305.0,25.48,0.0,22.58,0.0
23126,"Beef, chuck, short ribs, boneless, separable lean and fat, trimmed to 0"" fat, choice, cooked, braised",317.0,25.26,0.0,24.05,0.0
23127,"Beef, chuck, short ribs, boneless, separable lean and fat, trimmed to 0"" fat, select, cooked, braised",287.0,25.81,0.0,20.38,0.0
23128,"Beef, chuck, short ribs, boneless, separable lean and fat, trimmed to 0"" fat, all grades, raw",235.0,17.48,0.0,18.33,0.0
23129,"Beef, chuck, short ribs, boneless, separable lean and fat, trimmed to 0"" fat, choice, raw",240.0,17.22,0.0,19.03,0.0
23130,"Beef, chuck, short ribs, boneless, separable lean and fat, trimmed to 0"" fat, select, raw",227.0,17.87,0.0,17.28,0.0
23131,"Beef, shoulder pot roast, boneless, separable lean and fat, trimmed to 0"" fat, all grades, cooked, braised",204.0,31.03,0.0,8.92,0.0
23132,"Beef, shoulder pot roast, boneless, separable lean and fat, trimmed to 0"" fat, choice, cooked, braised",207.0,30.93,0.0,9.25,0.0
23133,"Beef, shoulder pot roast, boneless, separable lean and fat, trimmed to 0"" fat, select, cooked, braised",200.0,31.18,0.0,8.41,0.0
23134,"Beef, chuck eye Country-Style ribs, boneless, separable lean and fat, trimmed to 0"" fat, all grades, cooked, braised",296.0,27.69,0.0,20.55,0.0
23135,"Beef, chuck eye Country-Style ribs, boneless, separable lean and fat, trimmed to 0"" fat, choice, cooked, braised",303.0,27.16,0.0,21.56,0.0
23136,"Beef, chuck eye Country-Style ribs, boneless, separable lean and fat, trimmed to 0"" fat, select, cooked, braised",285.0,28.47,0.0,19.03,0.0
23137,"Beef, chuck eye Country-Style ribs, boneless, separable lean and fat, trimmed to 0"" fat, all grades, raw",205.0,18.97,0.0,14.32,0.0
23138,"Beef, chuck eye Country-Style ribs, boneless, separable lean and fat, trimmed to 0"" fat, choice, raw",210.0,18.87,0.0,14.99,0.0
23139,"Beef, chuck eye Country-Style ribs, boneless, separable lean and fat, trimmed to 0"" fat, select, raw",196.0,19.1,0.0,13.33,0.0
23140,"Beef, chuck eye steak, boneless, separable lean and fat, trimmed to 0"" fat, all grades, cooked, grilled",277.0,24.98,0.0,19.64,0.0
23141,"Beef, chuck eye steak, boneless, separable lean and fat, trimmed to 0"" fat, choice, cooked, grilled",283.0,24.95,0.0,20.35,0.0
23142,"Beef, chuck eye steak, boneless, separable lean and fat, trimmed to 0"" fat, select, cooked, grilled",267.0,25.03,0.0,18.57,0.0
23143,"Beef, chuck eye steak, boneless, separable lean and fat, trimmed to 0"" fat, all grades, raw",223.0,18.86,0.0,16.35,0.0
23144,"Beef, chuck eye steak, boneless, separable lean and fat, trimmed to 0"" fat, choice, raw",227.0,18.86,0.0,16.85,0.0
23145,"Beef, chuck eye steak, boneless, separable lean and fat, trimmed to 0"" fat, select, raw",216.0,18.86,0.0,15.6,0.0
23146,"Beef, rib eye roast, bone-in, lip-on, separable lean only, trimmed to 1/8"" fat, all grades, cooked, roasted",231.0,27.12,0.0,13.64,0.0
23147,"Beef, rib eye roast, bone-in, lip-on, separable lean only, trimmed to 1/8"" fat, select, cooked, roasted",219.0,27.03,0.0,12.29,0.0
23148,"Beef, rib eye steak, boneless, lip-on, separable lean only, trimmed to 1/8"" fat, choice, cooked, grilled",217.0,27.3,0.0,11.97,0.0
23149,"Beef, rib eye steak, boneless, lip-on, separable lean only, trimmed to 1/8"" fat, select, cooked, grilled",192.0,28.98,0.0,8.48,0.0
23150,"Beef, rib eye steak/roast, bone-in, lip-on, separable lean only, trimmed to 1/8"" fat, all grades, raw",166.0,21.22,0.0,9.04,0.0
23151,"Beef, rib eye steak/roast, bone-in, lip-on, separable lean only, trimmed to 1/8"" fat, choice, raw",173.0,20.93,0.0,9.97,0.0
23152,"Beef, rib eye steak/roast, bone-in, lip-on, separable lean only, trimmed to 1/8"" fat, select, raw",155.0,21.65,0.0,7.64,0.0
23153,"Beef, rib eye steak/roast, boneless, lip-on, separable lean only, trimmed to 1/8"" fat, all grades, raw",156.0,21.99,0.0,7.54,0.0
23154,"Beef, rib eye steak/roast, boneless, lip-on, separable lean only, trimmed to 1/8"" fat, choice, raw",161.0,21.62,0.0,8.29,0.0
23155,"Beef, rib eye steak/roast, boneless, lip-on, separable lean only, trimmed to 1/8"" fat, select, raw",148.0,22.55,0.0,6.41,0.0
23156,"Beef, rib eye steak, bone-in, lip-on, separable lean only, trimmed to 1/8"" fat, all grades, cooked, grilled",221.0,27.4,0.0,12.43,0.0
23157,"Beef, rib eye steak, bone-in, lip-on, separable lean only, trimmed to 1/8"" fat, choice, cooked, grilled",229.0,27.03,0.0,13.44,0.0
23158,"Beef, rib eye steak, bone-in, lip-on, separable lean only, trimmed to 1/8"" fat, select, cooked, grilled",210.0,27.96,0.0,10.91,0.0
23159,"Beef, rib eye roast, boneless, lip-on, separable lean only, trimmed to 1/8"" fat, all grades, cooked, roasted",218.0,28.21,0.0,11.68,0.0
23160,"Beef, rib eye roast, boneless, lip-on, separable lean only, trimmed to 1/8"" fat, choice, cooked, roasted",229.0,27.87,0.0,13.01,0.0
23161,"Beef, rib eye roast, boneless, lip-on, separable lean only, trimmed to 1/8"" fat, select, cooked, roasted",202.0,28.72,0.0,9.68,0.0
23162,"Beef, plate steak, boneless, inside skirt, separable lean only, trimmed to 0"" fat, all grades, cooked, grilled",234.0,29.99,0.0,12.69,0.0
23163,"Beef, plate steak, boneless, inside skirt, separable lean only, trimmed to 0"" fat, all grades, raw",164.0,21.17,0.0,8.82,0.0
23164,"Beef, plate steak, boneless, inside skirt, separable lean only, trimmed to 0"" fat, choice, cooked, grilled",242.0,29.56,0.0,13.72,0.0
23165,"Beef, plate steak, boneless, inside skirt, separable lean only, trimmed to 0"" fat, choice, raw",171.0,20.89,0.0,9.76,0.0
23166,"Beef, plate steak, boneless, inside skirt, separable lean only, trimmed to 0"" fat, select, cooked, grilled",223.0,30.64,0.0,11.16,0.0
23167,"Beef, plate steak, boneless, inside skirt, separable lean only, trimmed to 0"" fat, select, raw",153.0,21.61,0.0,7.41,0.0
23168,"Beef, plate steak, boneless, outside skirt, separable lean only, trimmed to 0"" fat, all grades, cooked, grilled",282.0,27.68,0.0,19.01,0.0
23169,"Beef, plate steak, boneless, outside skirt, separable lean only, trimmed to 0"" fat, all grades, raw",206.0,18.74,0.19,14.53,0.0
23170,"Beef, plate steak, boneless, outside skirt, separable lean only, trimmed to 0"" fat, choice, cooked, grilled",291.0,27.03,0.0,20.28,0.0
23171,"Beef, plate steak, boneless, outside skirt, separable lean only, trimmed to 0"" fat, choice, raw",212.0,18.47,0.17,15.26,0.0
23172,"Beef, plate steak, boneless, outside skirt, separable lean only, trimmed to 0"" fat, select, cooked, grilled",268.0,28.65,0.0,17.1,0.0
23173,"Beef, plate steak, boneless, outside skirt, separable lean only, trimmed to 0"" fat, select, raw",198.0,19.14,0.23,13.44,0.0
23174,"Beef, rib eye steak, boneless, lip off, separable lean only, trimmed to 0"" fat, all grades, cooked, grilled",206.0,28.11,0.0,10.37,0.0
23175,"Beef, rib eye steak, boneless, lip off, separable lean only, trimmed to 0"" fat, all grades, raw",154.0,21.85,0.0,7.41,0.0
23176,"Beef, rib eye steak, boneless, lip off, separable lean only, trimmed to 0"" fat, choice, cooked, grilled",215.0,27.39,0.0,11.75,0.0
23177,"Beef, rib eye steak, boneless, lip off, separable lean only, trimmed to 0"" fat, choice, raw",162.0,21.44,0.0,8.5,0.0
23178,"Beef, rib eye steak, boneless, lip off, separable lean only, trimmed to 0"" fat, select, cooked, grilled",191.0,29.18,0.0,8.31,0.0
23179,"Beef, rib eye steak, boneless, lip off, separable lean only, trimmed to 0"" fat, select, raw",142.0,22.46,0.0,5.78,0.0
23180,"Beef, rib, back ribs, bone-in, separable lean only, trimmed to 0"" fat, all grades, cooked, braised",299.0,28.36,0.0,20.57,0.0
23181,"Beef, rib, back ribs, bone-in, separable lean only, trimmed to 0"" fat, all grades, raw",239.0,19.11,0.46,17.91,0.0
23182,"Beef, rib, back ribs, bone-in, separable lean only, trimmed to 0"" fat, choice, cooked, braised",306.0,27.75,0.0,21.72,0.0
23183,"Beef, rib, back ribs, bone-in, separable lean only, trimmed to 0"" fat, choice, raw",252.0,18.72,0.64,19.36,0.0
23184,"Beef, rib, back ribs, bone-in, separable lean only, trimmed to 0"" fat, select, cooked, braised",287.0,29.28,0.0,18.84,0.0
23185,"Beef, rib, back ribs, bone-in, separable lean only, trimmed to 0"" fat, select, raw",221.0,19.71,0.2,15.73,0.0
23186,"Beef, rib eye steak, bone-in, lip-on, separable lean and fat, trimmed to 1/8"" fat, choice, cooked, grilled",313.0,22.71,0.0,24.7,0.0
23187,"Beef, rib eye steak, bone-in, lip-on, separable lean and fat, trimmed to 1/8"" fat, select, cooked, grilled",304.0,23.19,0.0,23.47,0.0
23188,"Beef, rib eye steak, bone-in, lip-on, separable lean and fat, trimmed to 1/8"" fat, all grades, cooked, grilled",309.0,22.9,0.0,24.2,0.0
23189,"Beef, rib eye roast, bone-in, lip-on, separable lean and fat, trimmed to 1/8"" fat, choice, cooked, roasted",307.0,23.53,0.0,23.61,0.0
23190,"Beef, rib eye roast, bone-in, lip-on, separable lean and fat, trimmed to 1/8"" fat, select, cooked, roasted",290.0,23.36,0.0,21.85,0.0
23191,"Beef, rib eye roast, bone-in, lip-on, separable lean and fat, trimmed to 1/8"" fat, all grades, cooked, roasted",300.0,23.47,0.0,22.91,0.0
23192,"Beef, rib eye steak/roast, bone-in, lip-on, separable lean and fat, trimmed to 1/8"" fat, all grades, raw",255.0,18.13,0.0,20.31,0.0
23193,"Beef, rib eye steak/roast, bone-in, lip-on, separable lean and fat, trimmed to 1/8"" fat, choice, raw",260.0,17.92,0.0,20.96,0.0
23194,"Beef, rib eye steak/roast, bone-in, lip-on, separable lean and fat, trimmed to 1/8"" fat, select, raw",248.0,18.44,0.0,19.34,0.0
23195,"Beef, rib eye steak, boneless, lip-on, separable lean and fat, trimmed to 1/8"" fat, choice, cooked, grilled",303.0,22.92,0.0,23.52,0.0
23196,"Beef, rib eye steak, boneless, lip-on, separable lean and fat, trimmed to 1/8"" fat, select, cooked, grilled",273.0,24.83,0.0,19.25,0.0
23197,"Beef, rib eye steak, boneless, lip-on, separable lean and fat, trimmed to 1/8"" fat, all grades, cooked, grilled",291.0,23.69,0.0,21.81,0.0
23198,"Beef, rib eye roast, boneless, lip-on, separable lean and fat, trimmed to 1/8"" fat, all grades, cooked, roasted",292.0,24.3,0.0,21.66,0.0
23199,"Beef, rib eye roast, boneless, lip-on, separable lean and fat, trimmed to 1/8"" fat, choice, cooked, roasted",303.0,23.92,0.0,22.98,0.0
23200,"Beef, rib eye roast, boneless, lip-on, separable lean and fat, trimmed to 1/8"" fat, select, cooked, roasted",277.0,24.85,0.0,19.68,0.0
23201,"Beef, rib eye steak/roast, boneless, lip-on, separable lean and fat, trimmed to 1/8"" fat, all grades, raw",244.0,18.85,0.0,18.73,0.0
23202,"Beef, rib eye steak/roast, boneless, lip-on, separable lean and fat, trimmed to 1/8"" fat, choice, raw",253.0,18.39,0.0,19.95,0.0
23213,"Beef, rib eye steak/roast, boneless, lip-on, separable lean and fat, trimmed to 1/8"" fat, select, raw",230.0,19.55,0.0,16.9,0.0
23214,"Beef, plate steak, boneless, inside skirt, separable lean and fat, trimmed to 0"" fat, all grades, cooked, grilled",245.0,29.36,0.0,14.2,0.0
23215,"Beef, plate steak, boneless, inside skirt, separable lean and fat, trimmed to 0"" fat, choice, cooked, grilled",253.0,28.9,0.0,15.3,0.0
23216,"Beef, plate steak, boneless, inside skirt, separable lean and fat, trimmed to 0"" fat, select, cooked, grilled",233.0,30.06,0.0,12.54,0.0
23217,"Beef, plate steak, boneless, inside skirt, separable lean and fat, trimmed to 0"" fat, all grades, raw",187.0,20.38,0.0,11.71,0.0
23218,"Beef, plate steak, boneless, inside skirt, separable lean and fat, trimmed to 0"" fat, choice, raw",195.0,20.06,0.0,12.78,0.0
23219,"Beef, plate steak, boneless, inside skirt, separable lean and fat, trimmed to 0"" fat, select, raw",174.0,20.87,0.0,10.11,0.0
23220,"Beef, ground, unspecified fat content, cooked",240.0,25.07,0.62,14.53,0.0
23221,"Beef, plate steak, boneless, outside skirt, separable lean and fat, trimmed to 0"" fat, all grades, cooked, grilled",292.0,27.06,0.0,20.47,0.0
23222,"Beef, plate steak, boneless, outside skirt, separable lean and fat, trimmed to 0"" fat, choice, cooked, grilled",300.0,26.46,0.0,21.62,0.0
23223,"Beef, plate steak, boneless, outside skirt, separable lean and fat, trimmed to 0"" fat, select, cooked, grilled",281.0,27.95,0.0,18.75,0.0
23224,"Beef, plate steak, boneless, outside skirt, separable lean and fat, trimmed to 0"" fat, all grades, raw",232.0,17.98,0.35,17.59,0.0
23225,"Beef, plate steak, boneless, outside skirt, separable lean and fat, trimmed to 0"" fat, choice, raw",238.0,17.69,0.35,18.44,0.0
23226,"Beef, plate steak, boneless, outside skirt, separable lean and fat, trimmed to 0"" fat, select, raw",222.0,18.43,0.36,16.31,0.0
23227,"Beef, rib eye steak, boneless, lip off, separable lean and fat, trimmed to 0"" fat, all grades, cooked, grilled",271.0,24.85,0.0,19.02,0.0
23228,"Beef, rib eye steak, boneless, lip off, separable lean and fat, trimmed to 0"" fat, choice, cooked, grilled",285.0,23.89,0.0,21.1,0.0
23229,"Beef, rib eye steak, boneless, lip off, separable lean and fat, trimmed to 0"" fat, select, cooked, grilled",248.0,26.29,0.0,15.9,0.0
23230,"Beef, rib eye steak, boneless, lip off, separable lean and fat, trimmed to 0"" fat, all grades, raw",228.0,19.26,0.12,16.71,0.0
23231,"Beef, rib eye steak, boneless, lip off, separable lean and fat, trimmed to 0"" fat, choice, raw",241.0,18.69,0.2,18.43,0.0
23232,"Beef, rib eye steak, boneless, lip off, separable lean and fat, trimmed to 0"" fat, select, raw",208.0,20.12,0.0,14.14,0.0
23233,"Beef, rib, back ribs, bone-in, separable lean and fat, trimmed to 0"" fat, all grades, cooked, braised",360.0,24.23,0.0,29.21,0.0
23234,"Beef, rib, back ribs, bone-in, separable lean and fat, trimmed to 0"" fat, choice, cooked, braised",372.0,23.34,0.0,30.95,0.0
23235,"Beef, rib, back ribs, bone-in, separable lean and fat, trimmed to 0"" fat, select, cooked, braised",341.0,25.56,0.0,26.59,0.0
23236,"Beef, rib, back ribs, bone-in, separable lean and fat, trimmed to 0"" fat, all grades, raw",324.0,16.15,0.78,28.42,0.0
23237,"Beef, rib, back ribs, bone-in, separable lean and fat, trimmed to 0"" fat, choice, raw",336.0,15.75,0.9,29.89,0.0
23238,"Beef, rib, back ribs, bone-in, separable lean and fat, trimmed to 0"" fat, select, raw",305.0,16.75,0.6,26.23,0.0
23239,"Beef, loin, top sirloin petite roast, boneless, separable lean only, trimmed to 0"" fat, choice, cooked, roasted",173.0,28.97,0.0,6.37,0.0
23240,"Beef, loin, top sirloin petite roast/filet, boneless, separable lean only, trimmed to 0"" fat, choice, raw",132.0,23.03,0.0,4.4,0.0
23241,"Beef, loin, top sirloin cap steak, boneless, separable lean only, trimmed to 1/8"" fat, all grades, cooked, grilled",181.0,28.26,0.73,7.23,0.0
23242,"Beef, loin, top sirloin cap steak, boneless, separable lean only, trimmed to 1/8"" fat, choice, cooked, grilled",189.0,28.19,1.07,7.96,0.0
23243,"Beef, loin, top sirloin cap steak, boneless, separable lean only, trimmed to 1/8"" fat, select, cooked, grilled",170.0,28.36,0.22,6.14,0.0
23244,"Beef, loin, top sirloin cap steak, boneless, separable lean only, trimmed to 1/8"" fat, all grades, raw",134.0,21.38,0.0,5.36,0.0
23245,"Beef, loin, top sirloin cap steak, boneless, separable lean only, trimmed to 1/8"" fat, choice, raw",138.0,21.34,0.0,5.82,0.0
23246,"Beef, loin, top sirloin cap steak, boneless, separable lean only, trimmed to 1/8"" fat, select, raw",128.0,21.44,0.0,4.68,0.0
23247,"Beef, top loin filet, boneless, separable lean only, trimmed to 1/8"" fat, all grades, cooked, grilled",195.0,29.33,0.3,8.54,0.0
23248,"Beef, top loin filet, boneless, separable lean only, trimmed to 1/8"" fat, choice, cooked, grilled",203.0,28.99,0.36,9.48,0.0
23249,"Beef, top loin filet, boneless, separable lean only, trimmed to 1/8"" fat, select, cooked, grilled",184.0,29.85,0.2,7.12,0.0
23250,"Beef, top loin petite roast, boneless, separable lean only, trimmed to 1/8"" fat, all grades, cooked, roasted",195.0,28.33,0.82,8.76,0.0
23251,"Beef, top loin petite roast, boneless, separable lean only, trimmed to 1/8"" fat, choice, cooked, roasted",206.0,28.24,0.88,9.97,0.0
23252,"Beef, top loin petite roast, boneless, separable lean only, trimmed to 1/8"" fat, select, cooked, roasted",179.0,28.48,0.74,6.95,0.0
23253,"Beef, top loin petite roast/filet, boneless, separable lean only, trimmed to 1/8"" fat, all grades, raw",143.0,22.61,0.0,5.84,0.0
23254,"Beef, top loin petite roast/filet, boneless, separable lean only, trimmed to 1/8"" fat, choice, raw",149.0,22.5,0.23,6.48,0.0
23255,"Beef, top loin petite roast/filet, boneless, separable lean only, trimmed to 1/8"" fat, select, raw",135.0,22.77,0.0,4.88,0.0
23256,"Beef, loin, top sirloin filet, boneless, separable lean only, trimmed to 0"" fat, all grades, cooked, grilled",171.0,30.58,0.0,5.37,0.0
23257,"Beef, loin, top sirloin filet, boneless, separable lean only, trimmed to 0"" fat, choice, cooked, grilled",174.0,30.45,0.0,5.83,0.0
23258,"Beef, loin, top sirloin filet, boneless, separable lean only, trimmed to 0"" fat, select, cooked, grilled",165.0,30.78,0.0,4.68,0.0
23259,"Beef, loin, top sirloin petite roast, boneless, separable lean only, trimmed to 0"" fat, all grades, cooked, roasted",170.0,29.12,0.0,5.92,0.0
23260,"Beef, loin, top sirloin petite roast, boneless, separable lean only, trimmed to 0"" fat, select, cooked, roasted",165.0,29.35,0.0,5.25,0.0
23261,"Beef, loin, top sirloin petite roast/filet, boneless, separable lean only, trimmed to 0"" fat, all grades, raw",128.0,23.04,0.0,3.98,0.0
23262,"Beef, loin, top sirloin petite roast/filet, boneless, separable lean only, trimmed to 0"" fat, select, raw",122.0,23.05,0.0,3.35,0.0
23263,"Beef, ribeye  petite roast/filet, boneless, separable lean only, trimmed to 0"" fat, all grades, raw",133.0,22.66,0.04,4.66,0.0
23264,"Beef, ribeye  petite roast/filet, boneless, separable lean only, trimmed to 0"" fat, choice, raw",138.0,22.52,0.18,5.29,0.0
23265,"Beef, ribeye  petite roast/filet, boneless, separable lean only, trimmed to 0"" fat, select, raw",125.0,22.89,0.0,3.72,0.0
23266,"Beef, ribeye cap steak, boneless, separable lean only, trimmed to 0"" fat, all grades, cooked, grilled",246.0,24.66,1.53,15.7,0.0
23267,"Beef, ribeye cap steak, boneless, separable lean only, trimmed to 0"" fat, choice, cooked, grilled",259.0,24.24,1.81,17.21,0.0
23268,"Beef, ribeye cap steak, boneless, separable lean only, trimmed to 0"" fat, select, cooked, grilled",226.0,25.28,1.1,13.43,0.0
23269,"Beef, ribeye cap steak, boneless, separable lean only, trimmed to 0"" fat, all grades, raw",180.0,19.7,1.51,10.6,0.0
23270,"Beef, ribeye cap steak, boneless, separable lean only, trimmed to 0"" fat, choice, raw",187.0,19.46,1.75,11.4,0.0
23271,"Beef, ribeye cap steak, boneless, separable lean only, trimmed to 0"" fat, select, raw",169.0,20.05,1.15,9.39,0.0
23272,"Beef, ribeye filet, boneless, separable lean only, trimmed to 0"" fat, all grades, cooked, grilled",199.0,28.77,0.17,9.2,0.0
23273,"Beef, ribeye filet, boneless, separable lean only, trimmed to 0"" fat, choice, cooked, grilled",208.0,28.35,0.51,10.26,0.0
23274,"Beef, ribeye filet, boneless, separable lean only, trimmed to 0"" fat, select, cooked, grilled",186.0,29.39,0.0,7.61,0.0
23275,"Beef, ribeye petite roast, boneless, separable lean only, trimmed to 0"" fat, all grades, cooked, roasted",178.0,28.15,0.0,7.31,0.0
23276,"Beef, ribeye petite roast, boneless, separable lean only, trimmed to 0"" fat, choice, cooked, roasted",188.0,28.0,0.0,8.42,0.0
23277,"Beef, ribeye petite roast, boneless, separable lean only, trimmed to 0"" fat, select, cooked, roasted",164.0,28.37,0.0,5.65,0.0
23278,"Beef, loin, top sirloin cap steak, boneless, separable lean and fat, trimmed to 1/8"" fat, all grades, cooked, grilled",242.0,26.0,0.8,15.0,0.0
23279,"Beef, loin, top sirloin cap steak, boneless, separable lean and fat, trimmed to 1/8"" fat, choice, cooked, grilled",238.0,26.3,1.1,14.3,0.0
23280,"Beef, loin, top sirloin cap steak, boneless, separable lean and fat, trimmed to 1/8"" fat, select, cooked, grilled",249.0,25.5,0.4,16.1,0.0
23281,"Beef, loin, top sirloin cap steak, boneless, separable lean and fat, trimmed to 1/8"" fat, all grades, raw",191.0,19.9,0.0,12.4,0.0
23282,"Beef, loin, top sirloin cap steak, boneless, separable lean and fat, trimmed to 1/8"" fat, choice, raw",199.0,19.7,0.0,13.4,0.0
23283,"Beef, loin, top sirloin cap steak, boneless, separable lean and fat, trimmed to 1/8"" fat, select, raw",179.0,20.1,0.0,10.9,0.0
23284,"Beef, top loin filet, boneless, separable lean and fat, trimmed to 1/8"" fat, all grades, cooked, grilled",239.0,27.4,0.6,14.1,0.0
23285,"Beef, top loin filet, boneless, separable lean and fat, trimmed to 1/8"" fat, choice, cooked, grilled",253.0,26.8,0.6,15.9,0.0
23286,"Beef, top loin filet, boneless, separable lean and fat, trimmed to 1/8"" fat, select, cooked, grilled",219.0,28.3,0.4,11.6,0.0
23287,"Beef, top loin petite roast, boneless, separable lean and fat, trimmed to 1/8"" fat, all grades, cooked, roasted",228.0,27.0,1.0,12.9,0.0
23288,"Beef, top loin petite roast, boneless, separable lean and fat, trimmed to 1/8"" fat, choice, cooked, roasted",239.0,26.8,1.1,14.1,0.0
23289,"Beef, top loin petite roast, boneless, separable lean and fat, trimmed to 1/8"" fat, select, cooked, roasted",213.0,27.1,0.9,11.2,0.0
23290,"Beef, top loin petite roast/filet, boneless, separable lean and fat, trimmed to 1/8"" fat, all grades, raw",187.0,21.1,0.3,11.3,0.0
23291,"Beef, top loin petite roast/filet, boneless, separable lean and fat, trimmed to 1/8"" fat, choice, raw",199.0,20.8,0.6,12.6,0.0
23292,"Beef, top loin petite roast/filet, boneless, separable lean and fat, trimmed to 1/8"" fat, select, raw",170.0,21.6,0.0,9.3,0.0
23293,"Beef, Australian, imported, grass-fed, ground, 85% lean / 15% fat, raw",234.0,17.72,0.0,18.12,0.0
23294,"Beef, Australian, imported, grass-fed, loin, tenderloin steak/roast, boneless, separable lean only, raw",138.0,20.85,0.0,6.11,0.0
23295,"Beef, Australian, imported, Wagyu, loin, tenderloin steak/roast, boneless, separable lean only, Aust. marble score 4/5, raw",191.0,20.19,0.0,12.3,0.0
23296,"Beef, Australian, imported, grass-fed,  external fat, raw",509.0,11.32,0.39,51.36,0.0
23297,"Beef, Australian, imported, grass-fed, seam fat, raw",562.0,9.58,1.06,57.73,0.0
23298,"Beef, Australian, imported, Wagyu, external fat, Aust. marble score 4/5, raw",596.0,6.54,0.0,63.27,0.0
23299,"Beef, Australian, imported, Wagyu, seam fat, Aust. marble score 4/5, raw",594.0,6.0,0.0,63.3,0.0
23300,"Beef, Australian, imported, Wagyu, external fat, Aust. marble score 9, raw",639.0,5.54,0.97,68.07,0.0
23301,"Beef, Australian, imported, Wagyu, seam fat, Aust. marble score 9, raw",627.0,5.16,0.0,67.33,0.0
23302,"Beef, Australian, imported, grass-fed, loin, tenderloin steak/roast, boneless, separable lean and fat, raw",151.0,20.53,0.01,7.63,0.0
23303,"Beef, Australian, imported, grass-fed, loin, top loin steak/roast, boneless, separable lean only, raw",131.0,21.79,0.0,4.87,0.0
23304,"Beef, Australian, imported, Wagyu, loin, tenderloin steak/roast, boneless, separable lean and fat, Aust. marble score 4/5, raw",206.0,19.71,0.0,14.09,0.0
23305,"Beef, Australian, imported, grass-fed, loin, top loin steak/roast, boneless, separable lean and fat, raw",199.0,19.9,0.11,13.17,0.0
23306,"Beef, Australian, imported, grass-fed, loin, top sirloin cap-off steak/roast, boneless, separable lean only, raw",122.0,21.9,0.0,3.87,0.0
23307,"Beef, Australian, imported, grass-fed, rib, ribeye steak/roast lip-on, boneless, separable lean only, raw",160.0,21.47,0.0,8.2,0.0
23308,"Beef, Australian, imported, grass-fed, round, bottom round steak/roast, boneless, separable lean only, raw",130.0,21.4,0.0,4.93,0.0
23309,"Beef, Australian, imported, grass-fed, round, top round cap-off steak/roast, boneless, separable lean only, raw",129.0,22.41,0.0,4.43,0.0
23310,"Beef, Australian, imported, Wagyu, loin, tenderloin steak/roast, boneless, separable lean only, Aust. marble score 9, raw",237.0,18.87,0.57,17.73,0.0
23311,"Beef, Australian, imported, Wagyu, loin, top loin steak/roast, boneless, separable lean only, Aust. marble score 4/5, raw",223.0,20.15,0.2,15.69,0.0
23312,"Beef, Australian, imported, Wagyu, loin, top loin steak/roast, boneless, separable lean only, Aust. marble score 9, raw",331.0,16.92,0.13,29.15,0.0
23313,"Beef, Australian, imported, Wagyu, rib, small end rib steak/roast, boneless, separable lean only, Aust. marble score 4/5, raw",234.0,20.35,0.0,16.93,0.0
23314,"Beef, Australian, imported, Wagyu, rib, small end rib steak/roast, boneless, separable lean only, Aust. marble score 9, raw",330.0,17.61,0.46,28.61,0.0
23315,"Beef, Australian, imported, grass-fed, loin, top sirloin cap-off steak/roast, boneless, separable lean and fat, raw",127.0,21.77,0.01,4.45,0.0
23316,"Beef, Australian, imported, grass-fed, rib, ribeye steak/roast lip-on, boneless, separable lean and fat, raw",217.0,19.8,0.11,15.21,0.0
23317,"Beef, Australian, imported, grass-fed, round, bottom round steak/roast, boneless, separable lean and fat, raw",140.0,21.13,0.01,6.16,0.0
23318,"Beef, Australian, imported, grass-fed, round, top round cap-off steak/roast, boneless, separable lean and fat, raw",129.0,22.24,0.0,4.4,0.0
23319,"Beef, Australian, imported, Wagyu, loin, top loin steak/roast, boneless, separable lean and fat, Aust. marble score 4/5, raw",289.0,17.67,0.17,24.2,0.0
23320,"Beef, Australian, imported, Wagyu, loin, top loin steak/roast, separable lean and fat, Aust. marble score 9, raw",392.0,14.58,0.22,36.98,0.0
23321,"Beef, Australian, imported, Wagyu, rib, small end rib steak/roast, boneless, separable lean and fat, Aust. marble score 4/5, raw",317.0,17.07,0.0,27.64,0.0
23322,"Beef, Australian, imported, Wagyu, rib, small end rib steak/roast, boneless, separable lean and fat, Aust. marble score 9, raw",405.0,14.54,0.42,38.3,0.0
23323,"Beef, Australian, imported, Wagyu, loin, tenderloin steak/roast, boneless, separable lean and fat, Aust. marble score 9, raw",248.0,18.5,0.58,19.11,0.0
23324,"Beef, round, top round steak, boneless, separable lean and fat, trimmed to 0"" fat, all grades, raw",124.0,23.49,0.0,3.34,0.0
23325,"Beef, round, top round steak, boneless, separable lean and fat, trimmed to 0"" fat, choice, raw",127.0,23.49,0.0,3.66,0.0
23326,"Beef, round, top round steak, boneless, separable lean and fat, trimmed to 0"" fat, select, raw",120.0,23.49,0.0,2.85,0.0
23327,"Beef, round, top round roast, boneless, separable lean and fat, trimmed to 0"" fat, all grades, raw",125.0,23.45,0.0,3.5,0.0
23328,"Beef, round, top round roast, boneless, separable lean and fat, trimmed to 0"" fat, choice, raw",128.0,23.46,0.0,3.81,0.0
23329,"Beef, round, top round roast, boneless, separable lean and fat, trimmed to 0"" fat, select, raw",121.0,23.44,0.0,3.04,0.0
23330,"Beef, round, eye of round roast, boneless, separable lean and fat, trimmed to 0"" fat, all grades, raw",124.0,23.27,0.0,3.44,0.0
23331,"Beef, round, eye of round roast, boneless, separable lean and fat, trimmed to 0"" fat, choice, raw",127.0,23.26,0.0,3.74,0.0
23332,"Beef, round, eye of round roast, boneless, separable lean and fat, trimmed to 0"" fat, select, raw",120.0,23.28,0.0,3.0,0.0
23333,"Beef, round, eye of round steak, boneless, separable lean and fat, trimmed to 0"" fat, all grades, raw",124.0,23.26,0.0,3.48,0.0
23334,"Beef, round, eye of round steak, boneless separable lean and fat, trimmed to 0"" fat, choice, raw",127.0,23.24,0.0,3.83,0.0
23335,"Beef, round, eye of round steak, boneless, separable lean and fat, trimmed to 0"" fat, select, raw",120.0,23.3,0.0,2.95,0.0
23336,"Beef, loin, tenderloin roast, boneless, separable lean and fat, trimmed to 0"" fat, all grades, raw",149.0,21.67,0.0,6.93,0.0
23337,"Beef, loin, tenderloin roast, boneless, separable lean and fat, trimmed to 0"" fat, choice, raw",153.0,21.5,0.0,7.4,0.0
23338,"Beef, loin, tenderloin roast, boneless, separable lean and fat, trimmed to 0"" fat, select, raw",144.0,21.91,0.0,6.21,0.0
23339,"Beef, loin, top loin steak, boneless, lip off, separable lean and fat, trimmed to 0"" fat, all grades, raw",163.0,22.43,0.0,8.17,0.0
23340,"Beef, loin, top loin steak, boneless, lip off, separable lean and fat, trimmed to 0"" fat, choice, raw",171.0,22.19,0.0,9.16,0.0
23341,"Beef, loin, top loin steak, boneless, lip off, separable lean and fat, trimmed to 0"" fat, select, raw",151.0,22.79,0.0,6.67,0.0
23342,"Beef, loin, tenderloin steak, boneless, separable lean and fat, trimmed to 0"" fat, all grades, raw",147.0,21.72,0.0,6.67,0.0
23343,"Beef, loin, tenderloin steak, boneless, separable lean and fat, trimmed to 0"" fat, choice, raw",150.0,21.57,0.0,7.1,0.0
23344,"Beef, loin, tenderloin steak, boneless, separable lean and fat, trimmed to 0"" fat, select, raw",142.0,21.95,0.0,6.02,0.0
23345,"Beef, loin, tenderloin roast, boneless, separable lean and fat, trimmed to 0"" fat, all grades, cooked, roasted",183.0,27.31,0.0,8.14,0.0
23346,"Beef, loin, tenderloin roast, boneless, separable lean and fat, trimmed to 0"" fat, choice, cooked, roasted",188.0,27.26,0.0,8.82,0.0
23347,"Beef, loin, tenderloin roast, boneless, separable lean and fat, trimmed to 0"" fat, select, cooked, roasted",174.0,27.38,0.0,7.12,0.0
23348,"Beef, round, top round roast, boneless, separable lean and fat, trimmed to 0"" fat, all grades, cooked, roasted",160.0,29.9,0.0,4.49,0.0
23349,"Beef, round, top round roast, boneless, separable lean and fat, trimmed to 0"" fat, choice, cooked, roasted",163.0,30.08,0.0,4.79,0.0
23350,"Beef, round, top round roast, boneless, separable lean and fat, trimmed to 0"" fat, select, cooked, roasted",157.0,30.97,0.0,3.72,0.0
23351,"Beef, round, eye of round steak, boneless, separable lean and fat, trimmed to 0"" fat, all grades, cooked, grilled",159.0,29.66,0.0,4.47,0.0
23352,"Beef, round, eye of round steak, boneless, separable lean and fat, trimmed to 0"" fat, choice, cooked, grilled",163.0,29.79,0.0,4.83,0.0
23353,"Beef, round, eye of round steak, boneless, separable lean and fat, trimmed to 0"" fat, select, cooked, grilled",154.0,29.47,0.0,3.98,0.0
23354,"Beef, round, top round steak, boneless, separable lean only, trimmed to 0"" fat, all grades, raw",121.0,23.59,0.0,2.94,0.0
23355,"Beef, round, top round steak, boneless, separable lean only, trimmed to 0"" fat, choice, raw",124.0,23.59,0.0,3.26,0.0
23356,"Beef, round, top round steak, boneless, separable lean only, trimmed to 0"" fat, select, raw",116.0,23.59,0.0,2.45,0.0
23357,"Beef, round, top round roast, boneless, separable lean only, trimmed to 0"" fat, all grades, raw",121.0,23.59,0.0,2.94,0.0
23358,"Beef, round, top round roast, boneless, separable lean only, trimmed to 0"" fat, choice, raw",124.0,23.59,0.0,3.26,0.0
23359,"Beef, round, top round roast, boneless, separable lean only, trimmed to 0"" fat, select, raw",116.0,23.59,0.0,2.45,0.0
23360,"Beef, round, eye of round roast, boneless, separable lean only, trimmed to 0"" fat, all grades, raw",121.0,23.37,0.0,3.04,0.0
23361,"Beef, round, eye of round roast, boneless, separable lean only, trimmed to 0"" fat, choice, raw",124.0,23.35,0.0,3.38,0.0
23362,"Beef, round, eye of round roast, boneless, separable lean only, trimmed to 0"" fat, select, raw",116.0,23.41,0.0,2.52,0.0
23363,"Beef, round, eye of round steak, boneless, separable lean only, trimmed to 0"" fat, all grades, raw",121.0,23.37,0.0,3.04,0.0
23364,"Beef, round, eye of round steak, boneless, separable lean only, trimmed to 0"" fat, choice, raw",124.0,23.35,0.0,3.38,0.0
23365,"Beef, round, eye of round steak, boneless, separable lean only, trimmed to 0"" fat, select, raw",116.0,23.41,0.0,2.52,0.0
23366,"Beef, loin, tenderloin roast, boneless, separable lean only, trimmed to 0"" fat, all grades, raw",139.0,21.94,0.0,5.74,0.0
23367,"Beef, loin, tenderloin roast, boneless, separable lean only, trimmed to 0"" fat, choice, raw",143.0,21.78,0.0,6.16,0.0
23368,"Beef, loin, tenderloin roast, boneless, separable lean only, trimmed to 0"" fat, select, raw",135.0,22.16,0.0,5.1,0.0
23369,"Beef, loin, top loin steak, boneless, lip off, separable lean only, trimmed to 0"" fat, all grades, raw",143.0,23.07,0.0,5.67,0.0
23370,"Beef, loin, top loin steak, boneless, lip off, separable lean only, trimmed to 0"" fat, choice, raw",149.0,22.93,0.0,6.34,0.0
23371,"Beef, loin, top loin steak, boneless, lip off, separable lean only, trimmed to 0"" fat, select, raw",135.0,23.3,0.0,4.66,0.0
23372,"Beef, loin, tenderloin steak, boneless, separable lean only, trimmed to 0"" fat, all grades, raw",139.0,21.94,0.0,5.74,0.0
23373,"Beef, loin, tenderloin steak, boneless, separable lean only, trimmed to 0"" fat, choice, raw",143.0,21.78,0.0,6.16,0.0
23374,"Beef, loin, tenderloin steak, boneless, separable lean only, trimmed to 0"" fat, select, raw",135.0,22.16,0.0,5.1,0.0
23375,"Beef, loin, tenderloin roast, boneless, separable lean only, trimmed to 0"" fat, all grades, cooked, roasted",177.0,27.51,0.0,7.49,0.0
23376,"Beef, loin, tenderloin roast, boneless, separable lean only, trimmed to 0"" fat, choice, cooked, roasted",183.0,27.48,0.0,8.13,0.0
23377,"Beef, loin, tenderloin roast, separable lean only, boneless, trimmed to 0"" fat, select, cooked, roasted",169.0,27.55,0.0,6.54,0.0
23378,"Beef, round, top round roast, boneless, separable lean only, trimmed to 0"" fat, all grades, cooked, roasted",162.0,30.09,0.0,3.77,0.0
23379,"Beef, round, top round roast, boneless, separable lean only, trimmed to 0"" fat, choice, cooked, roasted",158.0,30.24,0.06,4.11,0.0
23380,"Beef, round, top round roast, boneless, separable lean only, trimmed to 0"" fat, select, cooked, roasted",150.0,29.81,0.0,3.37,0.0
23381,"Beef, round, eye of round steak, boneless, separable lean only, trimmed to 0"" fat, all grades, cooked, grilled",155.0,29.85,0.0,3.9,0.0
23382,"Beef, round, eye of round steak, boneless, separable lean only, trimmed to 0"" fat, choice, cooked, grilled",158.0,29.94,0.0,4.26,0.0
23383,"Beef, round, eye of round steak, boneless, separable lean only, trimmed to 0"" fat, select, cooked, grilled",149.0,29.52,0.0,3.43,0.0
23384,"Beef, loin, top loin steak, boneless, lip-on, separable lean only, trimmed to 1/8"" fat, select, raw",135.0,23.3,0.0,4.66,0.0
23385,"Beef, loin, top loin steak, boneless, lip-on, separable lean only, trimmed to 1/8"" fat, choice, raw",149.0,22.93,0.0,6.34,0.0
23386,"Beef, loin, top loin steak, boneless, lip-on, separable lean only, trimmed to 1/8"" fat, all grades, raw",143.0,23.07,0.0,5.67,0.0
23387,"Beef, loin, top loin steak, boneless, lip-on, separable lean and fat, trimmed to 1/8"" fat, select, raw",191.0,21.54,0.0,11.65,0.0
23388,"Beef, loin, top loin steak, boneless, lip-on, separable lean and fat, trimmed to 1/8"" fat, all grades, raw",199.0,21.29,0.0,12.68,0.0
23389,"Beef, loin, top loin steak, boneless, lip-on, separable lean and fat, trimmed to 1/8"" fat, choice, cooked, grilled",275.0,25.69,0.0,19.19,0.0
23390,"Beef, loin, top loin steak, boneless, lip-on, separable lean and fat, trimmed to 1/8"" fat, select, cooked, grilled",247.0,26.92,0.0,15.44,0.0
23391,"Beef, loin, top loin steak, boneless, lip-on, separable lean and fat, trimmed to 1/8"" fat, all grades, cooked, grilled",264.0,26.18,0.0,17.69,0.0
23392,"Beef, loin, top loin steak, boneless, lip-on, separable lean only, trimmed to 1/8"" fat, choice, cooked, grilled",208.0,28.66,0.0,10.34,0.0
23393,"Beef, loin, top loin steak, boneless, lip-on, separable lean only, trimmed to 1/8"" fat, select, cooked, grilled",184.0,29.67,0.0,7.26,0.0
23394,"Beef, loin, top loin steak, boneless, lip-on, separable lean only, trimmed to 1/8"" fat, all grades, cooked, grilled",198.0,29.06,0.0,9.11,0.0
23395,"Beef, loin, top loin steak, boneless, lip-on, separable lean and fat, trimmed to 1/8"" fat, choice, raw",205.0,21.13,0.0,13.36,0.0
23397,"Beef, New Zealand, imported, bolar blade, separable lean only, cooked, fast roasted",193.0,33.53,0.0,6.57,0.0
23398,"Beef, New Zealand, imported, bolar blade, separable lean only, raw",129.0,22.09,0.0,4.49,0.0
23399,"Beef, New Zealand, imported, brisket navel end, separable lean only, cooked, braised",265.0,29.35,0.0,16.37,0.0
23401,"Beef, New Zealand, imported, brisket navel end, separable lean only, raw",194.0,19.74,0.0,12.75,0.0
23402,"Beef, New Zealand, imported, brisket point end, separable lean only, cooked, braised",202.0,34.51,0.0,7.05,0.0
23403,"Beef, New Zealand, imported, brisket point end, separable lean only, raw",125.0,20.92,0.0,4.62,0.0
23404,"Beef, New Zealand, imported, chuck eye roll, separable lean only, raw",131.0,20.46,0.0,5.41,0.0
23405,"Beef, New Zealand, imported, chuck eye roll, separable lean only, cooked, braised",208.0,32.08,0.0,8.89,0.0
23406,"Beef, New Zealand, imported, cube roll, separable lean only, cooked, fast roasted",239.0,30.09,0.0,13.22,0.0
23407,"Beef, New Zealand, imported, cube roll, separable lean only, raw",161.0,19.77,1.38,8.51,0.0
23408,"Beef, New Zealand, imported, eye round, separable lean only, cooked, slow roasted",164.0,29.68,0.0,4.98,0.0
23409,"Beef, New Zealand, imported, eye round, separable lean only, raw",116.0,20.15,1.35,3.35,0.0
23410,"Beef, New Zealand, imported, flank, separable lean only, cooked, braised",194.0,30.75,0.0,7.92,0.0
23411,"Beef, New Zealand, imported, flank, separable lean only, raw",142.0,20.53,0.0,6.67,0.0
23412,"Beef, New Zealand, imported, flat, separable lean only, cooked, braised",226.0,33.22,0.0,10.3,0.0
23413,"Beef, New Zealand, imported, flat, separable lean only, raw",154.0,21.3,0.0,7.69,0.0
23414,"Beef, New Zealand, imported, variety meats and by-products, heart, cooked, boiled",179.0,31.29,0.0,6.0,0.0
23415,"Beef, New Zealand, imported, variety meats and by-products, heart, raw",105.0,18.52,0.0,3.4,0.0
23416,"Beef, New Zealand, imported, hind shin, separable lean only, cooked, braised",167.0,31.23,0.0,4.64,0.0
23417,"Beef, New Zealand, imported, hind shin, separable lean only, raw",114.0,21.46,0.0,3.12,0.0
23418,"Beef, New Zealand, imported, inside, raw",128.0,22.16,0.1,4.36,0.0
23419,"Beef, New Zealand, imported, intermuscular fat, cooked",560.0,7.9,3.39,57.22,0.0
23420,"Beef, New Zealand, imported, intermuscular fat, raw",602.0,6.97,0.01,63.78,0.0
23421,"Beef, New Zealand, imported, variety meats and by-products, kidney, cooked, boiled",157.0,27.28,0.0,5.27,0.0
23422,"Beef, New Zealand, imported, knuckle, cooked, fast fried",178.0,27.51,0.0,7.58,0.0
23423,"Beef, New Zealand, imported, variety meats and by-products, kidney, raw",87.0,15.68,0.0,2.64,0.0
23424,"Beef, New Zealand, imported, variety meats and by-products liver, cooked, boiled",150.0,23.3,3.78,4.68,0.0
23425,"Beef, New Zealand, imported, variety meats and by-products, liver, raw",133.0,20.5,3.6,4.05,0.0
23426,"Beef, New Zealand, imported, manufacturing beef, cooked, boiled",126.0,24.21,0.0,3.26,0.0
23427,"Beef, New Zealand, imported, manufacturing beef, raw",119.0,21.23,0.23,3.68,0.0
23428,"Beef, New Zealand, imported, oyster blade, separable lean only, cooked, braised",196.0,29.87,0.0,8.46,0.0
23429,"Beef, New Zealand, imported, oyster blade, separable lean only, raw",155.0,21.83,0.0,7.56,0.0
23430,"Beef, New Zealand, imported, ribs prepared, cooked, fast roasted",197.0,27.23,0.09,9.74,0.0
23431,"Beef, New Zealand, imported, ribs prepared, raw",146.0,21.31,0.0,6.78,0.0
23432,"Beef, New Zealand, imported, rump centre, separable lean only, cooked, fast fried",188.0,30.17,0.0,7.48,0.0
23433,"Beef, New Zealand, imported, striploin, separable lean only, cooked, fast fried",217.0,28.53,0.0,11.4,0.0
23434,"Beef, New Zealand, imported, striploin, separable lean only, raw",150.0,20.93,0.74,7.0,0.0
23435,"Beef, New Zealand, imported, subcutaneous fat, cooked",731.0,6.5,0.0,78.3,0.0
23436,"Beef, New Zealand, imported, subcutaneous fat, raw",685.0,8.5,0.0,72.38,0.0
23437,"Beef, New Zealand, imported, sweetbread, cooked, boiled",318.0,12.53,0.0,29.79,0.0
23438,"Beef, New Zealand, imported, sweetbread, raw",303.0,11.51,0.0,28.6,0.0
23439,"Beef, New Zealand, imported, tenderloin, separable lean only, cooked, fast fried",200.0,29.37,0.27,9.01,0.0
23440,"Beef, New Zealand, imported, oyster blade, separable lean and fat, raw",178.0,21.27,0.0,10.31,0.0
23441,"Beef, New Zealand, imported, tenderloin, separable lean only, raw",140.0,21.19,0.0,6.1,0.0
23442,"Beef, New Zealand, imported, variety meats and by-products, tongue, cooked, boiled",271.0,18.31,3.68,20.34,0.0
23443,"Beef, New Zealand, imported, variety meats and by-products, tongue, raw",243.0,17.77,0.0,19.09,0.0
23444,"Beef, New Zealand, imported, variety meats and by-products, tripe cooked, boiled",103.0,19.0,0.0,2.98,0.0
23445,"Beef, New Zealand, imported, variety meats and by-products, tripe uncooked, raw",77.0,14.86,0.0,1.98,0.0
23446,"Beef, New Zealand, imported, bolar blade, separable lean and fat, cooked, fast roasted",228.0,31.3,0.0,11.37,0.0
23447,"Beef, New Zealand, imported, bolar blade, separable lean and fat, raw",159.0,21.29,0.0,8.22,0.0
23448,"Beef, New Zealand, imported, brisket navel end, separable lean and fat, cooked, braised",453.0,20.14,0.0,41.33,0.0
23449,"Beef, New Zealand, imported, brisket navel end, separable lean and fat, raw",345.0,15.81,0.0,31.27,0.0
23450,"Beef, New Zealand, imported, brisket point end, separable lean and fat, cooked, braised",250.0,31.94,0.0,13.6,0.0
23451,"Beef, New Zealand, imported, brisket point end, separable lean and fat, raw",163.0,20.05,0.0,9.23,0.0
23452,"Beef, New Zealand, imported, chuck eye roll, separable lean and fat, cooked, braised",252.0,29.92,0.0,14.74,0.0
23453,"Beef, New Zealand, imported, chuck eye roll, separable lean and fat, raw",181.0,19.38,0.0,11.45,0.0
23454,"Beef, New Zealand, imported, cube roll, separable lean and fat, cooked, fast roasted",286.0,27.79,0.03,19.45,0.0
23455,"Beef, New Zealand, imported, cube roll, separable lean and fat, raw",225.0,18.22,1.31,16.31,0.0
23456,"Beef, New Zealand, imported, eye round, separable lean and fat, cooked, slow roasted",168.0,29.49,0.0,5.57,0.0
23457,"Beef, New Zealand, imported, eye round, separable lean and fat, raw",129.0,19.88,1.32,4.92,0.0
23458,"Beef, New Zealand, imported, flank, separable lean and fat, cooked, braised",208.0,30.13,0.0,9.73,0.0
23459,"Beef, New Zealand, imported, flank, separable lean and fat, raw",161.0,20.12,0.0,8.9,0.0
23460,"Beef, New Zealand, imported, flat, separable lean and fat, cooked, braised",252.0,31.86,0.0,13.79,0.0
23461,"Beef, New Zealand, imported, flat, separable lean and fat, raw",177.0,20.57,0.0,10.55,0.0
23462,"Beef, New Zealand, imported, hind shin, separable lean and fat, cooked, braised",196.0,29.82,0.07,8.5,0.0
23463,"Beef, New Zealand, imported, hind shin, separable lean and fat, raw",147.0,20.61,0.0,7.2,0.0
23464,"Beef, New Zealand, imported, oyster blade, separable lean and fat, cooked, braised",197.0,29.79,0.0,8.68,0.0
23465,"Beef, New Zealand, imported, rump centre, separable lean and fat, cooked, fast fried",192.0,30.01,0.0,7.96,0.0
23466,"Beef, New Zealand, imported, rump centre, separable lean only, raw",141.0,21.74,0.0,6.05,0.0
23467,"Beef, New Zealand, imported, rump centre, separable lean and fat, raw",145.0,21.65,0.0,6.5,0.0
23468,"Beef, New Zealand, imported, striploin, separable lean and fat, cooked, fast fried",301.0,24.89,0.02,22.33,0.0
23469,"Beef, New Zealand, imported, striploin, separable lean and fat, raw",252.0,18.49,0.6,19.53,0.0
23470,"Beef, New Zealand, imported, tenderloin, separable lean and fat, cooked, fast fried",202.0,29.26,0.27,9.35,0.0
23471,"Beef, New Zealand, imported, tenderloin, separable lean and fat, raw",146.0,21.04,0.0,6.88,0.0
23472,"Beef, ground, 93% lean meat / 7% fat, raw",152.0,20.85,0.0,7.0,0.0
23473,"Beef, ground, 93% lean meat / 7% fat, patty, cooked, broiled",193.0,26.22,0.0,8.94,0.0
23474,"Beef, ground, 93% lean meat /7% fat, patty, cooked, pan-broiled",182.0,25.56,0.06,8.01,0.0
23475,"Beef, ground, 93% lean meat / 7% fat, loaf, cooked, baked",192.0,27.03,0.0,8.43,0.0
23476,"Beef, ground, 93% lean meat / 7% fat, crumbles, cooked, pan-browned",209.0,28.88,0.0,9.51,0.0
23477,"Beef, ground, 97% lean meat / 3% fat, raw",121.0,21.98,0.0,3.0,0.0
23478,"Beef, ground, 97% lean meat / 3% fat, patty, cooked, broiled",153.0,26.36,0.0,4.46,0.0
23479,"Beef, ground, 97% lean meat /3% fat, patty, cooked, pan-broiled",144.0,26.03,0.0,3.65,0.0
23480,"Beef, ground, 97% lean meat / 3% fat, loaf, cooked, baked",154.0,27.58,0.0,4.06,0.0
23481,"Beef, ground, 97% lean meat / 3% fat, crumbles, cooked, pan-browned",175.0,29.46,0.0,5.46,0.0
23482,"Beef, composite of trimmed retail cuts, separable lean and fat, trimmed to 0"" fat, all grades, raw",169.0,20.95,0.05,9.3,0.0
23483,"Beef, composite of trimmed retail cuts, separable lean only, trimmed to 1/8"" fat, all grades, raw",140.0,22.15,0.0,5.38,0.0
23484,"Beef, composite of trimmed retail cuts, separable lean only, trimmed to 1/8"" fat, all grades, cooked",194.0,28.95,0.0,8.15,0.0
23485,"Beef, composite of trimmed retail cuts, separable lean only, trimmed to 0"" fat, all grades, raw",139.0,22.15,0.08,5.54,0.0
23490,"Beef, composite of trimmed retail cuts, separable lean only, trimmed to 1/8"" fat, choice, raw",147.0,22.01,0.0,6.05,0.0
23491,"Beef composite, separable lean only, trimmed to 1/8"" fat, choice, cooked",203.0,28.73,0.0,9.16,0.0
23494,"Beef, composite of trimmed retail cuts, separable lean and fat, trimmed to 0"" fat, choice, raw",176.0,21.34,0.06,10.08,0.0
23495,"Beef, composite of trimmed retail cuts, separable lean only, trimmed to 0"" fat, choice, raw",151.0,21.55,0.0,7.24,0.0
23496,"Beef, composite of trimmed retail cuts, separable lean only, trimmed to 0"" fat, select, raw",133.0,22.03,0.05,4.99,0.0
23497,"Beef, composite of trimmed retail cuts, separable lean and fat, trimmed to 0"" fat, select, raw",157.0,21.2,0.04,8.0,0.0
23498,"Beef, composite of trimmed retail cuts, separable lean only, trimmed to 1/8"" fat, select, cooked",167.0,27.51,0.0,6.37,0.0
23499,"Beef, composite of trimmed retail cuts, separable lean only, trimmed to 1/8"" fat, select, raw",130.0,22.37,0.0,4.55,0.0
23501,"USDA Commodity, beef patties with VPP, frozen, cooked",247.0,15.64,7.89,16.94,1.4
23502,"USDA Commodity, beef, ground bulk/coarse ground, frozen, cooked",259.0,26.06,0.0,16.34,0.0
23503,"USDA Commodity, beef, patties (100%), frozen, cooked",249.0,22.98,0.91,16.37,0.0
23506,"USDA Commodity, beef patties with VPP, frozen, raw",225.0,15.21,3.84,16.48,1.3
23507,"USDA Commodity, beef, patties (100%), frozen, raw",204.0,14.63,0.0,15.69,0.0
23508,"USDA Commodity, beef, ground, bulk/coarse ground, frozen, raw",228.0,17.37,0.0,17.07,0.0
23509,"Beef, chuck, mock tender steak, separable lean only, trimmed to 0"" fat, all grades, cooked, broiled",159.0,25.9,0.0,5.42,0.0
23511,"Beef, chuck, top blade, separable lean only, trimmed to 0"" fat, all grades, cooked, broiled",203.0,26.13,0.0,10.16,0.0
23513,"Beef, chuck, clod roast, separable lean only, trimmed to 1/4"" fat, all grades, raw",129.0,19.63,0.0,5.02,0.0
23514,"Beef, chuck, clod roast, separable lean only, trimmed to 0"" fat, all grades, cooked, roasted",172.0,26.82,0.0,6.34,0.0
23515,"Beef, chuck, clod roast, separable lean only, trimmed to 1/4"" fat, all grades, cooked, roasted",173.0,26.36,0.0,6.75,0.0
23516,"Beef, shoulder steak, boneless, separable lean only, trimmed to 0"" fat, all grades, cooked, grilled",175.0,28.6,0.0,5.82,0.0
23517,"Beef, chuck, clod steak, separable lean only, trimmed to 1/4"" fat, all grades, cooked, braised",189.0,29.34,0.0,7.04,0.0
23519,"Beef, chuck, mock tender steak, separable lean and fat, trimmed to 0"" fat, USDA choice, cooked, broiled",161.0,25.73,0.0,5.72,0.0
23521,"Beef, chuck, mock tender steak, separable lean and fat, trimmed to 0"" fat, USDA select, cooked, broiled",159.0,26.08,0.0,5.24,0.0
23523,"Beef, chuck, top blade, separable lean and fat, trimmed to 0"" fat, choice, cooked, broiled",227.0,25.77,0.0,12.93,0.0
23525,"Beef, chuck, top blade, separable lean and fat, trimmed to 0"" fat, select, cooked, broiled",200.0,25.67,0.0,9.99,0.0
23528,"Beef, chuck, clod roast, separable lean and fat, trimmed to 0"" fat, choice, cooked, roasted",216.0,24.61,0.0,12.26,0.0
23531,"Beef, chuck, clod roast, separable lean and fat, trimmed to 0"" fat, select, cooked, roasted",196.0,27.3,0.0,8.76,0.0
23533,"Beef, shoulder steak, boneless, separable lean and fat, trimmed to 0"" fat, choice, cooked, grilled",186.0,28.22,0.0,7.25,0.0
23536,"Beef, shoulder steak, boneless, separable lean and fat, trimmed to 0"" fat, select, cooked, grilled",177.0,28.41,0.0,6.14,0.0
23540,"Beef, plate, inside skirt steak, separable lean and fat, trimmed to 0"" fat, all grades, cooked, broiled",220.0,26.13,0.0,12.05,0.0
23541,"Beef, plate, outside skirt steak, separable lean and fat, trimmed to 0"" fat, all grades, cooked, broiled",255.0,23.51,0.0,17.13,0.0
23545,"Beef, loin, bottom sirloin butt, tri-tip steak, separable lean and fat, trimmed to 0"" fat, all grades, cooked, broiled",265.0,29.97,0.0,15.18,0.0
23547,"Beef, chuck, mock tender steak, separable lean and fat, trimmed to 0"" fat, all grades, cooked, broiled",160.0,25.87,0.0,5.52,0.0
23549,"Beef, chuck, top blade, separable lean and fat, trimmed to 0"" fat, all grades, cooked, broiled",216.0,25.73,0.0,11.73,0.0
23552,"Beef, chuck, clod roast, separable lean and fat, trimmed to 0"" fat, all grades, cooked, roasted",207.0,25.7,0.0,10.84,0.0
23554,"Beef, shoulder steak, boneless, separable lean and fat, trimmed to 0"" fat, all grades, cooked, grilled",182.0,28.29,0.0,6.8,0.0
23557,"Beef, ground, 95% lean meat / 5% fat, raw",137.0,21.41,0.0,5.0,0.0
23558,"Beef, ground, 95% lean meat / 5% fat, patty, cooked, broiled",174.0,26.29,0.0,6.8,0.0
23559,"Beef, ground, 95% lean meat / 5% fat, patty, cooked, pan-broiled",164.0,25.8,0.0,5.94,0.0
23560,"Beef, ground, 95% lean meat / 5% fat, crumbles, cooked, pan-browned",193.0,29.17,0.0,7.58,0.0
23561,"Beef, ground, 95% lean meat / 5% fat, loaf, cooked, baked",174.0,27.31,0.0,6.37,0.0
23562,"Beef, ground, 90% lean meat / 10% fat, raw",176.0,20.0,0.0,10.0,0.0
23563,"Beef, ground, 90% lean meat / 10% fat, patty, cooked, broiled",217.0,26.11,0.0,11.75,0.0
23564,"Beef, ground, 90% lean meat / 10% fat, patty, cooked, pan-broiled",204.0,25.21,0.0,10.68,0.0
23565,"Beef, ground, 90% lean meat / 10% fat, crumbles, cooked, pan-browned",230.0,28.45,0.0,12.04,0.0
23566,"Beef, ground, 90% lean meat / 10% fat, loaf, cooked, baked",214.0,26.62,0.0,11.1,0.0
23567,"Beef, ground, 85% lean meat / 15% fat, raw",215.0,18.59,0.0,15.0,0.0
23568,"Beef, ground, 85% lean meat / 15% fat, patty, cooked, broiled",250.0,25.93,0.0,15.41,0.0
23569,"Beef, ground, 85% lean meat / 15% fat, patty, cooked, pan-broiled",232.0,24.62,0.0,14.02,0.0
23570,"Beef, ground, 85% lean meat / 15% fat, crumbles, cooked, pan-browned",256.0,27.73,0.0,15.3,0.0
23571,"Beef, ground, 85% lean meat / 15% fat, loaf, cooked, baked",240.0,25.93,0.0,14.36,0.0
23572,"Beef, ground, 80% lean meat / 20% fat, raw",254.0,17.17,0.0,20.0,0.0
23573,"Beef, ground, 80% lean meat / 20% fat, patty, cooked, broiled",270.0,25.75,0.0,17.78,0.0
23574,"Beef, ground, 80% lean meat / 20% fat, patty, cooked, pan-broiled",246.0,24.04,0.0,15.94,0.0
23575,"Beef, ground, 80% lean meat / 20% fat, crumbles, cooked, pan-browned",272.0,27.0,0.0,17.36,0.0
23576,"Beef, ground, 80% lean meat / 20% fat, loaf, cooked, baked",254.0,25.25,0.0,16.17,0.0
23577,"Beef, ground, 75% lean meat / 25% fat, raw",293.0,15.76,0.0,25.0,0.0
23578,"Beef, ground, 75% lean meat / 25% fat, patty, cooked, broiled",279.0,25.56,0.0,18.87,0.0
23579,"Beef, ground, 75% lean meat / 25% fat, patty, cooked, pan-broiled",248.0,23.45,0.0,16.44,0.0
23580,"Beef, ground, 75% lean meat / 25% fat, crumbles, cooked, pan-browned",277.0,26.28,0.0,18.21,0.0
23581,"Beef, ground, 75% lean meat / 25% fat, loaf, cooked, baked",254.0,24.56,0.0,16.5,0.0
23582,"Beef, rib, small end (ribs 10-12), separable lean only, trimmed to 1/8"" fat, select, raw",134.0,22.53,0.0,4.2,0.0
23583,"Beef, tenderloin, steak, separable lean only, trimmed to 1/8"" fat, select, raw",148.0,22.06,0.0,5.93,0.0
23584,"Beef, top sirloin, steak, separable lean only, trimmed to 1/8"" fat, select, raw",127.0,22.27,0.0,3.54,0.0
23585,"Beef, short loin, top loin, steak, separable lean only, trimmed to 1/8"" fat, select, raw",133.0,23.07,0.0,3.88,0.0
23586,"Beef, rib, small end (ribs 10-12), separable lean only, trimmed to 1/8"" fat, select, cooked, broiled",188.0,30.87,0.0,6.22,0.0
23587,"Beef, tenderloin, steak, separable lean only, trimmed to 1/8"" fat, select, cooked, broiled",194.0,29.07,0.0,7.76,0.0
23588,"Beef, top sirloin, steak, separable lean only, trimmed to 1/8"" fat, select, cooked, broiled",170.0,29.34,0.0,4.96,0.0
23589,"Beef, short loin, top loin, steak, separable lean only, trimmed to 1/8"" fat, select, cooked, grilled",177.0,29.44,0.0,5.73,0.0
23590,"Beef, round, bottom round , roast, separable lean only, trimmed to 1/8"" fat, select, cooked, roasted",164.0,28.45,0.0,4.67,0.0
23591,"Beef, round, eye of round, roast, separable lean only, trimmed to 1/8"" fat, select, cooked, roasted",163.0,29.59,0.0,4.11,0.0
23592,"Beef, round, top round, steak, separable lean only, trimmed to 1/8"" fat, select, cooked, broiled",177.0,31.61,0.0,4.65,0.0
23593,"Beef, round, bottom round, steak, separable lean only, trimmed to 1/8"" fat, select, cooked, braised",205.0,34.46,0.0,6.43,0.0
23594,"Beef, round, bottom round, roast, separable lean only, trimmed to 1/8"" fat, all grades, raw",128.0,22.19,0.0,4.31,0.0
23595,"Beef, brisket, flat half, separable lean only, trimmed to 1/8"" fat, all grades, cooked, braised",196.0,33.15,0.0,6.0,0.0
23596,"Beef, brisket, flat half, separable lean only, trimmed to 1/8"" fat, all grades, raw",127.0,21.57,0.0,3.84,0.0
23597,"Beef, round, eye of round, roast, separable lean only, trimmed to 1/8"" fat, all grades, raw",124.0,22.6,0.0,3.0,0.0
23598,"Beef, round, eye of round, roast, separable lean only, trimmed to 1/8"" fat, all grades, cooked, roasted",169.0,29.73,0.0,4.71,0.0
23599,"Beef, rib, small end (ribs 10-12), separable lean only, trimmed to 1/8"" fat, all grades, raw",141.0,22.33,0.0,5.04,0.0
23600,"Beef, tenderloin, steak, separable lean only, trimmed to 1/8"" fat, all grades, cooked, broiled",200.0,29.04,0.0,8.39,0.0
23601,"Beef, tenderloin, steak, separable lean only, trimmed to 1/8"" fat, all grades, raw",153.0,22.12,0.0,6.52,0.0
23602,"Beef, chuck, arm pot roast, separable lean only, trimmed to 1/8"" fat, all grades, cooked, braised",214.0,34.66,0.0,7.36,0.0
23603,"Beef, chuck, arm pot roast, separable lean only, trimmed to 1/8"" fat, all grades, raw",132.0,22.11,0.0,4.19,0.0
23604,"Beef, round, bottom round, roast, separable lean only, trimmed to 1/8"" fat, all grades, cooked",163.0,28.0,0.0,5.72,0.0
23605,"Beef, round, bottom round, steak, separable lean only, trimmed to 1/8"" fat, all grades, cooked, braised",216.0,34.34,0.0,7.73,0.0
23606,"Beef, short loin, top loin, steak, separable lean only, trimmed to 1/8"" fat, all grades, cooked, broiled",189.0,29.3,0.0,7.09,0.0
23607,"Beef, short loin, top loin steak, separable lean only, trimmed to 1/8"" fat, all grades, raw",138.0,22.93,0.0,5.15,0.0
23608,"Beef, round, top round, steak, separable lean only, trimmed to 1/8"" fat, all grades, cooked, broiled",185.0,31.82,0.0,5.45,0.0
23609,"Beef, round, top round, steak, separable lean only, trimmed to 1/8"" fat, all grades, raw",135.0,22.91,0.0,4.09,0.0
23610,"Beef, top sirloin, steak, separable lean only, trimmed to 1/8"" fat, all grades, cooked, broiled",178.0,29.42,0.0,5.84,0.0
23611,"Beef, top sirloin, steak, separable lean only, trimmed to 1/8"" fat, all grades, raw",131.0,22.09,0.0,4.08,0.0
23612,"Beef, chuck, arm pot roast, separable lean only, trimmed to 1/8"" fat, choice, raw",139.0,21.96,0.0,5.05,0.0
23613,"Beef, brisket, flat half, separable lean only, trimmed to 1/8"" fat, choice, raw",129.0,21.69,0.0,4.06,0.0
23614,"Beef, chuck, arm pot roast, separable lean only, trimmed to 1/8"" fat, choice, cooked, braised",224.0,34.72,0.0,8.37,0.0
23615,"Beef, brisket, flat half, separable lean only, trimmed to 1/8"" fat, choice, cooked, braised",203.0,33.13,0.0,6.79,0.0
23616,"Beef, round, eye of round, roast, separable lean only, trimmed to 1/8"" fat, choice, raw",128.0,22.88,0.0,3.38,0.0
23617,"Beef, round, top round, steak, separable lean only, trimmed to 1/8"" fat, choice, raw",140.0,22.69,0.0,4.78,0.0
23618,"Beef, round, bottom round, roast, separable lean only, trimmed to 1/8"" fat, choice, raw",140.0,22.22,0.0,4.96,0.0
23619,"Beef, round, bottom round, roast, separable lean only, trimmed to 1/8"" fat, choice, cooked, roasted",179.0,27.56,0.0,6.77,0.0
23620,"Beef, round, eye of round, roast, separable lean only, trimmed to 1/8"" fat, choice, cooked, roasted",175.0,29.87,0.0,5.3,0.0
23621,"Beef, round, top round, steak, separable lean only, trimmed to 1/8"" fat, choice, cooked, broiled",193.0,32.04,0.0,6.25,0.0
23622,"Beef, round, bottom round, steak, separable lean only, trimmed to 1/8"" fat, choice, cooked, braised",228.0,34.22,0.0,9.02,0.0
23623,"Beef, rib, small end (ribs 10-12), separable lean only, trimmed to 1/8"" fat, choice, raw",148.0,22.12,0.0,5.91,0.0
23624,"Beef, tenderloin, steak, separable lean only, trimmed to 1/8"" fat, choice, raw",158.0,22.17,0.0,7.07,0.0
23625,"Beef, top sirloin, steak, separable lean only, trimmed to 1/8"" fat, choice, raw",135.0,21.91,0.0,4.62,0.0
23626,"Beef, rib, small end (ribs 10-12), separable lean only, trimmed to 1/8""fat, choice, cooked, broiled",202.0,28.29,0.0,9.05,0.0
23627,"Beef, short loin, top loin, steak, separable lean only, trimmed to 1/8"" fat, choice, raw",155.0,22.78,0.0,6.43,0.0
23628,"Beef, tenderloin, steak, separable lean only, trimmed to 1/8"" fat, choice, cooked, broiled",206.0,29.01,0.0,9.1,0.0
23629,"Beef, top sirloin, steak, separable lean only, trimmed to 1/8"" fat, choice, cooked, broiled",187.0,29.51,0.0,6.72,0.0
23630,"Beef, short loin, top loin, steak, separable lean only, trimmed to 1/8"" fat, choice, cooked, broiled",201.0,29.16,0.0,8.45,0.0
23631,"Beef, chuck, arm pot roast, separable lean only, trimmed to 1/8"" fat, select, raw",125.0,22.26,0.0,3.32,0.0
23632,"Beef, brisket, flat half, separable lean only, trimmed to 1/8"" fat, select, raw",124.0,21.45,0.0,3.61,0.0
23633,"Beef, chuck, arm pot roast, separable lean only, trimmed to 1/8"" fat, select, cooked, braised",205.0,34.6,0.0,6.35,0.0
23634,"Beef, brisket, flat half, separable lean only, trimmed to 1/8"" fat, select, cooked, braised",189.0,33.18,0.0,5.21,0.0
23635,"Beef, round, eye of round, roast, separable lean only, trimmed to 1/8"" fat, select, raw",119.0,22.31,0.0,2.62,0.0
23636,"Beef, round, top round, steak, separable lean only, trimmed to 1/8"" fat, select, raw",129.0,23.13,0.0,3.37,0.0
23637,"Beef, round, bottom round, roast, separable lean only, trimmed to 1/8"" fat, select, raw",128.0,22.18,0.0,3.66,0.0
23638,"Beef, rib, small end (ribs 10-12), separable lean only, trimmed to 1/8"" fat, all grades, cooked, broiled",195.0,29.58,0.0,7.63,0.0
23640,"Beef, variety meats and by-products, tripe, cooked, simmered",94.0,11.71,1.99,4.05,0.0
23646,"Beef, bottom sirloin, tri-tip roast, separable lean only, trimmed to 0"" fat, all grades, raw",142.0,21.26,0.0,5.63,0.0
23647,"Beef, bottom sirloin, tri-tip roast, separable lean only, trimmed to 0"" fat, choice, cooked, roasted",193.0,26.34,0.0,9.73,0.0
23648,"Beef, bottom sirloin, tri-tip roast, separable lean only, trimmed to 0"" fat, choice, raw",154.0,21.17,0.0,7.06,0.0
23649,"Beef, bottom sirloin, tri-tip roast, separable lean only, trimmed to 0"" fat, select, cooked, roasted",179.0,27.17,0.0,6.95,0.0
23650,"Beef, bottom sirloin, tri-tip roast, separable lean only, trimmed to 0"" fat, select, raw",129.0,21.34,0.0,4.21,0.0
23651,"Beef, round, tip round, roast, separable lean only, trimmed to 0"" fat, all grades, raw",126.0,21.07,0.0,3.95,0.0
23652,"Beef, round, tip round, roast, separable lean only, trimmed to 0"" fat, choice, raw",130.0,20.76,0.0,4.55,0.0
23653,"Beef, round, tip round, roast, separable lean only, trimmed to 0"" fat, select, raw",122.0,21.38,0.0,3.35,0.0
23654,"Beef, flank, steak, separable lean only, trimmed to 0"" fat, all grades, cooked, broiled",186.0,27.89,0.0,7.4,0.0
23655,"Beef, flank, steak, separable lean only, trimmed to 0"" fat, select, cooked, broiled",178.0,27.96,0.0,6.48,0.0
23656,"Beef, flank, steak, separable lean only, trimmed to 0"" fat, all grades, raw",141.0,21.57,0.0,5.47,0.0
23657,"Beef, flank, steak, separable lean only, trimmed to 0"" fat, select, raw",137.0,21.43,0.0,5.0,0.0
23658,"Beef, brisket, flat half, separable lean and fat, trimmed to 1/8"" fat, choice, raw",278.0,18.12,0.12,22.15,0.0
23659,"Beef, brisket, flat half, separable lean and fat, trimmed to 1/8"" fat, select, raw",276.0,17.77,0.0,22.21,0.0
23660,"Beef, brisket, flat half, separable lean and fat, trimmed to 1/8"" fat, choice, cooked, braised",298.0,28.66,0.0,19.47,0.0
25000,"Snacks, popcorn, microwave, 94% fat free",402.0,10.72,76.04,6.1,13.6
25001,"Snacks, popcorn, microwave, low fat",424.0,12.6,72.0,9.5,14.2
25003,"Snacks, candy rolls, yogurt-covered, fruit flavored with high vitamin C",359.0,0.46,74.64,6.53,3.3
25004,"Formulated bar, MARS SNACKFOOD US, SNICKERS MARATHON Chewy Chocolate Peanut Bar",396.0,24.29,47.24,13.12,2.5
25005,"Formulated bar, MARS SNACKFOOD US, SNICKERS MARATHON MULTIGRAIN CRUNCH BAR",422.0,18.49,57.27,13.18,2.8
25006,"Formulated bar, MARS SNACKFOOD US, SNICKERS MARATHON Double Chocolate Nut Bar",343.0,22.35,52.47,8.99,10.5
25007,"Snacks, M&M MARS, KUDOS Whole Grain Bars, peanut butter",463.0,5.88,64.69,20.78,2.6
25008,"Formulated bar, MARS SNACKFOOD US, SNICKERS MARATHON Honey Nut Oat Bar",378.0,22.5,54.3,7.87,11.0
25009,"Snacks, M&M MARS, KUDOS Whole Grain Bar, M&M's milk chocolate",415.0,3.78,73.01,11.95,2.4
25010,"Formulated bar, MARS SNACKFOOD US, COCOAVIA, Chocolate Almond Snack Bar",347.0,7.72,51.68,14.19,5.2
25012,"Snacks, sweet potato chips, unsalted",532.0,2.94,56.82,32.35,8.8
25013,"Snacks, FRITOLAY, SUNCHIPS, Multigrain Snack, original flavor",491.0,7.95,67.26,21.11,8.8
25014,"Snacks, popcorn, microwave, regular (butter) flavor, made with partially hydrogenated oil",557.0,7.5,55.16,34.02,10.0
25015,"Formulated bar, MARS SNACKFOOD US, SNICKERS MARATHON Protein Performance Bar, Caramel Nut Rush",415.0,25.0,50.5,12.5,12.5
25016,"Formulated bar, MARS SNACKFOOD US, SNICKERS MARATHON Energy Bar, all flavors",386.0,21.91,50.3,10.79,6.7
25017,"Formulated bar, POWER BAR, chocolate",363.0,14.15,69.63,3.11,5.7
25018,"Formulated bar, MARS SNACKFOOD US, COCOAVIA, Chocolate Blueberry Snack Bar",325.0,6.21,57.87,9.27,4.6
25020,"Formulated bar, SLIM-FAST OPTIMA meal bar, milk chocolate peanut",386.0,16.19,60.21,8.92,5.1
25021,"Formulated bar, LUNA BAR, NUTZ OVER CHOCOLATE",403.0,20.75,52.49,12.19,4.3
25022,"Snacks, FRITOLAY, SUNCHIPS, multigrain, French onion flavor",496.0,8.68,65.49,22.15,7.8
25023,"Snacks, FRITOLAY, SUNCHIPS, Multigrain Snack, Harvest Cheddar flavor",491.0,8.08,64.7,22.22,8.1
25024,"Pretzels, soft, unsalted",345.0,8.2,71.04,3.1,1.7
25025,"Snacks, soy chips or crisps, salted",385.0,26.5,53.15,7.35,3.5
25026,"Popcorn, microwave, regular (butter) flavor, made with palm oil",535.0,8.38,57.26,30.22,10.0
25027,"Snacks, plantain chips, salted",531.0,2.28,63.84,29.59,3.5
25028,"Tortilla chips, yellow, plain, salted",497.0,6.62,67.38,22.33,4.7
25030,"Snacks, vegetable chips, HAIN CELESTIAL GROUP, TERRA CHIPS",517.0,4.13,57.97,29.81,10.9
25031,"Formulated bar, ZONE PERFECT CLASSIC CRUNCH BAR, mixed flavors",422.0,30.0,45.0,14.0,2.0
25032,"Snacks, granola bar, KASHI GOLEAN, chewy, mixed flavors",390.0,16.67,63.42,7.69,7.7
25033,"Snacks, granola bar, KASHI TLC Bar, chewy, mixed flavors",429.0,18.57,53.26,15.71,11.4
25034,"Snacks, granola bar, KASHI GOLEAN, crunchy, mixed flavors",393.0,17.88,59.58,9.23,5.9
25035,"Snacks, granola bar, chewy, reduced sugar, all flavors",412.0,5.55,69.4,12.5,3.1
25036,"Snacks, granola bites, mixed flavors",451.0,7.17,66.27,17.5,5.7
25037,"Snacks, pita chips, salted",457.0,11.79,68.26,15.2,3.8
25038,"Snacks, granola bars, soft, almond, confectioners coating",455.0,8.6,60.13,20.0,4.3
25039,"Snacks, granola bars, QUAKER OATMEAL TO GO, all flavors",389.0,6.67,75.47,6.67,4.6
25040,"Snacks, vegetable chips, made from garden vegetables",473.0,5.32,60.43,23.3,4.7
25041,"Snacks, granola bar, KASHI TLC Bar, crunchy, mixed flavors",446.0,15.0,62.78,15.0,10.0
25043,"Snacks, candy bits, yogurt covered with vitamin C",415.0,0.0,86.9,7.5,0.2
25045,"Formulated bar, high fiber, chewy, oats and chocolate",350.0,5.0,69.78,10.0,22.5
25046,"Snacks, bagel chips, plain",451.0,12.34,66.36,15.14,4.1
25048,"Snacks, NUTRI-GRAIN FRUIT AND NUT BAR",403.0,9.38,66.72,10.93,7.5
25050,"Snacks, yucca (cassava) chips, salted",515.0,1.34,69.23,25.91,3.7
25051,"Snacks, CLIF BAR, mixed flavors",346.0,14.71,65.44,5.88,7.4
25052,"Snacks, granola bar, QUAKER, chewy, 90 Calorie Bar",408.0,4.17,79.17,8.33,4.2
25053,"Snacks, granola bar, GENERAL MILLS NATURE VALLEY, SWEET&SALTY NUT, peanut",487.0,9.14,61.14,22.86,2.9
25054,"Snacks, granola bar, GENERAL MILLS, NATURE VALLEY, with yogurt coating",423.0,5.71,74.29,11.43,4.4
25055,"Snacks, granola bar, GENERAL MILLS, NATURE VALLEY, CHEWY TRAIL MIX",415.0,5.71,72.27,11.43,3.8
25056,"Snacks, granola bar, QUAKER, DIPPS, all flavors",480.0,7.52,64.96,20.42,3.2
25059,"Snacks, brown rice chips",384.0,8.2,81.5,2.8,4.2
25060,"Snack, Pretzel, hard chocolate coated",467.0,7.05,70.07,17.64,3.5
25062,"Snack, Mixed Berry Bar",383.0,13.16,58.84,10.53,7.9
25063,"Snacks, potato chips, made from dried potatoes (preformed), multigrain",505.0,5.3,65.34,24.74,2.7
25064,"Snacks, potato chips, lightly salted",560.0,6.72,53.54,35.39,4.2
25065,"Snacks, Pretzels, gluten- free made with cornstarch and potato flour",389.0,3.52,78.62,6.67,3.3
25066,"Snacks, peas, roasted, wasabi-flavored",432.0,14.11,62.2,14.11,3.8
25067,"Formulated Bar, SOUTH BEACH protein bar",412.0,30.34,38.4,15.17,7.3
25068,"Snack, BALANCE, original bar",415.0,28.0,48.73,12.0,3.1
25070,"Snacks, shrimp cracker",426.0,7.14,59.09,17.86,5.6
25071,Rice crackers,416.0,10.0,82.64,5.0,0.0
27000,"Soup, egg drop, Chinese restaurant",27.0,1.16,4.29,0.61,0.4
27001,"Soup, hot and sour, Chinese restaurant",39.0,2.58,4.35,1.21,0.5
27002,"Soup, wonton, Chinese restaurant",32.0,2.08,5.25,0.26,0.2
27007,"CAMPBELL'S CHUNKY Soups, HEALTHY REQUEST Microwavable Bowls, Chicken Noodle Soup",49.0,2.86,6.94,1.02,0.4
27008,"CAMPBELL'S CHUNKY Soups, HEALTHY REQUEST Microwavable Bowls, Grilled Chicken & Sausage Gumbo Soup",53.0,2.86,7.35,1.22,0.8
27009,"CAMPBELL'S CHUNKY Soups, HEALTHY REQUEST New England Clam Chowder",53.0,2.04,8.16,1.22,0.8
27013,"CAMPBELL'S Red and White, Chicken Barley with Mushrooms Soup, condensed",71.0,3.17,12.7,1.19,2.4
27014,"CAMPBELL'S Red and White, Italian Style Wedding Soup, condensed",71.0,3.17,9.52,1.98,2.4
27015,"CAMPBELL'S Red and White, PHINEAS and FERB Soup, condensed",56.0,2.38,8.73,1.59,0.8
27017,"CAMPBELL'S Homestyle Microwaveable Bowls, HEALTHY REQUEST Italian Wedding Soup",41.0,2.45,5.31,1.02,0.8
27018,"CAMPBELL'S Homestyle Microwaveable Bowls, HEALTHY REQUEST Mexican Style Tortilla",53.0,2.86,7.76,1.02,1.2
27019,CAMPBELL'S Homestyle Harvest Tomato with Basil Soup,45.0,0.82,9.39,0.41,0.8
27021,CAMPBELL'S Homestyle HEALTHY REQUEST Chicken with Whole Grain Pasta Soup,40.0,3.8,4.28,0.82,0.7
27022,"CAMPBELL'S Soup on the GO, HEALTHY REQUEST Chicken with Mini Noodles Soup",20.0,0.98,2.62,0.66,0.7
27023,"CAMPBELL'S Soup on the Go, HEALTHY REQUEST Classic Tomato Soup",39.0,0.98,9.18,0.0,0.7
27027,"PACE, Pico De Gallo",31.0,0.0,9.38,0.0,
27028,"PACE, Salsa Verde",47.0,0.0,6.25,1.56,0.0
27029,"PACE, Tequila Lime Salsa",47.0,0.0,9.38,0.0,0.0
27030,"PACE, Triple Pepper Salsa",47.0,3.13,9.38,0.0,3.1
27032,"CAMPBELL'S Red and White, Lentil Soup, condensed",111.0,6.35,19.05,0.79,4.0
27033,"PREGO Pasta, Heart Smart- Traditional Sauce, ready-to-serve",54.0,1.54,10.0,1.15,2.3
27034,"CAMPBELL'S, 98% Fat Free Cream of Mushroom Soup, condensed",53.0,1.1,7.63,1.98,1.2
27035,"Soup, ramen noodle, dry, any flavor, reduced fat, reduced sodium",350.0,10.89,70.95,2.5,2.7
27042,"Soup, clam chowder, new england, canned, ready-to-serve",79.0,2.61,8.28,3.94,1.0
27043,"Soup, clam chowder, new england, reduced sodium, canned, ready-to-serve",70.0,2.33,5.68,4.23,0.8
27044,"Soup, chicken noodle, reduced sodium, canned, ready-to-serve",41.0,3.29,3.84,1.34,0.8
27045,"Soup, beef and vegetables, reduced sodium, canned, ready-to-serve",42.0,3.26,4.99,0.95,0.8
27046,"Sauce, duck, ready-to-serve",245.0,0.36,60.61,0.13,0.6
27047,"Sauce, salsa, verde, ready-to-serve",38.0,1.13,6.36,0.89,1.9
27048,"Sauce, steak, tomato based",95.0,1.25,22.04,0.23,1.5
27049,"Sauce, tartar, ready-to-serve",211.0,1.0,13.3,16.7,0.5
27050,"Sauce, sweet and sour, ready-to-serve",150.0,0.27,38.22,0.02,0.1
27051,"Sauce, cocktail, ready-to-serve",124.0,1.36,28.22,1.05,1.8
27052,"Dip, salsa con queso, cheese and salsa- medium",143.0,3.14,11.14,9.51,0.7
27053,"Dip, OLD EL PASO, Cheese 'n Salsa, medium",129.0,2.7,10.65,8.43,0.6
27054,"Dip, TOSTITOS, salsa con queso, medium",133.0,2.92,11.72,8.26,0.6
27055,"Sauce, barbecue, SWEET BABY RAY'S, original",192.0,0.95,46.08,0.43,1.3
27056,"Sauce, barbecue, BULL'S-EYE, original",170.0,0.91,39.95,0.67,1.0
27057,"Sauce, barbecue, KC MASTERPIECE, original",160.0,1.0,37.92,0.52,1.4
27058,"Sauce, barbecue, OPEN PIT, original",132.0,0.44,29.45,1.41,0.5
27059,"Sauce, peanut, made from peanut butter, water, soy sauce",257.0,6.31,22.02,16.02,1.8
27060,"Soup, chunky vegetable, reduced sodium, canned, ready-to-serve",50.0,1.16,10.28,0.51,1.1
27061,"Gravy, HEINZ Home Style, classic chicken",46.0,0.67,5.01,2.57,
27062,"Soup, beef barley, ready to serve",52.0,2.81,7.94,0.96,0.9
27063,"Sauce, enchilada, red, mild, ready to serve",30.0,0.62,4.87,0.91,0.5
27064,Wasabi,292.0,2.23,46.13,10.9,6.1
27065,"Dip, bean, original flavor",119.0,5.44,15.89,3.7,4.9
27066,"Sauce, horseradish",503.0,1.09,10.05,50.89,1.0
27067,"Sauce, OLD EL PASO, enchilada, red, mild, ready to serve",29.0,0.59,5.04,0.67,0.6
27068,"Dip, FRITO'S, bean, original flavor",119.0,5.44,15.89,3.7,4.9
28000,"KELLOGG'S, EGGO, Mini Muffin Tops, Chocolate Chip",300.0,5.2,45.0,11.2,1.2
28001,"KELLOGG'S, EGGO, NUTRI-GRAIN Frozen Fruit Pizza, Mixed Berry Granola",259.0,6.4,41.4,8.4,3.0
28002,"KELLOGG'S, EGGO, NUTRI-GRAIN Frozen Fruit Pizza, Strawberry Granola",266.0,6.5,43.7,8.1,2.7
28003,"KELLOGG'S, EGGO, Pancakes, Blueberry",245.0,5.3,39.9,7.4,1.0
28004,"KELLOGG'S, EGGO, Pancakes, Chocolate Chip",253.0,5.5,39.9,8.2,1.3
28005,"KELLOGG'S, CINNABON, Pancakes, Caramel",255.0,5.0,43.4,7.1,1.0
28006,"KELLOGG'S, CINNABON, Pancakes, Original",258.0,5.0,43.1,7.7,1.1
28007,"KELLOGG'S, EGGO, Wafflers, Brown Sugar Cinnamon Roll",331.0,4.8,52.2,11.6,1.3
28008,"KELLOGG'S, EGGO, Wafflers, Strawberry Strudel",318.0,5.0,50.0,11.0,1.2
28009,"KELLOGG'S, EGGO, Waffles, Blueberry",265.0,5.5,41.7,8.7,1.1
28010,"KELLOGG'S, EGGO, Waffles, Buttermilk",278.0,6.6,39.0,10.9,1.2
28011,"KELLOGG'S, EGGO, Waffles, Cinnamon Toast",325.0,5.5,49.5,11.9,1.4
28012,"KELLOGG'S, EGGO, FIBERPLUS Waffles, Buttermilk",227.0,4.7,41.8,7.9,13.2
28013,"KELLOGG'S, EGGO, FIBERPLUS Waffles, Chocolate Chip",259.0,4.3,44.4,10.5,12.9
28014,"KELLOGG'S, EGGO, Waffles, French Toast",305.0,5.8,43.4,12.2,1.2
28015,"KELLOGG'S, EGGO, Waffles, Homestyle",278.0,6.6,39.8,10.55,1.2
28016,"KELLOGG'S, EGGO Protein, Waffles, Homestyle",281.0,10.8,37.0,10.2,1.2
28017,"KASHI, TLC, Pita Crisps, Sea Salt",381.0,10.5,72.4,9.2,14.7
28018,"KELLOGG'S, EGGO, NUTRI-GRAIN, Waffles, Blueberry",257.0,6.2,43.6,7.8,3.9
28019,"KELLOGG'S, EGGO, NUTRI-GRAIN, Waffles, Honey Oat",268.0,6.6,44.1,8.6,3.8
28020,"KASHI, TLC, Pita Crisps, Zesty Salsa",381.0,11.0,71.6,9.3,15.3
28021,"KELLOGG'S, EGGO, NUTRI-GRAIN, Waffles, Original",239.0,6.6,37.6,8.3,3.9
28022,"KELLOGG'S, EGGO Seasons, Waffles, Pumpkin Spice",296.0,5.5,41.4,12.2,1.5
28023,"KELLOGG'S, SIMPLY EGGO, Original",294.0,6.2,43.3,10.9,1.3
28024,"KELLOGG'S, EGGO, Waffles, Strawberry",265.0,5.5,41.6,8.7,1.1
28025,"KELLOGG'S, EGGO, Thick & Fluffy, Waffles, Brown Sugar",307.0,5.8,44.5,11.9,1.1
28026,"KELLOGG'S, EGGO, Thick & Fluffy, Waffles, Original",295.0,6.5,37.4,13.6,1.1
28027,"FAMOUS AMOS, Chocolate Chip Cookies",503.0,4.5,67.7,24.1,2.8
28028,"FAMOUS AMOS, Chocolate Chip Pecan Cookies",519.0,5.8,63.8,27.0,3.3
28029,"GIRL SCOUTS, Caramel Dulce De Leche Cookies",520.0,5.1,64.8,27.1,1.3
28030,"GIRL SCOUTS, Chalet Cookies",478.0,4.2,72.3,19.1,1.5
28031,"GIRL SCOUTS, Do-si-dos Cookies",478.0,8.1,66.0,21.4,3.7
28032,"GIRL SCOUTS, Samoas Cookies",489.0,3.5,64.1,25.8,4.4
28033,"GIRL SCOUTS, Tagalongs Cookies",558.0,8.1,52.2,35.3,3.5
28034,"GIRL SCOUTS, Thank U Berry Munch Cookies",491.0,4.6,70.0,21.6,1.8
28035,"GIRL SCOUTS, Thin Mints Cookies",502.0,4.5,67.3,24.2,2.3
28036,"GIRL SCOUTS, Trefoils Cookies",498.0,5.7,68.0,22.9,1.6
28037,"JACKSON'S, Old Fashioned Lemon Jumble Cookies",469.0,5.7,71.7,18.1,1.4
28038,"JACKSON'S, Old Fashioned Vanilla Wafers",453.0,5.0,74.0,15.4,1.1
28039,"KASHI, TLC, Happy Trail Mix Cookies",451.0,8.1,63.86,18.1,13.7
28040,"KASHI, TLC, Oatmeal Dark Chocolate Cookies",426.0,7.2,67.0,16.3,12.2
28041,"KASHI, TLC, Oatmeal Raisin Flax Cookies",414.0,7.7,67.0,15.2,12.8
28043,"KEEBLER, ANIMALS, Cookies",450.0,5.6,75.3,14.2,1.4
28044,"KEEBLER, ANIMALS, Frosted Cookies",506.0,3.0,70.0,24.1,0.9
28045,"KEEBLER, ANIMALS, Iced Cookies",459.0,5.6,74.2,15.6,1.6
28046,"KEEBLER, ANIMALS, Crackers",450.0,5.6,75.3,14.2,1.4
28047,"KEEBLER, BAKER'S TREASURES, Chocolate Chip Cookie, soft",437.0,5.3,69.9,16.0,2.4
28048,"KEEBLER, BAKER'S TREASURES, Oatmeal Raisin Cookie, soft",420.0,6.1,69.1,14.4,3.6
28049,"KEEBLER, Cheese & Cheddar Sandwich Crackers",502.0,8.1,59.5,25.9,1.3
28050,"KEEBLER, Club & Cheddar Sandwich Crackers",494.0,8.4,61.3,24.0,1.3
28051,"KEEBLER, Cheese on Wheat Sandwich Crackers",499.0,8.4,59.8,25.4,1.8
28052,"KEEBLER, CHIPS DELUXE, Chocolate Lovers Cookies",508.0,5.5,63.0,27.2,3.1
28053,"KEEBLER, CHIPS DELUXE, Chocolate Malt Chunk Cookies",537.0,4.7,61.8,30.4,1.7
28054,"KEEBLER, CHIPS DELUXE, Coconut Cookies",530.0,5.7,61.5,29.3,3.7
28055,"KEEBLER, CHIPS DELUXE, Dark Chocolate Chunk Cookies",518.0,4.3,64.0,27.5,2.6
28056,"KEEBLER, CHIPS DELUXE, Mini Chocolate Chip Cookies",498.0,5.2,68.0,23.1,2.4
28057,"KEEBLER, CHIPS DELUXE, Oatmeal Chocolate Chip Cookies",500.0,6.4,65.3,24.1,4.4
28058,"KEEBLER, CHIPS DELUXE, Original Chocolate Chip Cookies",517.0,5.5,62.7,28.3,2.9
28059,"KEEBLER, CHIPS DELUXE, Peanut Butter Cups Cookies",519.0,6.0,60.8,28.9,2.3
28060,"KEEBLER, CHIPS DELUXE, Rainbow Chocolate Chip Cookies",502.0,5.1,65.0,25.5,2.4
28061,"KEEBLER, CHIPS DELUXE, Rainbow Chocolate Chip Cookies, bite size",505.0,4.75,68.55,23.9,1.7
28062,"KEEBLER, CHIPS DELUXE, Soft 'n Chewy Chocolate Chip Cookies",464.0,4.2,67.4,20.7,2.5
28064,"KEEBLER, CLUB, Dash of Salt Crackers",490.0,6.8,66.3,22.4,2.1
28065,"KEEBLER, CLUB, Minis Original Crackers",479.0,6.0,66.4,21.2,2.2
28066,"KEEBLER, CLUB, Minis Multigrain Crackers",470.0,7.3,67.4,19.8,3.7
28067,"KEEBLER, CLUB, Multigrain Crackers",466.0,7.1,65.9,20.4,3.5
28068,"KEEBLER, CLUB, Original Crackers",486.0,5.5,66.2,22.1,1.9
28069,"KEEBLER, CLUB, Reduced Fat Crackers",441.0,6.1,73.1,13.9,2.0
28070,"KEEBLER, CLUB Crackers, Snack Sticks, Honey Wheat",471.0,6.5,66.0,21.3,3.1
28071,"KEEBLER, CLUB Crackers, Snack Sticks, Original",475.0,6.0,65.0,22.2,2.4
28072,"KEEBLER, Country Style Oatmeal Cookies with Raisins",482.0,6.5,67.0,21.3,3.6
28073,"KEEBLER, Danish Wedding Cookies",504.0,3.9,68.3,24.1,2.6
28074,"KEEBLER, E.L. FUDGE, Butter Flavored Cookies",482.0,5.5,70.0,20.5,3.4
28075,"KEEBLER, E.L. FUDGE, Double Stuffed Cookies",512.0,4.6,67.6,24.8,4.1
28076,"KEEBLER, FUDGE SHOPPE, Cheesecake Middles, Dark Chocolate",506.0,4.4,64.7,26.5,4.1
28077,"KEEBLER, FUDGE SHOPPE, Cheesecake Middles, Original Graham Cookies",507.0,4.2,65.5,26.2,3.2
28078,"KEEBLER, FUDGE SHOPPE, Mint Creme Middles, Chocolate Graham Cookies",516.0,4.3,65.4,27.2,3.2
28079,"KEEBLER, FUDGE SHOPPE, Coconut Dreams Cookies",499.0,3.5,61.4,28.0,3.3
28080,"KEEBLER, FUDGE SHOPPE, Deluxe Grahams Cookies",511.0,4.0,66.6,25.8,2.2
28081,"KEEBLER, FUDGE SHOPPE, Caramel Filled Cookies",506.0,2.9,66.7,25.4,1.6
28082,"KEEBLER, FUDGE SHOPPE, Peanut Creme Filled Cookies",537.0,7.2,57.6,31.1,3.3
28083,"KEEBLER, FUDGE SHOPPE, Triple Fudge Filled Cookies",533.0,3.6,64.2,29.4,3.0
28084,"KEEBLER, FUDGE SHOPPE, Fudge-Dipped Ice Cream Cups",485.0,6.0,73.1,18.8,2.2
28085,"KEEBLER, FUDGE SHOPPE, Fudge Grahams, 1/2 Dipped, Reduced Fat",470.0,5.6,73.7,17.0,3.2
28086,"KEEBLER, FUDGE SHOPPE, Fudge Sticks",529.0,2.6,68.8,27.1,1.3
28087,"KEEBLER, FUDGE SHOPPE, Fudge Stripes, Dark Chocolate",487.0,4.3,70.1,21.5,3.1
28088,"KEEBLER, FUDGE SHOPPE, Fudge Stripes, Holiday/Spiderman",498.0,4.1,68.8,23.6,1.9
28089,"KEEBLER, FUDGE SHOPPE, Fudge Stripes, Mini",497.0,4.2,68.7,23.1,1.8
28091,"KEEBLER, FUDGE SHOPPE, Fudge Stripes, Oatmeal",478.0,5.5,66.4,23.8,7.1
28092,"KEEBLER, FUDGE SHOPPE, Fudge Stripes, Original",500.0,4.1,68.6,23.5,1.9
28093,"KEEBLER, FUDGE SHOPPE, Grasshopper Cookies, Fudge Mint",499.0,4.0,68.3,23.7,2.4
28094,"KEEBLER, FUDGE SHOPPE, Jumbo Fudge Sticks, Vanilla",530.0,2.4,68.6,27.3,1.7
28095,"KEEBLER, FUDGE SHOPPE, Jumbo Fudge Sticks, Peanut Butter",537.0,7.1,60.6,30.2,3.2
28096,"KEEBLER, FUDGE SHOPPE, Magic Middles Fudge Filled Cookies, Original",521.0,5.0,62.5,28.2,1.9
28097,"KEEBLER, FUDGE SHOPPE, Merry Mint Patties, Holiday",528.0,2.9,66.7,27.7,1.4
28098,"KEEBLER, FUDGE SHOPPE, Magic Middles Fudge Filled Cookies, Peanut Butter",514.0,6.9,59.2,28.4,2.7
28100,"KEEBLER, FUDGE SHOPPE, Fudge Sticks, Peanut Butter",544.0,6.8,60.0,31.4,2.7
28101,"KEEBLER, Cinnamon Toast Grahams",429.0,7.3,73.9,13.2,4.8
28102,"KEEBLER, GRIPZ, CHIPS DELUXE, Chocolate Chip Cookies, bite-size",473.0,5.3,71.3,19.3,2.5
28103,"KEEBLER, GRIPZ, CHIPS DELUXE, Rainbow Chocolate Chip Cookies, bite-size",470.0,4.7,74.3,17.7,1.8
28104,"KEEBLER, GRIPZ, Chocolate Chip Grahams, bite-size",433.0,7.4,75.6,12.9,11.0
28105,"KEEBLER, GRIPZ, Cinnamon Grahams, bite-size",415.0,7.4,75.6,12.9,10.4
28106,"KEEBLER, Almond Crescents Cookies, Holiday",482.0,5.1,70.1,20.5,1.6
28107,"KEEBLER, Gingerbread Men Cookies, Holiday",444.0,4.9,77.9,12.8,2.1
28108,"KEEBLER, Holiday Jingles Cookies",470.0,5.0,73.9,17.4,1.5
28109,"KEEBLER, Iced Oatmeal Cookies",467.0,6.5,69.5,18.3,4.1
28110,"KEEBLER, Toast & Peanut Butter Sandwich Crackers",489.0,10.6,60.2,23.8,3.2
28111,"KEEBLER, READY CRUST, Chocolate Pie Crust",490.0,5.1,67.7,22.05,1.8
28112,"KEEBLER, READY CRUST, Shortbread Pie Crust",502.0,4.4,69.1,23.1,1.3
28113,"KEEBLER, 100 Calorie RIGHT BITES, CHIPS DELUXE, Chocolate Chip Cookies",452.0,4.7,77.7,13.3,3.1
28114,"KEEBLER, 100 Calorie RIGHT BITES, FUDGE SHOPPE, Dark Chocolate Fudge Stripes Cookies",479.0,4.5,71.2,20.1,3.2
28115,"KEEBLER, 100 Calorie RIGHT BITES, FUDGE SHOPPE, Fudge Covered Pretzels",455.0,7.5,71.3,17.0,3.9
28116,"KEEBLER, 100 Calorie RIGHT BITES, FUDGE SHOPPE, Cookies 'N Creme",471.0,4.0,72.2,19.1,2.4
28117,"KEEBLER, 100 Calorie RIGHT BITES, FUDGE SHOPPE, Mini Brownies",455.0,4.5,65.1,20.1,2.8
28118,"KEEBLER, 100 Calorie RIGHT BITES, FUDGE SHOPPE, Mini Fudge Grahams Cookies",467.0,4.5,73.2,17.9,2.3
28119,"KEEBLER, 100 Calorie RIGHT BITES, FUDGE SHOPPE, Mini Fudge Stripes Cookies",470.0,4.0,74.3,17.8,1.9
28120,"KEEBLER, 100 Calorie RIGHT BITES, FUDGE SHOPPE, Mini Mints Grasshopper Cookies",456.0,5.2,75.0,15.4,2.9
28121,"KEEBLER, 100 Calorie RIGHT BITES, Sandies Shortbread Cookies, Fudge Dipped",462.0,4.1,72.4,20.1,13.2
28122,"KEEBLER, 100 Calorie RIGHT BITES, Sandies Shortbread Cookies",468.0,5.2,73.9,17.2,1.4
28123,"KEEBLER, 100 Calorie RIGHT BITES, White Fudge Dipped Pretzels",483.0,7.0,68.8,20.0,2.3
28124,"KEEBLER, SANDIES, Cashew Shortbread Cookies",535.0,6.3,59.3,30.6,1.5
28125,"KEEBLER, SANDIES, Chocolate Chip & Pecan Shortbread Cookies",546.0,5.6,59.2,32.1,2.4
28126,"KEEBLER, SANDIES, Dark Chocolate Almond Shortbread Cookies",540.0,6.1,59.9,31.0,2.6
28127,"KEEBLER, SANDIES, Pecan Shortbread Cookies",541.0,5.0,59.0,31.7,1.9
28128,"KEEBLER, SANDIES, Pecan Shortbread Cookies, bite size",547.0,5.0,58.7,32.6,1.6
28129,"KEEBLER, SANDIES, Pecan Shortbread Cookies, Reduced Fat",488.0,6.7,67.1,21.8,2.1
28130,"KEEBLER, SOFT BATCH, Chocolate Chip Cookies",477.0,3.6,66.2,22.1,1.7
28131,"KEEBLER, Sweet Cremes Cookies",469.0,4.5,71.0,19.3,1.3
28132,"KEEBLER, Toasted Coconut Cookies",475.0,3.8,69.9,20.2,2.3
28133,"KEEBLER, TOASTEDS, Buttercrisps Crackers",495.0,5.5,65.0,23.7,1.8
28134,"KEEBLER, TOASTEDS, Party Pack Cracker Assortment",483.0,6.5,64.4,23.0,2.9
28135,"KEEBLER, TOASTEDS, Onion Crackers",479.0,5.7,67.7,20.6,2.2
28136,"KEEBLER, TOASTEDS, Sesame Crackers",496.0,6.6,62.6,24.3,2.8
28137,"KEEBLER, TOASTEDS, Wheat Crackers",466.0,8.3,66.1,20.0,4.0
28138,"KEEBLER, TOWN HOUSE, Bistro Multigrain Crackers",460.0,7.3,67.0,19.5,3.4
28139,"KEEBLER, TOWN HOUSE, FLIPSIDES, Pretzel Crackers, Cheese",476.0,8.0,61.3,22.5,2.1
28140,"KEEBLER, TOWN HOUSE, FLIPSIDES, Pretzel Crackers, Garlic Herb",486.0,6.5,63.0,23.6,2.2
28141,"KEEBLER, TOWN HOUSE, FLIPSIDES, Pretzel Crackers, Original",487.0,6.6,64.3,23.1,2.1
28142,"KEEBLER, TOWN HOUSE, Original Crackers",526.0,5.1,59.8,29.6,1.7
28143,"KEEBLER, TOWN HOUSE, Reduced Fat Crackers",431.0,6.6,77.1,11.3,2.2
28144,"KEEBLER, TOWN HOUSE, FLIPSIDES, Pretzel Crackers, Reduced Fat",450.0,7.2,70.4,16.0,2.3
28145,"KEEBLER, TOWN HOUSE, TOPPERS, Garlic Herb Crackers",483.0,6.4,71.6,19.0,2.8
28146,"KEEBLER, TOWN HOUSE, TOPPERS, Multigrain Crackers",462.0,7.6,68.4,18.5,3.4
28147,"KEEBLER, TOWN HOUSE, TOPPERS, Original Crackers",483.0,7.6,66.8,20.5,2.6
28148,"KEEBLER, TOWN HOUSE, Wheat Crackers",489.0,6.3,63.2,24.4,2.8
28149,"KEEBLER, TOWN HOUSE, FLATBREAD CRISPS, Sea Salt and Olive Oil Crackers",443.0,8.0,72.8,14.0,3.6
28150,"KEEBLER, TRADITIONS, Iced Lemonade Cookies",502.0,4.5,66.3,24.4,1.0
28151,"KEEBLER, TRADITIONS, Iced Oatmeal Cookies",463.0,5.4,71.0,18.0,2.7
28152,"KEEBLER, Vanilla Wafers Minis, Rainbow",466.0,4.0,72.3,18.3,1.3
28153,"KEEBLER, Vienna Fingers with Creme Filling",492.0,4.5,73.2,20.1,1.5
28154,"KEEBLER, Vienna Fingers with Creme Filling, Reduced Fat",465.0,4.5,78.1,15.0,1.5
28155,"KEEBLER, Waffle Bowls",424.0,6.5,87.7,5.3,1.8
28156,"KEEBLER, Waffle Cones",424.0,6.5,87.7,5.3,1.8
28157,"KEEBLER, WHEATABLES, Honey Wheat Crackers",482.0,7.6,67.0,20.4,3.3
28158,"KEEBLER, WHEATABLES, Nut Crisp Crackers, Roasted Almond",472.0,8.4,66.5,20.4,3.9
28159,"KEEBLER, WHEATABLES, Nut Crisp Crackers, Toasted Pecan",483.0,7.6,65.7,22.0,3.8
28160,"KELLOGG'S, ALL-BRAN, Garlic and Herb Crackers",467.0,8.6,63.5,19.9,16.3
28161,"KELLOGG'S, ALL-BRAN, Multigrain Crackers",415.0,8.6,65.7,20.0,16.4
28162,"KELLOGG'S, Corn Flakes Crumbs",367.0,7.5,84.4,0.4,1.2
28163,"KELLOGG'S, POP-TARTS, Frosted Apple Strudel Toaster Pastries",395.0,4.4,70.5,10.8,1.5
28164,"KELLOGG'S, POP-TARTS, Frosted Blueberry Muffin Toaster Pastries",397.0,4.0,70.9,10.9,1.1
28165,"KELLOGG'S, POP-TARTS, Chocolate Chip Cookie Dough Toaster Pastries",387.0,4.5,69.4,10.5,1.5
28167,"KELLOGG'S, POP-TARTS, Frosted Cinnamon Roll Toaster Pastries",416.0,4.7,67.8,14.1,1.4
28168,"KELLOGG'S, POP-TARTS, Frosted Confetti Cake Toaster Pastries",375.0,4.4,73.0,7.4,1.3
28169,"KELLOGG'S, POP-TARTS, Frosted Cookies & Creme Toaster Pastries",379.0,4.9,69.3,9.8,2.6
28170,"KELLOGG'S, POP-TARTS, Frosted Orange Cream Toaster Pastries",401.0,3.9,70.6,11.5,1.1
28171,"KELLOGG'S, POP-TARTS, Frosted Pumpkin Pie Toaster Pastries",394.0,4.7,70.6,10.5,1.5
28172,"KELLOGG'S, POP-TARTS, Frosted Spring Berry Toaster Pastries",390.0,4.0,72.3,9.6,1.3
28173,"KELLOGG'S, POP-TARTS, Frosted Sugar Cookie Toaster Pastries",393.0,4.5,70.2,10.6,1.3
28174,"KELLOGG'S, POP-TARTS, Frosted Waffle Cone Toaster Pastries",373.0,3.9,74.3,6.8,1.2
28175,"KELLOGG'S, POP-TARTS, Frosted Wild Fruit Fusion Toaster Pastries",391.0,3.9,72.3,9.7,1.3
28176,"KELLOGG'S, POP-TARTS, Frosted Wild Grape Toaster Pastries",390.0,4.1,71.8,9.8,1.3
28177,"KELLOGG'S, POP-TARTS, Frosted Wild Strawberry Toaster Pastries",391.0,3.9,72.1,9.7,1.3
28178,"KELLOGG'S, POP-TARTS, Ice Cream Shoppe Frosted Hot Fudge Sundae Toaster Pastries",391.0,4.4,69.8,10.8,3.3
28179,"KELLOGG'S, POP-TARTS, Ice Cream Shoppe Frosted Ice Creme Sandwich Toaster Pastries",390.0,4.6,69.4,10.9,3.5
28180,"KELLOGG'S, POP-TARTS, Ice Cream Shoppe Frosted Rainbow Chip Toaster Pastries",400.0,4.0,70.8,11.2,1.1
28181,"KELLOGG'S, POP-TARTS, Ice Cream Shoppe Frosted Strawberry Milkshake Toaster Pastries",397.0,4.0,70.0,11.3,2.7
28182,"KELLOGG'S, POP-TARTS, Ice Cream Shoppe Frosted Vanilla Milkshake Toaster Pastries",398.0,4.0,70.1,11.3,2.7
28183,"KELLOGG'S, POP-TARTS MINI CRISPS, Cinnamon Brown Sugar Baked Bites",433.0,4.8,79.0,11.0,1.7
28184,"KELLOGG'S, POP-TARTS MINI CRISPS, Frosted Chocolate Baked Bites",438.0,5.0,78.9,11.6,2.2
28185,"KELLOGG'S, POP-TARTS MINI CRISPS, Frosted Strawberry Baked Bites",440.0,4.7,79.1,11.8,1.5
28186,"KELLOGG'S, SPECIAL K, Cracker Chips, Cheddar",382.0,6.4,73.7,9.4,9.2
28187,"KELLOGG'S, SPECIAL K, Cracker Chips, Sea Salt",361.0,6.8,75.4,7.6,10.8
28188,"KELLOGG'S, SPECIAL K, Cracker Chips, Sour Cream & Onion",365.0,7.1,74.3,8.0,9.8
28189,"KELLOGG'S, SPECIAL K, Cracker Chips, Southwest Ranch",380.0,6.2,74.8,8.7,9.3
28190,"KELLOGG'S, SPECIAL K, Multigrain Crackers",401.0,9.0,75.4,9.4,8.6
28191,"KELLOGG'S, SPECIAL K, Savory Herb Crackers",406.0,10.9,73.8,10.0,9.8
28192,"KELLOGG'S, POP-TARTS, Gingerbread Toaster Pastries",393.0,4.1,70.8,10.5,1.4
28193,"KELLOGG'S, POP-TARTS, Yum-azing Vanilla Milkshake Toaster Pastries",398.0,4.1,70.2,11.3,2.7
28194,"MOTHER'S, 4th of July Circus Animal Cookies",487.0,3.8,68.3,25.4,0.8
28195,"MOTHER'S, Chocolate Chip Cookies",490.0,5.7,67.6,22.0,1.7
28196,"MOTHER'S, Circus Animal Cookies",515.0,3.8,68.3,25.3,0.8
28197,"MOTHER'S, Coconut Cocadas Cookies",500.0,5.7,65.1,25.1,3.0
28198,"MOTHER'S, Double Fudge Creme Sandwich Cookies",457.0,5.3,70.0,20.4,3.3
28199,"MOTHER'S, English Tea Sandwich Cookies",469.0,4.5,71.0,19.3,1.3
28200,"MOTHER'S, Halloween Circus Animals Cookies",514.0,3.8,68.1,25.3,0.8
28201,"MOTHER'S, Holiday Circus Animal Cookies",515.0,3.8,68.3,25.3,0.8
28202,"MOTHER'S, Iced Lemonade Cookies",502.0,4.5,66.3,24.4,1.0
28203,"MOTHER'S, Iced Oatmeal Cookies",463.0,5.4,71.0,18.0,2.7
28204,"MOTHER'S, Jungle Animal Cookies",514.0,3.8,68.3,25.3,0.8
28205,"MOTHER'S, Macaroon Cookies",552.0,6.1,55.7,34.1,4.1
28206,"MOTHER'S, Old Fashioned Chocolate Chip Cookies",500.0,5.4,66.0,24.1,2.2
28207,"MOTHER'S, Old Fashioned Iced Oatmeal Cookies",461.0,6.0,72.8,16.9,2.7
28208,"MOTHER'S, Peanut Butter Gauchos Cookies",482.0,7.4,65.7,22.0,2.7
28209,"MOTHER'S, Taffy Sandwich Cookies",475.0,3.8,69.9,20.2,2.3
28210,"MURRAY, SUGAR FREE, Vanilla Sugar Wafer",458.0,3.2,68.5,27.6,14.3
28211,"MURRAY, Chocolatey Chip Thins Cookies",466.0,7.1,73.6,16.4,2.0
28212,"MURRAY, COOKIE JAR CLASSICS, Coconut Bars Cookies",461.0,7.1,73.9,15.7,2.0
28213,"MURRAY, Duplex Creme Sandwich Cookies",475.0,4.9,72.6,18.8,1.8
28214,"MURRAY, Lemon Creme Sandwich Cookies",479.0,4.7,73.7,18.8,1.2
28215,"MURRAY, JACKS Vanilla Wafers",438.0,4.8,78.1,11.9,1.1
28216,"MURRAY, Old Fashioned Iced Oatmeal Cookies",459.0,5.0,71.0,17.5,1.7
28217,"MURRAY, SOUTHERN KITCHEN, Chocolate Chip Cookies",493.0,5.5,66.5,23.7,2.5
28218,"MURRAY, SOUTHERN KITCHEN, Coconut Cookies",511.0,5.7,65.5,25.5,3.0
28219,"MURRAY, SOUTHERN KITCHEN, Iced Oatmeal Cookies",467.0,6.5,69.5,18.3,4.1
28221,"MURRAY, SUGAR FREE, Chocolate Chip & Pecan Cookies",497.0,6.0,58.6,31.4,5.1
28222,"MURRAY, SUGAR FREE, Fudge Dipped Grahams",483.0,5.7,63.3,27.5,3.8
28223,"MURRAY, SUGAR FREE, Fudge Dipped Mint Cookies",481.0,6.0,63.5,27.0,4.6
28224,"MURRAY, SUGAR FREE, Fudge Dipped Wafers",486.0,3.4,61.2,33.5,13.3
28225,"MURRAY, SUGAR FREE, Peanut Butter Cookies",505.0,9.5,55.8,30.8,5.7
28226,"MURRAY, SUGAR FREE, Pecan Shortbread Cookies",514.0,5.9,57.3,33.5,4.6
28227,"MURRAY, SUGAR FREE, Lemon Creme Sandwich Cookies",469.0,4.9,68.3,23.9,3.3
28228,"MURRAY, SUGAR FREE, Vanilla Creme Sandwich Cookies",467.0,4.9,70.0,23.1,3.4
28229,"MURRAY, SUGAR FREE, Shortbread Cookies",431.0,7.0,71.6,17.8,5.7
28230,"MURRAY, SUGAR FREE, Shortbread Bites",371.0,6.5,75.3,15.5,14.9
28231,"MURRAY, SUGAR FREE, Vanilla Wafer",412.0,5.9,74.0,16.8,5.6
28232,"MURRAY, Vanilla Sugar Wafer",527.0,3.9,70.0,25.7,1.0
28233,"MURRAY, Vanilla Wafer",461.0,4.0,72.9,17.4,1.4
28234,"SUNSHINE, CHEEZ-IT, Asiago Crackers",502.0,8.7,62.6,24.7,2.1
28235,"SUNSHINE, CHEEZ-IT, Baby Swiss Crackers",503.0,8.6,63.1,24.7,2.2
28236,"SUNSHINE, CHEEZ-IT, BIG Crackers",507.0,11.4,57.4,26.3,2.4
28237,"SUNSHINE, CHEEZ-IT, Cheddar Jack Crackers",460.0,9.5,57.6,22.0,2.4
28238,"SUNSHINE, CHEEZ-IT, Colby Crackers",512.0,9.55,59.25,26.85,2.2
28239,"SUNSHINE, CHEEZ-IT, Duoz Sharp Cheddar Parmesan Crackers",500.0,9.7,60.5,25.0,2.3
28240,"SUNSHINE, CHEEZ-IT, Duoz Smoked Cheddar Monterey Jack Crackers",507.0,9.0,60.8,25.9,2.2
28241,"SUNSHINE, GRIPZ, Cheez-It Crackers",491.0,11.0,61.0,23.2,2.5
28242,"SUNSHINE, GRIPZ, Cheez-It Mixx and Cheesy Pizza Crackers",484.0,10.8,63.7,21.3,2.5
28243,"SUNSHINE, CHEEZ-IT, Hot & Spicy Crackers",513.0,8.3,61.2,26.1,2.9
28244,"SUNSHINE, CHEEZ-IT, Italian Four Cheese Crackers",500.0,8.4,62.4,24.6,2.2
28245,"SUNSHINE, CHEEZ-IT, Crackers (made with Whole Grain)",511.0,10.7,58.2,26.5,4.3
28246,"SUNSHINE, CHEEZ-IT, Mozzarella Crackers",500.0,8.6,64.1,23.8,2.2
28247,"SUNSHINE, CHEEZ-IT, Parmesan Garlic Crackers",503.0,8.5,62.0,25.1,2.1
28248,"SUNSHINE, CHEEZ-IT, Pepper Jack Crackers",503.0,8.8,61.9,25.0,2.6
28249,"SUNSHINE, CHEEZ-IT, White Cheddar, Reduced Fat Crackers",443.0,9.7,72.0,13.6,2.5
28250,"SUNSHINE, CHEEZ-IT, 100 Calorie RIGHT BITES, Extra Cheesy Party Mix",473.0,8.5,65.3,17.4,3.1
28251,"SUNSHINE, CHEEZ-IT, 100 Calorie Right Bites, Reduced Fat",452.0,13.3,67.0,14.6,2.2
28252,"SUNSHINE, CHEEZ-IT, Scrabble Jr. Crackers",466.0,10.9,67.9,17.3,2.6
28253,"SUNSHINE, CHEEZ-IT, Snack Mix",438.0,9.0,66.7,15.2,3.7
28254,"SUNSHINE, CHEEZ-IT, Snack Mix, White Cheddar",473.0,8.55,65.7,20.6,3.2
28255,"KEEBLER, ZESTA, Export Sodas Crackers",414.0,5.6,74.0,11.5,3.3
28256,"AUSTIN, Peanut Butter on Cheese Crackers, sandwich-type",492.0,10.8,59.0,24.5,3.2
28257,"AUSTIN, Peanut Butter on Toasty Crackers, sandwich-type",489.0,10.6,60.2,23.8,3.2
28258,"AUSTIN, Cheddar Cheese on Wafer Crackers, sandwich-type",489.0,7.8,62.6,23.0,1.3
28259,"KELLOGG'S, EGGO Minis, Pancakes, Buttermilk",251.0,5.5,39.6,8.2,1.0
28260,"KELLOGG'S, EGGO, Waffles, Chocolate Chip",291.0,5.8,44.8,10.1,1.5
28261,"FAMOUS AMOS, Chocolate Sandwich Creme Cookies",474.0,4.3,72.3,19.1,2.2
28262,"FAMOUS AMOS, Vanilla Sandwich Creme Cookies",485.0,4.9,73.8,19.3,1.3
28263,"KEEBLER, Grahams, Cinnamon Crisp",430.0,5.9,76.3,12.2,3.3
28264,"KEEBLER, Oatmeal Cookies",478.0,7.1,67.7,20.1,4.5
28265,"KEEBLER, Cheese & Peanut Butter Sandwich Crackers",492.0,10.8,59.0,24.5,3.2
28266,"KEEBLER, READY CRUST, Graham Pie Crust (10""), Reduced Fat",472.0,4.9,73.5,17.5,2.5
28267,"KEEBLER, SANDIES, Simply Shortbread Cookies",528.0,6.0,62.2,28.8,1.4
28268,"KEEBLER, Sugar Cones",375.0,7.3,78.0,3.7,2.1
28269,"MOTHER'S, Old Fashioned Oatmeal Cookies",470.0,6.5,71.2,18.4,3.0
28270,"MOTHER'S, Vanilla Sandwich Cookies",469.0,4.8,68.9,20.1,1.3
28271,"MURRAY, COOKIE JAR CLASSICS, Butter Cookies",463.0,7.2,74.3,15.7,1.9
28272,"MURRAY, Chocolate Creme Sandwich Cookies",473.0,4.9,71.3,19.4,2.2
28273,"MURRAY, Vanilla Creme Sandwich Cookies",477.0,4.9,73.9,18.3,1.3
28274,"MURRAY, Honey Graham",445.0,5.9,75.7,13.2,2.7
28275,"MURRAY, Old Fashioned Gingersnaps Cookies",463.0,5.1,73.9,16.4,1.3
28276,"MURRAY, SOUTHERN KITCHEN, Oatmeal Cookies",478.0,7.1,67.7,20.1,4.5
28277,"MURRAY, SUGAR FREE, Chocolate Chip Cookies",469.0,5.6,63.6,27.0,4.8
28278,"MURRAY, SUGAR FREE, Oatmeal Cookies",451.0,6.7,66.6,22.7,8.5
28279,"MURRAY, SUGAR FREE, Chocolate Creme Sandwich Cookies",465.0,5.3,65.9,24.8,4.5
28280,"SUNSHINE, CHEEZ-IT, Original Crackers",507.0,11.4,57.4,26.3,2.4
28281,"SUNSHINE, CHEEZ-IT, Reduced Fat Crackers",449.0,13.3,67.0,14.5,2.2
28282,"SUNSHINE, KRISPY, Soup & Oyster Crackers (large)",416.0,8.6,76.1,9.3,2.6
28283,"KEEBLER, ZESTA, Saltines, Original",418.0,8.2,76.1,9.0,2.5
28284,"KEEBLER, ZESTA, Saltines with Whole Wheat",416.0,8.4,75.1,9.6,3.2
28285,"Bread, chapati or roti, whole wheat, commercially prepared, frozen",299.0,7.85,46.13,9.2,9.7
28286,"Bread, paratha, whole wheat, commercially prepared, frozen",326.0,6.36,45.35,13.2,9.6
28287,"Bread, naan, whole wheat, commercially prepared, refrigerated",286.0,10.2,46.21,6.7,4.8
28288,"Bread, roll, Mexican, bollilo",318.0,10.65,55.77,5.8,2.2
28289,"Cookie, vanilla with caramel, coconut, and chocolate coating",489.0,3.5,64.1,25.8,4.4
28290,"Cookie, with peanut butter filling, chocolate-coated",562.0,8.1,52.9,35.3,3.5
28291,"Cookies, animal, with frosting or icing",509.0,3.0,70.09,24.1,0.9
28292,"Crackers, multigrain",482.0,7.1,67.6,20.4,3.5
28293,"Cookie, butter or sugar, with chocolate icing or filling",503.0,4.1,68.83,23.5,1.9
28294,"Cookie, chocolate, with icing or coating",507.0,4.5,67.87,24.2,2.3
28295,"Tortillas, ready-to-bake or -fry, whole wheat",310.0,9.76,45.89,9.76,9.8
28296,"Cake, snack cakes, creme-filled, chocolate with frosting, low-fat, with added fiber",409.0,3.71,69.37,13.0,14.9
28297,"Cake, snack cakes, not chocolate, with icing or filling, low-fat, with added fiber",412.0,3.71,74.3,11.14,14.9
28298,"Cookies, brownies, commercially prepared, reduced fat, with added fiber",345.0,2.77,61.58,9.68,11.1
28299,"Cookies, chocolate sandwich, with creme filling, reduced fat",436.0,2.94,76.17,13.24,2.9
28300,"Cookies, oatmeal sandwich, with creme filling",398.0,2.61,55.62,18.29,2.6
28301,"Cookies, peanut butter, commercially prepared, sugar free",523.0,10.34,50.52,31.03,3.4
28302,"Cookies, graham crackers, plain or honey, lowfat",386.0,5.71,77.96,5.71,5.7
28303,"Crackers, cheese, whole grain",412.0,9.62,57.29,16.03,6.4
28304,"Waffles, whole wheat, lowfat, frozen, ready-to-heat",257.0,7.14,49.16,3.57,4.3
28305,"Pancakes, plain, reduced fat",269.0,5.71,57.32,1.9,1.0
28306,"Bread, chapati or roti, plain, commercially prepared",297.0,11.25,46.36,7.45,4.9
28307,"Bread, naan, plain, commercially prepared, refrigerated",291.0,9.62,50.43,5.65,2.2
28308,"Crackers, standard snack-type, with whole wheat",463.0,7.29,68.37,17.84,4.9
28309,"Cookies, coconut macaroon",460.0,3.02,61.22,22.55,5.1
28310,"Cookies, shortbread, reduced fat",451.0,5.37,75.99,14.0,1.3
28311,"Cookies, sugar wafer, chocolate-covered",526.0,3.45,65.99,27.59,3.4
28312,"Rolls, hamburger or hot dog, wheat/cracked wheat",269.0,11.69,47.31,3.61,4.2
28313,"Rolls, hamburger or hot dog, whole wheat",269.0,12.38,44.93,4.38,6.1
28314,"Crackers, sandwich-type, peanut butter filled, reduced fat",437.0,8.33,63.49,16.67,2.8
28315,"Bread, cinnamon",253.0,7.05,44.38,5.29,3.5
28316,"Bread, wheat, sprouted",188.0,13.16,33.88,0.0,5.3
28317,"Bread, wheat, sprouted, toasted",205.0,14.3,36.82,0.0,5.7
28318,"Bread, french or vienna, whole wheat",239.0,8.33,49.1,1.04,4.2
28319,"Bagels, whole grain white",255.0,9.3,54.52,0.0,4.7
28320,"English muffins, whole grain white",245.0,7.02,50.17,1.75,3.5
28321,"Rolls, hamburger, whole grain white, calcium-fortified",255.0,9.3,46.5,3.49,2.3
28322,"Bagels, multigrain",241.0,9.9,47.47,1.24,6.2
28323,"Pancakes, plain, low fat, dry mix, incomplete (includes buttermilk)",384.0,7.4,74.69,6.17,2.5
28324,"Pancakes, whole wheat, dry mix, incomplete",350.0,10.53,74.11,1.32,7.9
28325,"Crackers, toast thins, low sodium",442.0,6.45,67.66,16.13,9.7
28326,"Crackers, whole grain, sandwich-type, with peanut butter filling",465.0,14.12,54.59,21.18,9.4
28327,"Crackers, water biscuits",384.0,7.14,72.81,7.14,7.1
28328,"Cookies, chocolate chip sandwich, with creme filling",425.0,2.94,63.52,17.65,0.0
28329,"Cookies, chocolate, made with rice cereal",440.0,3.23,63.26,19.35,1.6
28330,"Cookies, marshmallow, with rice cereal and chocolate chips",435.0,4.55,63.26,18.18,0.0
28331,"Crackers, flavored, fish-shaped",463.0,10.16,65.67,17.71,3.1
28332,"Cookies, gluten-free, chocolate sandwich, with creme filling",474.0,2.19,76.03,17.89,2.5
28333,"Cookies, gluten-free, chocolate wafer",541.0,4.06,62.82,30.42,1.6
28334,"Cookies, gluten-free, lemon wafer",515.0,0.0,74.39,24.18,0.0
28335,"Cookies, gluten-free, vanilla sandwich, with creme filling",493.0,2.66,74.61,20.47,0.5
28336,"Bread, gluten-free, white, made with potato extract, rice starch, and rice flour",320.0,3.13,52.83,10.7,3.5
28337,"Bread, gluten-free, white, made with rice flour, corn starch, and/or tapioca",248.0,4.31,45.78,5.24,4.3
28338,"Bread, gluten-free, white, made with tapioca starch and brown rice flour",298.0,5.4,51.15,8.02,5.5
28339,"Bread, gluten-free, whole grain, made with tapioca starch and brown rice flour",309.0,7.25,49.09,9.34,4.9
28340,"Rolls, gluten-free, white, made with brown rice flour, tapioca starch, and potato starch",310.0,7.99,55.1,6.4,3.6
28341,"Rolls, gluten-free, white, made with rice flour, rice starch, and corn starch",239.0,3.34,50.47,2.65,5.1
28342,"Rolls, gluten-free, white, made with brown rice flour, tapioca starch, and sorghum flour",257.0,5.65,40.24,8.2,2.9
28343,"Rolls, gluten-free, whole grain, made with tapioca starch and brown rice flour",329.0,11.8,44.29,11.6,11.2
28344,"Crackers, gluten-free, multigrain and vegetable, made with corn starch and white rice flour",456.0,2.5,76.94,15.41,3.0
28345,"Crackers, gluten-free, multi-seeded and multigrain",453.0,11.25,66.3,15.84,10.2
28346,"Waffles, gluten-free, frozen, ready-to-heat",263.0,2.72,43.05,8.84,1.4
28347,"Pancakes, gluten-free, frozen, ready-to-heat",215.0,3.31,40.32,4.55,1.5
28348,"Rolls, dinner, sweet",321.0,10.04,53.58,7.37,3.1
28349,"Cookies, oatmeal, reduced fat",365.0,4.02,64.62,10.04,16.1
28350,"Cookies, chocolate cream covered biscuit sticks",447.0,10.0,51.08,22.5,5.0
28351,"Cookies, Marie biscuit",406.0,7.05,70.54,10.58,3.5
28352,"Cookies, vanilla sandwich with creme filling, reduced fat",423.0,4.17,78.16,10.42,2.1
28354,"ANDREA'S, Gluten Free Soft Dinner Roll",257.0,5.65,40.24,8.2,2.9
28355,"CRUNCHMASTER, Multi-Grain Crisps, Snack Crackers, Gluten-Free",456.0,10.91,67.18,15.92,7.5
28356,"GLUTINO, Gluten Free Cookies, Chocolate Vanilla Creme",474.0,2.19,76.03,17.89,2.5
28357,"GLUTINO, Gluten Free Cookies, Vanilla Creme",487.0,2.19,77.34,18.79,0.0
28358,"GLUTINO, Gluten Free Wafers, Lemon Flavored",515.0,0.0,74.39,24.18,0.0
28359,"GLUTINO, Gluten Free Wafers, Milk Chocolate",541.0,4.06,62.82,30.42,1.6
28360,"MARY'S GONE CRACKERS, Original Crackers, Organic Gluten Free",446.0,12.06,64.29,15.63,16.2
28361,"PEPPERIDGE FARM, Goldfish, Baked Snack Crackers, Cheddar",457.0,11.71,66.2,16.11,
28362,"PEPPERIDGE FARM, Goldfish, Baked Snack Crackers, Explosive Pizza",458.0,9.56,67.2,16.82,
28363,"PEPPERIDGE FARM, Goldfish, Baked Snack Crackers, Original",467.0,9.42,65.81,18.42,2.4
28364,"PEPPERIDGE FARM, Goldfish, Baked Snack Crackers, Parmesan",459.0,11.16,64.7,17.29,3.5
28365,"PEPPERIDGE FARM, Goldfish, Baked Snack Crackers, Pizza",469.0,9.67,65.11,18.93,3.5
28366,"RUDI'S, Gluten-Free Bakery, Original Sandwich Bread",320.0,3.13,52.83,10.7,3.5
28367,"SAGE VALLEY, Gluten Free Vanilla Sandwich Cookies",499.0,3.13,71.88,22.15,1.0
28368,"SCHAR, Gluten-Free, Classic White Rolls",239.0,3.34,50.47,2.65,5.1
28369,"SCHAR, Gluten-Free, Wheat-Free, Classic White Bread",240.0,3.81,46.13,4.47,5.1
28370,"UDI'S, Gluten Free, Classic French Dinner Rolls",310.0,7.99,55.1,6.4,3.6
28371,"UDI'S, Gluten Free, Soft & Delicious White Sandwich Bread",298.0,5.4,51.15,8.02,5.5
28372,"UDI'S, Gluten Free, Soft & Hearty Whole Grain Bread",309.0,7.25,49.09,9.34,4.9
28373,"UDI'S, Gluten Free, Whole Grain Dinner Rolls",329.0,11.8,44.29,11.6,11.2
28374,"VAN'S, Gluten Free, Totally Original Pancakes",215.0,3.31,40.32,4.55,1.5
28375,"VAN'S, Gluten Free, Totally Original Waffles",248.0,2.99,40.54,8.22,
28376,"VAN'S, The Perfect 10, Crispy Six Whole Grain + Four Seed Baked Crackers, Gluten Free",471.0,7.63,67.57,18.93,
28377,"PEPPERIDGE FARM, 100% Whole Wheat Hamburger Buns",257.0,0.01,43.2,3.08,5.9
28378,"PEPPERIDGE FARM, Cinnamon Swirl Bread",300.0,0.01,52.9,5.0,3.2
28379,"PEPPERIDGE FARM, Raisin Cinnamon Swirl Bread",286.0,0.01,52.1,5.0,1.4
28380,"PEPPERIDGE FARM, Whole Grain 15 Grain Bread",270.0,0.01,45.8,4.9,10.7
28381,"PEPPERIDGE FARM, Farmhouse Hearty White Bread",267.0,0.01,60.16,2.98,2.0
28382,"PEPPERIDGE FARM, Farmhouse Oatmeal Bread",275.0,0.01,50.7,4.07,3.0
28383,"PEPPERIDGE FARM, Whole Grain 100% Whole Wheat Bread",263.0,0.01,47.2,3.5,9.3
28384,"PEPPERIDGE FARM, Farmhouse Sourdough Bread",269.0,0.01,50.3,3.53,1.6
28385,"PEPPERIDGE FARM, Jewish Rye Bread (Seedless)",253.0,0.01,45.0,3.4,4.7
28386,"PEPPERIDGE FARM, Pumpernickel Bread",259.0,0.01,46.9,3.4,5.3
28387,"PEPPERIDGE FARM, Hamburger Buns w/Sesame",280.0,0.01,49.9,4.08,3.1
28388,"PEPPERIDGE FARM, Deli Swirl Bread",247.0,0.01,44.7,3.1,4.7
28389,"PEPPERIDGE FARM, White Bread",280.0,0.01,50.2,5.1,1.6
28390,"PEPPERIDGE FARM, Light Style Wheat Bread",256.0,0.01,45.6,1.9,7.5
28391,"PEPPERIDGE FARM, Seeded Jewish Rye Bread",256.0,0.01,48.4,2.8,6.6
28392,"PEPPERIDGE FARM, Farmhouse 100% Whole Wheat Bread",269.0,0.01,46.1,4.81,7.7
28393,"PEPPERIDGE FARM, White Hoagie Roll",296.0,0.01,50.7,8.7,4.5
28394,"PEPPERIDGE FARM, Hamburger Bun",278.0,0.01,50.0,3.71,1.8
28395,"PEPPERIDGE FARM, Whole Grain Honey Whole Wheat Bread",263.0,0.01,47.7,3.5,9.8
28396,"PEPPERIDGE FARM, Whole Grain Oatmeal Bread",258.0,0.01,46.5,3.7,9.8
28397,"Bread, multi-grain (includes whole-grain)",265.0,13.36,43.34,4.23,7.4
28399,"Cookies, animal crackers (includes arrowroot, tea biscuits)",446.0,6.9,74.1,13.8,1.1
31001,"CAMPBELL'S, Tomato juice",21.0,0.82,4.12,0.0,0.8
31002,"CAMPBELL'S, Tomato juice, low sodium",21.0,0.82,4.12,0.0,0.8
31005,"CAMPBELL'S, V8 Vegetable Juice, Organic V8",20.0,0.41,4.53,0.0,0.8
31006,"CAMPBELL'S, Organic Tomato juice",21.0,0.82,4.12,0.0,0.8
31007,HEALTHY REQUEST Tomato juice,21.0,0.82,4.53,0.0,0.8
31008,"CAMPBELL'S, V8 100% Vegetable Juice",21.0,0.82,4.12,0.0,0.8
31010,"CAMPBELL'S, V8 Vegetable Juice, Essential Antioxidants V8",21.0,0.82,4.53,0.0,0.8
31011,"CAMPBELL'S, V8 Vegetable Juice, Calcium Enriched V8",21.0,0.82,4.53,0.0,0.8
31012,"CAMPBELL'S, V8 Vegetable Juice, Low Sodium V8",21.0,0.82,4.12,0.0,0.8
31013,"CAMPBELL'S, V8 Vegetable Juice, Spicy Hot V8",21.0,0.82,4.12,0.0,0.8
31014,"PACE, Jalapenos Nacho Sliced Peppers",13.0,0.0,3.33,0.0,3.3
31015,"PACE, Diced Green Chilies",27.0,0.0,6.67,0.0,3.3
31016,"CAMPBELL'S, V8 60% Vegetable Juice, V8 V-Lite",14.0,0.41,2.88,0.0,0.4
31017,"CAMPBELL'S, V8 Vegetable Juice, Low Sodium Spicy Hot",21.0,0.82,4.53,0.0,0.8
31018,"CAMPBELL'S, V8 Vegetable Juice, High Fiber V8",25.0,0.82,5.39,0.0,2.1
31019,"Seaweed, Canadian Cultivated EMI-TSUNOMATA, dry",259.0,15.34,46.24,1.39,36.7
31020,"Seaweed, Canadian Cultivated EMI-TSUNOMATA, rehydrated",31.0,1.86,5.62,0.17,4.5
31021,"Potatoes, hash brown, refrigerated, unprepared",84.0,1.75,19.16,0.08,1.8
31022,"Potatoes, hash brown, refrigerated, prepared, pan-fried in canola oil",242.0,3.24,33.99,10.3,3.6
31023,"Sweet Potatoes, french fried, frozen as packaged, salt added in processing",182.0,2.16,35.58,8.92,5.7
31024,"Sweet Potatoes, french fried, crosscut, frozen, unprepared",209.0,1.7,25.52,11.1,3.4
31025,"Sweet Potato puffs, frozen, unprepared",161.0,1.36,30.72,3.58,1.9
31026,"Potatoes, yellow fleshed, roasted, salt added in processing, frozen, unprepared",119.0,1.99,23.44,1.85,2.6
31027,"Potatoes, yellow fleshed, french fried, frozen, unprepared",162.0,2.47,25.01,5.84,2.2
31028,"Potatoes, yellow fleshed, hash brown, shredded, salt added in processing, frozen, unprepared",81.0,2.04,17.98,0.07,2.0
31029,"Potatoes, french fried, wedge cut, frozen, unprepared",166.0,2.56,22.22,7.47,2.4
31030,"Potatoes, french fried, steak cut, salt not added in processing, frozen, unprepared",138.0,2.4,24.31,3.42,2.4
31031,"Potatoes, french fried, cross cut, frozen, unprepared",193.0,2.7,22.95,10.0,2.3
31032,"Vegetable smoothie, NAKED JUICE, KALE BLAZER",28.0,0.8,7.0,0.07,0.7
31033,"Ginger root, pickled, canned, with artificial sweetener",20.0,0.33,4.83,0.1,2.6
31034,"Peppers, hot pickled, canned",22.0,0.8,4.56,0.4,2.6
31035,"Vegetable juice, BOLTHOUSE FARMS, DAILY GREENS",31.0,0.49,8.13,0.04,1.2
31036,"Potatoes, mashed, ready-to-eat",106.0,1.97,13.29,5.01,1.9
32000,"Rice and vermicelli mix, beef flavor, unprepared",359.0,10.84,76.02,1.27,1.6
32001,"Rice and vermicelli mix, beef flavor, prepared with 80% margarine",129.0,2.82,22.03,3.2,0.6
32002,"Rice and vermicelli mix, rice pilaf flavor, unprepared",359.0,10.42,76.31,1.37,1.2
32003,"Rice and vermicelli mix, rice pilaf flavor, prepared with 80% margarine",148.0,2.94,25.67,3.7,0.6
32004,"Macaroni and cheese, box mix with cheese sauce, unprepared",334.0,12.73,46.66,10.67,1.8
32005,"Macaroni and cheese, box mix with cheese sauce, prepared",164.0,6.68,23.1,4.99,1.2
32006,"Taquitos, frozen, chicken and cheese, oven-heated",284.0,9.21,33.63,12.54,2.9
32007,"Taquitos, frozen, beef and cheese, oven-heated",287.0,9.4,33.46,12.79,2.8
32008,"Pasta mix, classic cheeseburger macaroni, unprepared",349.0,11.6,71.51,1.88,2.7
32009,"Pasta mix, classic beef, unprepared",354.0,12.32,72.2,1.78,2.0
32010,"Pasta mix, Italian lasagna, unprepared",356.0,10.9,73.77,1.97,2.8
32011,"Yellow rice with seasoning, dry packet mix, unprepared",343.0,7.02,74.68,1.75,1.8
32012,"Pizza rolls, frozen, unprepared",328.0,8.73,50.72,9.98,1.2
32013,"Potsticker or wonton, pork and vegetable, frozen, unprepared",136.0,8.28,13.28,5.52,1.4
32014,"Macaroni or noodles with cheese, made from reduced fat packaged mix, unprepared",297.0,13.1,52.06,4.03,2.0
32015,"Turnover, cheese-filled, tomato-based sauce, frozen, unprepared",235.0,10.24,27.29,9.45,1.6
32016,"Macaroni or noodles with cheese, microwaveable, unprepared",388.0,11.48,70.75,6.56,1.6
32017,"Pasta mix, Italian four cheese lasagna, unprepared",355.0,12.53,70.26,2.7,2.6
32018,"Spanish rice mix, dry mix, unprepared",363.0,10.62,76.45,1.62,3.1
32019,"Lasagna, cheese, frozen, unprepared",145.0,5.06,21.61,4.22,1.7
32020,"Chicken, thighs, frozen, breaded, reheated",334.0,18.66,14.23,22.45,0.1
32021,"Spanish rice mix, dry mix, prepared (with canola/vegetable oil blend or diced tomatoes and margarine)",125.0,3.27,22.74,2.38,1.5
32022,"KASHI Three Cheese Ravioli with Mediterranean Tomato Sauce, frozen, unprepared",131.0,5.5,19.7,4.2,2.1
32023,"KASHI Mushroom & Asparagus Risotto, frozen, unprepared",116.0,4.3,17.0,3.7,2.6
32024,"Rice mix, cheese flavor, dry mix, unprepared",362.0,8.77,73.88,3.51,1.8
32025,"Dumpling, potato- or cheese-filled, frozen",195.0,5.26,29.64,6.14,0.9
32026,"Turnover, chicken- or turkey-, and vegetable-filled, reduced fat, frozen",168.0,7.87,21.74,5.51,3.1
32027,"Turnover, meat- and cheese-filled, tomato-based sauce, reduced fat, frozen",215.0,9.45,31.89,5.51,0.8
32028,"Turnover, filled with egg, meat and cheese, frozen",228.0,7.87,20.67,12.6,0.8
32029,"Rice mix, white and wild, flavored, unprepared",355.0,10.53,76.14,0.88,1.8
32030,"KASHI Italian Vegetable Medley Pasta, frozen, unprepared",106.0,4.7,16.3,2.6,2.7
32031,"Salisbury steak with gravy, frozen",149.0,6.98,6.78,10.47,1.0
32032,"Sausage, egg and cheese breakfast biscuit",324.0,9.54,21.57,22.13,2.0
32034,"HUNGRY MAN, Salisbury Steak With Gravy, frozen, unprepared",136.0,7.96,6.96,8.53,1.3
32035,"BANQUET, Salisbury Steak With Gravy, family size, frozen, unprepared",155.0,6.89,6.96,11.1,1.0
32036,"JIMMY DEAN, Sausage, Egg, and Cheese Breakfast Biscuit, frozen, unprepared",328.0,9.29,21.07,22.9,2.0
33862,"Infant Formula, MEAD JOHNSON, ENFAMIL, Premium, Newborn, powder",514.0,10.8,57.0,27.0,0.0
33863,"Infant Formula, MEAD JOHNSON, ENFAMIL, Premium LIPIL, Infant, powder",510.0,10.8,57.0,27.0,0.0
33864,"Infant Formula, MEAD JOHNSON, ENFAMIL, Premium LIPIL, Infant, Liquid concentrate, not reconstituted",129.0,2.73,14.42,6.83,0.0
33865,"Infant Formula, MEAD JOHNSON, ENFAMIL, Premium, Infant, Liquid concentrate, not reconstituted",129.0,2.72,14.34,7.1,0.0
33866,"Infant formula, MEAD JOHNSON, ENFAMIL, ENFAGROW, GENTLEASE, Toddler, LIPIL, powder",494.0,12.9,52.0,26.0,0.0
33867,"Infant formula, GERBER, GOOD START, PROTECT PLUS, powder",512.0,11.3,57.0,26.1,0.0
33868,"Infant Formula, GERBER GOOD START 2, GENTLE PLUS, powder",492.0,10.8,57.1,25.1,0.0
33869,"Infant formula, GERBER, GOOD START 2, PROTECT PLUS, powder",501.0,11.1,56.3,25.7,0.0
33870,"Infant formula, MEAD JOHNSON, ENFAMIL, ENFAGROW, Soy, Toddler, LIPIL, powder",470.0,15.7,56.0,21.0,0.0
33871,"Infant formula, ABBOTT NUTRITION, SIMILAC, GO AND GROW, powder, with ARA and DHA",512.0,15.36,52.2,27.65,0.0
33872,"Infant formula, GERBER, GOOD START 2 SOY, with iron, powder",501.0,12.5,55.6,25.6,0.0
33873,"Infant formula, MEAD JOHNSON, ENFAMIL, NUTRAMIGEN, AA LIPIL, powder, not reconstituted",500.0,14.0,51.0,26.0,0.0
33874,"Infant formula, MEAD JOHNSON, ENFAMIL, Premature, 20 calories ready-to-feed Low iron",66.0,1.97,7.21,3.34,0.0
33875,"Infant formula, MEAD JOHNSON, ENFAMIL, Premature, 24 calories ready-to-feed Low iron",67.0,1.97,7.19,3.34,0.0
33876,"Infant Formula, MEAD JOHNSON, ENFAMIL, Premium, Infant, ready-to-feed",66.0,1.38,7.39,3.48,0.0
33877,"Infant Formula, MEAD JOHNSON, ENFAMIL, Premium, Infant, powder",510.0,10.8,57.0,27.0,0.0
33878,"Babyfood, GERBER, Banana with orange medley",86.0,1.06,20.41,0.0,2.1
35001,"Agutuk, fish/berry with seal oil (Alaskan ice cream) (Alaska Native)",353.0,3.4,13.4,31.8,0.5
35003,"Agutuk, meat-caribou (Alaskan ice cream) (Alaska Native)",258.0,21.7,0.9,18.6,
35004,Ascidians (tunughnak) (Alaska Native),20.0,3.8,0.0,0.5,
35007,"Bear, black, meat (Alaska Native)",155.0,20.1,0.0,8.3,
35008,"Bear, polar, meat, raw (Alaska Native)",130.0,25.6,0.0,3.1,
35009,"Whale, beluga, meat, dried (Alaska Native)",327.0,69.86,0.0,5.34,0.0
35010,"Whale, beluga, eyes (Alaska Native)",291.0,19.6,0.0,23.3,0.0
35011,"Whale, beluga, meat, raw (Alaska Native)",111.0,26.5,0.0,0.5,0.0
35012,"Whale, beluga, flipper, raw (Alaska Native)",271.0,19.0,0.0,21.7,0.0
35013,"Whale, beluga, liver, raw (Alaska Native)",117.0,18.4,2.0,3.9,
35014,"Oil, beluga, whale (Alaska Native)",900.0,0.0,0.0,100.0,0.0
35015,"Blackberries, wild, raw (Alaska Native)",52.0,0.84,9.84,1.07,3.2
35016,"Fish, blackfish, whole (Alaska Native)",82.0,15.5,0.0,1.75,
35017,"Blueberries, wild, frozen (Alaska Native)",44.0,0.7,10.4,0.0,
35021,"Caribou, bone marrow, raw (Alaska Native)",786.0,6.7,0.0,84.4,
35022,"Caribou, eye, raw (Alaska Native)",326.0,10.8,0.0,31.4,
35023,"Caribou, liver, raw (Alaska Native)",122.0,15.0,6.8,3.9,
35024,"Stew/soup, caribou (Alaska Native)",41.0,3.8,4.8,0.7,0.1
35025,"Caribou, tongue, raw (Alaska Native)",260.0,13.7,0.0,22.8,
35026,"Chiton, leathery, gumboots (Alaska Native)",83.0,17.1,0.0,1.6,
35027,"Cloudberries, raw (Alaska Native)",51.0,2.4,8.6,0.8,
35028,"Cockles, raw (Alaska Native)",79.0,13.5,4.7,0.7,
35029,"Cranberries, wild, bush, raw (Alaska Native)",55.0,1.1,12.3,0.2,6.7
35030,"Cranberry, low bush or lingenberry, raw (Alaska Native)",55.0,0.4,12.2,0.5,
35034,"Fish, devilfish, meat (Alaska Native)",97.0,11.7,0.0,5.3,
35038,"Fireweed, young leaves, raw (Alaska Native)",44.0,3.0,6.3,0.8,6.0
35039,"Fish, herring eggs on giant kelp, Pacific (Alaska Native)",63.0,11.3,2.6,0.8,
35040,"Fish, herring eggs, Pacific, dry (Alaska Native)",312.0,60.4,2.8,6.6,
35041,"Fish, herring eggs, Pacific, plain (Alaska Native)",74.0,9.6,4.47,1.93,
35042,"Fish, herring, Pacific, flesh, air-dried, packed in oil (Alaska Native)",489.0,44.5,0.0,34.6,
35043,"Huckleberries, raw (Alaska Native)",37.0,0.4,8.7,0.1,
35046,"Fish, lingcod, meat, raw (Alaska Native)",79.0,17.9,0.0,0.8,
35047,"Fish, lingcod, liver (Alaska Native)",424.0,5.6,6.0,42.0,
35048,"Stew, moose (Alaska Native)",55.0,6.6,6.0,0.5,0.5
35049,"Moose, meat, raw (Alaska Native)",103.0,22.3,0.0,1.5,0.0
35050,"Mashu roots, raw (Alaska Native)",135.0,5.8,22.6,2.4,
35051,"Moose, liver, braised (Alaska Native)",155.0,24.38,3.43,4.89,
35052,"Mouse nuts, roots (Alaska Native)",81.0,3.9,16.1,0.1,
35053,"Mouse nuts, seedlings (Alaska Native)",104.0,7.3,16.3,1.1,
35054,Octopus (Alaska Native),56.0,12.3,0.0,0.8,
35055,"Seal, bearded (Oogruk), meat, dried (Alaska Native)",351.0,82.6,0.0,2.3,0.0
35056,"Seal, bearded (Oogruk), meat, raw (Alaska Native)",110.0,26.7,0.0,0.4,
35057,"Oil, bearded seal (Oogruk) (Alaska Native)",899.0,0.56,0.0,99.6,
35058,"Oopah (tunicate), whole animal (Alaska Native)",67.0,11.7,0.0,2.2,
35059,"Owl, horned, flesh, raw (Alaska Native)",136.0,22.7,0.0,5.0,
35060,"Fish, pike, northern, liver (Alaska Native)",156.0,16.6,4.3,8.0,
35063,"Rhubarb, wild, leaves (Alaska Native)",61.0,4.2,9.9,0.5,
35064,"Fish, salmon, tipnuk, fermented (Alaska Native)",159.0,15.9,0.0,10.6,
35065,"Fish, salmon, king, chinook, kippered, canned (Alaska Native)",266.0,30.7,0.0,15.9,
35066,"Fish, salmon, king, chinook, smoked and canned (Alaska Native)",150.0,23.2,0.0,5.9,
35067,"Fish, salmon, king, chinook, smoked, brined (Alaska Native)",430.0,39.9,0.0,30.0,0.0
35068,"Fish, salmon, king, chinook, liver (Alaska Native)",156.0,16.6,4.3,8.0,
35069,"Duck, scoter, white-winged, meat (Alaska Native)",84.0,20.2,0.0,0.4,
35070,"Sea cucumber, yane (Alaska Native)",56.0,13.0,0.0,0.4,
35071,"Seal, ringed, meat (Alaska Native)",142.0,28.4,0.0,3.2,
35072,"Seal, ringed, liver (Alaska Native)",116.0,18.6,2.9,3.3,
35073,"Soup, fish, homemade (Alaska Native)",72.0,7.4,5.6,2.2,
35074,"Sourdock, young leaves (Alaska Native)",42.0,2.3,6.5,0.7,
35075,"Squirrel, ground, meat (Alaska Native)",111.0,19.3,0.0,3.8,
35078,"Tea, tundra, herb and laborador combination (Alaska Native)",1.0,0.0,0.2,0.0,
35079,"Walrus, meat, dried (Alaska Native)",251.0,57.0,0.0,2.6,
35080,"Deer (venison), sitka, raw (Alaska Native)",116.0,21.5,0.0,2.66,
35081,"Walrus, meat, raw (Alaska Native)",199.0,19.2,0.0,13.6,
35082,"Walrus, meat and subcutaneous fat raw (Alaska Native)",282.0,16.3,0.0,24.1,
35083,"Walrus, liver, raw (Alaska Native)",125.0,21.0,3.5,3.0,
35084,"Oil, walrus (Alaska Native)",900.0,0.0,0.0,100.0,
35085,"Whale, bowhead, subcutaneous fat (blubber) (Alaska Native)",870.0,0.4,0.0,96.5,
35086,"Whale, bowhead, skin and subcutaneous fat (muktuk) (Alaska Native)",465.0,12.6,0.0,46.1,
35087,"Oil, whale, bowhead (Alaska Native)",900.0,0.0,0.0,100.0,
35088,"Fish, whitefish, broad, liver (Alaska Native)",104.0,11.0,5.1,4.4,
35089,"Fish, whitefish, mixed species, raw (Alaska Native)",131.0,18.9,0.0,6.1,
35091,"Fish, whitefish, broad, head, eyes, cheeks and soft bones (Alaska Native)",107.0,18.6,0.0,3.6,
35092,"Willow, leaves in oil (Alaska Native)",592.0,2.6,8.1,61.0,
35093,"Willow, young leaves, chopped (Alaska Native)",122.0,6.1,20.7,1.6,
35130,"Mush, blue corn with ash (Navajo)",54.0,0.66,11.74,0.49,1.1
35131,"Cornmeal, blue (Navajo)",398.0,10.4,76.93,5.44,8.7
35132,"Melon, banana (Navajo)",21.0,0.84,4.06,0.2,0.3
35133,Chilchen (Red Berry Beverage) (Navajo),44.0,0.81,8.68,0.63,
35134,"Corn, dried (Navajo)",386.0,9.88,74.93,5.22,
35135,"Corn, white, steamed (Navajo)",386.0,9.72,75.2,5.18,16.6
35136,"Cornmeal, white (Navajo)",398.0,10.99,77.14,5.04,10.4
35137,"Cornmeal, yellow (Navajo)",384.0,9.85,72.9,5.88,9.4
35138,"Squash, Indian, raw (Navajo)",26.0,0.52,5.64,0.2,
35139,"Squash, Indian, cooked, boiled (Navajo)",16.0,0.31,3.22,0.15,1.5
35140,"Bread, kneel down (Navajo)",195.0,4.29,39.47,2.21,
35141,"Mutton, cooked, roasted (Navajo)",234.0,33.43,0.08,11.09,
35142,"Frybread, made with lard (Navajo)",330.0,6.69,48.26,12.22,
35143,"Tortilla, includes plain and from mutton sandwich (Navajo)",237.0,7.28,49.94,0.95,2.4
35144,"Stew, dumpling with mutton (Navajo)",101.0,8.71,8.03,3.78,
35145,"Stew, hominy with mutton (Navajo)",83.0,6.71,9.38,2.06,2.0
35146,"Stew, mutton, corn, squash (Navajo)",103.0,8.62,7.27,4.34,1.7
35147,Tamales (Navajo),153.0,6.28,18.12,6.12,3.1
35148,"Stew, steamed corn (Navajo)",112.0,8.82,10.8,3.75,2.3
35149,"Fish, halibut, raw, with skin (Alaska Native)",116.0,20.53,1.81,2.92,0.0
35150,"Fish, salmon, coho (silver), raw (Alaska Native)",140.0,22.56,0.0,5.57,0.0
35151,"Fish, salmon, sockeye (red), raw (Alaska Native)",153.0,21.94,0.0,7.28,0.0
35152,"Fish, Salmon, Chum, raw (Alaska Native)",116.0,20.69,0.0,3.67,0.0
35153,"Fish, salmon, king (chinook), raw (Alaska Native)",187.0,20.25,0.0,11.73,0.0
35154,"Salmonberries, raw (Alaska Native)",47.0,0.85,10.05,0.33,1.9
35155,"Blueberries, wild, raw (Alaska Native)",61.0,1.22,12.31,0.76,2.6
35156,"Oil, spotted seal (Alaska Native)",894.0,0.0,0.0,99.32,0.0
35157,"Fish, salmon, red, canned, bones removed (Alaska Native)",161.0,27.31,0.0,5.76,0.0
35158,"Fish, whitefish, eggs (Alaska Native)",104.0,14.66,4.89,2.88,0.0
35160,"Caribou, rump meat, half dried (Alaska Native)",255.0,52.06,0.0,5.23,0.0
35161,"Caribou, shoulder meat, dried (Alaska Native)",271.0,59.38,0.0,3.67,0.0
35162,"Caribou, hind quarter meat, raw (Alaska Native)",122.0,22.63,0.0,3.37,0.0
35164,"Seal, bearded (Oogruk), meat, dried, in oil (Alaska Native)",367.0,35.31,0.0,25.08,0.0
35165,"Fish, whitefish, dried (Alaska Native)",371.0,62.44,0.0,13.44,0.0
35166,"Fish, salmon, red, (sockeye), canned, smoked (Alaska Native)",206.0,35.19,0.0,7.26,0.0
35167,"Fish, salmon, red, (sockeye), kippered (Alaska Native)",141.0,24.5,0.0,4.75,0.0
35168,"Fish, salmon, king, with skin, kippered, (Alaska Native)",209.0,23.19,0.0,12.95,0.0
35169,"Fish, sheefish, raw (Alaska Native)",115.0,22.25,0.0,2.84,0.0
35170,"Seal, bearded (Oogruk), meat, low quadrant, raw (Alaska Native)",186.0,23.63,0.0,10.17,0.0
35171,"Fish, salmon, chum, dried (Alaska Native)",378.0,62.09,0.0,14.38,0.0
35172,"Elk, free range, ground, cooked patties (Shoshone Bannock)",143.0,29.45,0.0,2.8,
35173,"Elk, free range, ground, raw (Shoshone Bannock)",97.0,20.14,0.0,1.8,0.0
35174,"Buffalo, free range, top round steak, raw (Shoshone Bannock)",97.0,21.44,0.0,1.3,
35175,"Seal, bearded (Oogruk), meat, partially dried (Alaska Native)",270.0,62.38,0.0,2.31,
35176,"Buffalo, free range, top round steak, cooked (Shoshone Bannock)",146.0,32.51,0.0,1.8,
35177,"Elk, free range, roast, eye of round, raw (Shoshone Bannock)",98.0,19.74,0.0,2.1,0.0
35178,"Elk, free range, roast, eye of round, cooked (Shoshone Bannock)",148.0,30.56,0.0,2.85,0.0
35179,"Chokecherries, raw, pitted (Shoshone Bannock)",156.0,2.89,33.88,0.98,17.0
35180,"Steelhead trout, dried, flesh (Shoshone Bannock)",382.0,77.27,0.0,8.06,0.0
35181,"Steelhead trout, boiled, canned (Alaska Native)",159.0,21.11,0.0,8.26,0.0
35182,Acorn stew (Apache),95.0,6.81,9.22,3.47,0.7
35183,"Corn, dried, yellow (Northern Plains Indians)",419.0,14.48,66.27,10.64,20.5
35184,"Smelt, dried (Alaska Native)",386.0,56.19,0.0,17.9,0.0
35185,"Frybread, made with lard (Apache)",309.0,8.38,46.01,10.14,1.7
35186,Corned beef and potatoes in tortilla (Apache),224.0,7.91,29.35,8.31,1.5
35187,"Tennis Bread, plain (Apache)",258.0,9.0,53.26,1.05,2.6
35188,"Fish, halibut, cooked, with skin (Alaska Native)",113.0,22.13,0.0,2.73,0.0
35190,"Salmon, red (sockeye), filets with skin, smoked (Alaska Native)",345.0,60.62,0.0,11.43,0.0
35192,"Agave, raw (Southwest)",68.0,0.52,16.23,0.15,6.6
35193,"Agave, cooked (Southwest)",135.0,0.99,32.0,0.29,10.6
35194,"Agave, dried (Southwest)",341.0,1.71,81.98,0.69,15.6
35195,"Cattail, Narrow Leaf Shoots (Northern Plains Indians)",25.0,1.18,5.14,0.0,4.5
35196,"Lambsquarters, raw (Northern Plains Indians)",47.0,4.21,6.96,0.28,6.3
35197,"Lambsquarters, steamed (Northern Plains Indians)",48.0,4.06,7.47,0.16,5.2
35198,"Prickly pears, raw (Northern Plains Indians)",42.0,0.12,10.17,0.11,5.3
35199,"Prickly pears, broiled (Northern Plains Indians)",91.0,0.39,21.57,0.31,
35200,"Prairie Turnips, raw (Northern Plains Indians)",156.0,2.62,35.67,0.36,8.0
35201,"Prairie Turnips, boiled (Northern Plains Indians)",129.0,1.64,29.99,0.32,7.2
35202,"Raspberries, wild (Northern Plains Indians)",62.0,1.12,13.85,0.28,7.5
35203,"Rose Hips, wild (Northern Plains Indians)",162.0,1.6,38.22,0.34,24.1
35204,"Chokecherries, raw, pitted (Northern Plains Indians)",162.0,3.04,33.62,1.69,20.0
35205,"Stinging Nettles, blanched (Northern Plains Indians)",42.0,2.71,7.49,0.11,6.9
35206,"Plums, wild (Northern Plains Indians)",91.0,0.43,21.95,0.17,6.0
35207,"Pinon Nuts, roasted (Navajo)",541.0,7.41,51.06,34.08,43.4
35211,"Caribou, hind quarter, meat, cooked (Alaska Native)",159.0,28.81,0.0,4.82,0.0
35225,"Agutuk, fish with shortening (Alaskan ice cream) (Alaska Native)",470.0,9.0,10.5,43.5,
35226,"Sea lion, Steller, liver (Alaska Native)",137.0,22.9,0.0,5.0,
35227,"Sea lion, Steller, kidney (Alaska Native)",93.0,18.1,1.4,1.7,
35228,"Sea lion, Steller, heart (Alaska Native)",102.0,17.0,1.0,3.3,
35229,"Sea lion, Steller, meat (Alaska Native)",120.0,25.85,0.0,1.88,
35230,"Sea lion, Steller, meat with fat (Alaska Native)",242.0,22.1,5.55,14.65,
35231,"Sea lion, Steller, fat (Alaska Native)",850.0,0.9,0.0,94.0,
35232,"Wocas, dried seeds, Oregon, yellow pond lily (Klamath)",361.0,7.9,80.02,1.07,19.2
35233,"Hazelnuts, beaked (Northern Plains Indians)",628.0,14.89,22.98,52.99,9.8
35234,"Piki bread, made from blue cornmeal (Hopi)",390.0,9.06,72.22,7.16,9.2
35235,"Wocas, tuber, cooked, Oregon, yellow pond lily (Klamath)",34.0,0.69,7.06,0.35,2.3
35236,"Stew, pinto bean and hominy, badufsuki (Hopi)",32.0,1.42,5.38,0.54,1.5
35237,"Tamales, masa and pork filling (Hopi)",168.0,13.19,18.28,4.7,3.3
35238,"Tea, herbal, brewed, Hohoysi (Hopi)",2.0,0.12,0.0,0.2,
35239,"Tortilla, blue corn, Sakwavikaviki (Hopi)",276.0,7.83,58.12,1.4,3.4
35240,"Bread, blue corn, somiviki (Hopi)",186.0,3.1,39.84,1.53,3.6
36000,"APPLEBEE'S, 9 oz house sirloin steak",189.0,26.85,0.0,9.08,
36001,"APPLEBEE'S, Double Crunch Shrimp",323.0,12.31,25.96,18.9,2.6
36002,"APPLEBEE'S, french fries",290.0,3.31,39.5,13.17,3.9
36003,"APPLEBEE'S, KRAFT, Macaroni & Cheese, from kid's menu",143.0,5.01,21.08,4.34,1.3
36004,"APPLEBEE'S, mozzarella sticks",316.0,14.87,22.87,18.37,2.1
36005,"APPLEBEE'S, chicken tenders, from kids' menu",296.0,19.25,18.36,16.15,1.2
36006,"T.G.I. FRIDAY'S, FRIDAY'S Shrimp, breaded",302.0,11.87,20.87,19.02,
36007,"T.G.I. FRIDAY'S, french fries",296.0,3.74,36.9,14.82,4.1
36008,"T.G.I. FRIDAY'S, fried mozzarella",333.0,15.82,25.33,18.76,2.2
36009,"T.G.I. FRIDAY'S, macaroni & cheese, from kid's menu",121.0,5.03,17.4,3.45,1.0
36010,"T.G.I. FRIDAY'S, chicken fingers, from kids' menu",330.0,18.11,17.72,20.78,0.9
36011,"T.G.I. FRIDAY'S, classic sirloin steak (10 oz)",196.0,31.02,0.47,7.83,
36012,"Restaurant, family style, fried mozzarella sticks",325.0,14.75,25.14,18.33,2.0
36013,"Restaurant, family style, sirloin steak",195.0,29.8,0.0,8.48,
36014,"Restaurant, family style, french fries",289.0,3.49,37.2,14.04,3.9
36015,"Restaurant, family style, chicken fingers, from kid's menu",307.0,18.68,18.77,17.45,1.1
36016,"Restaurant, family style, shrimp, breaded and fried",308.0,12.67,22.29,18.67,1.5
36017,"Restaurant, family style, macaroni & cheese, from kids' menu",151.0,5.42,18.8,6.06,1.1
36018,"APPLEBEE'S, fish, hand battered",202.0,13.23,16.65,9.14,0.9
36019,"APPLEBEE'S, chili",157.0,12.56,4.57,9.79,1.4
36020,"T.G.I. FRIDAY'S, chicken fingers",325.0,18.68,16.84,20.31,0.8
36021,"APPLEBEE'S, coleslaw",120.0,0.79,13.17,7.09,2.8
36022,"APPLEBEE'S, crunchy onion rings",356.0,4.58,40.17,19.61,3.1
36023,"APPLEBEE'S, chicken tenders platter",297.0,19.62,17.98,16.24,1.0
36024,"CRACKER BARREL, chicken tenderloin platter, fried",293.0,18.06,20.29,15.48,0.7
36025,"CRACKER BARREL, coleslaw",175.0,0.89,13.01,13.22,1.6
36026,"CRACKER BARREL, onion rings, thick-cut",327.0,4.78,40.95,16.0,2.2
36027,"DENNY'S, chicken strips",295.0,19.17,22.03,14.5,1.1
36028,"DENNY'S, coleslaw",183.0,0.97,10.88,15.03,1.3
36029,"DENNY'S, fish fillet, battered or breaded, fried",234.0,13.75,17.41,12.16,1.0
36030,"DENNY'S, hash browns",197.0,2.49,26.59,8.99,2.7
36031,"DENNY'S, onion rings",385.0,5.29,41.05,22.23,2.4
36032,"DENNY'S, spaghetti and meatballs",170.0,7.84,15.51,8.52,1.5
36033,"Restaurant, family style, fish fillet, battered or breaded, fried",219.0,13.49,16.89,10.79,0.9
36034,"Restaurant, family style, chicken tenders",302.0,18.88,19.29,16.63,0.9
36035,"Restaurant, family style, coleslaw",159.0,0.88,12.35,11.78,1.9
36036,"Restaurant, family style, onion rings",356.0,4.89,40.72,19.28,2.6
36037,"Restaurant, family style, chili with meat and beans",157.0,12.56,4.57,9.79,1.4
36038,"Restaurant, family style, spaghetti and meatballs",170.0,7.84,15.51,8.52,1.5
36039,"Restaurant, family style, hash browns",197.0,2.49,26.59,8.99,2.7
36040,"CRACKER BARREL, macaroni n' cheese",194.0,6.49,15.61,11.75,1.1
36041,"Restaurant, Italian, lasagna with meat",185.0,10.83,11.36,10.69,1.5
36042,"OLIVE GARDEN, lasagna classico",184.0,11.28,10.33,10.84,1.6
36043,"CARRABBA'S ITALIAN GRILL, lasagne",191.0,10.48,12.36,11.06,1.3
36044,"ON THE BORDER, Mexican rice",195.0,3.56,34.15,4.86,1.1
36045,"ON THE BORDER, refried beans",144.0,7.3,17.52,5.0,8.2
36046,"Restaurant, Italian, spaghetti with pomodoro sauce (no meat)",104.0,3.9,17.77,1.89,1.7
36047,"OLIVE GARDEN, spaghetti with pomodoro sauce",102.0,4.26,17.14,1.85,1.7
36048,"CARRABBA'S ITALIAN GRILL, spaghetti with pomodoro sauce",104.0,3.42,18.63,1.75,1.7
36049,"ON THE BORDER, cheese enchilada",271.0,11.67,16.2,17.74,1.8
36050,"Restaurant, Mexican, cheese enchilada",273.0,11.24,15.45,18.47,1.9
36051,"ON THE BORDER, cheese quesadilla",394.0,16.87,24.25,25.5,2.2
36052,"Restaurant, Mexican, cheese quesadilla",368.0,15.93,24.11,23.08,1.7
36053,"CARRABBA'S ITALIAN GRILL, cheese ravioli with marinara sauce",156.0,7.96,17.62,6.0,1.4
36054,"OLIVE GARDEN, cheese ravioli with marinara sauce",159.0,7.44,19.64,5.61,1.1
36055,"Restaurant, Italian, cheese ravioli with marinara sauce",154.0,7.07,18.5,5.7,1.2
36056,"Restaurant, Mexican, cheese tamales",216.0,8.99,17.97,11.99,2.2
36057,"CARRABBA'S ITALIAN GRILL, chicken parmesan without cavatappi pasta",206.0,19.0,7.8,10.95,0.9
36058,"OLIVE GARDEN, chicken parmigiana without pasta",211.0,15.33,12.28,11.23,0.9
36059,"Restaurant, Italian, chicken parmesan without pasta",204.0,16.17,10.92,10.64,0.9
36060,"ON THE BORDER, soft taco with ground beef, cheese and lettuce",229.0,13.19,19.28,11.05,1.8
36061,"Restaurant, Mexican, soft taco with ground beef, cheese and lettuce",219.0,12.56,17.92,10.81,1.5
36401,"Restaurant, Latino, chicken and rice, entree, prepared",174.0,12.02,20.03,5.06,1.2
36403,"Restaurant, Latino, empanadas, beef, prepared",335.0,11.31,31.19,18.37,2.0
36404,"Restaurant, Latino, arroz con leche (rice pudding)",146.0,3.2,24.92,3.69,0.5
36405,"Restaurant, Latino, Arroz con frijoles negros (rice and black beans)",151.0,4.64,24.4,3.85,3.4
36406,"Restaurant, Latino, Arroz con habichuelas colorados (Rice And Red Beans)",142.0,3.96,23.74,3.46,2.6
36407,"Restaurant, Latino, Arroz con grandules (rice and pigeonpeas)",182.0,3.5,30.75,4.98,1.4
36408,"Restaurant, Latino, pupusas con frijoles (pupusas, bean)",229.0,5.59,31.49,9.01,5.8
36409,"Restaurant, Latino, pupusas con queso (pupusas, cheese)",256.0,11.72,22.39,13.25,2.9
36410,"Restaurant, Latino, pupusas del cerdo (pupusas, pork)",232.0,11.51,23.02,10.43,2.6
36411,"Restaurant, Latino, tamale, corn",186.0,3.48,26.68,7.21,3.2
36412,"Restaurant, Latino, tamale, pork",174.0,7.35,15.75,9.04,2.4
36413,"Restaurant, Latino, black bean soup",103.0,5.1,14.79,2.57,4.9
36414,"Restaurant, Latino, tripe soup",74.0,8.61,4.07,2.58,
36415,"Restaurant, Latino, arepa (unleavened cornmeal bread)",219.0,5.48,37.14,5.38,2.6
36416,"Restaurant, Latino, bunuelos (fried yeast bread)",462.0,8.02,48.57,26.24,1.5
36417,"Restaurant, Mexican, spanish rice",185.0,3.28,31.16,5.29,1.2
36418,"Restaurant, Mexican, refried beans",156.0,6.91,16.79,6.77,8.0
36601,"Restaurant, Chinese, egg rolls, assorted",250.0,8.28,27.29,11.94,2.6
36602,"Restaurant, Chinese, fried rice, without meat",174.0,4.05,32.79,2.96,1.1
36603,"Restaurant, Chinese, beef and vegetables",105.0,7.08,7.29,5.3,1.5
36604,"CRACKER BARREL, chicken tenderloin platter, fried, from kid's menu",294.0,18.67,20.24,15.41,1.0
36605,"CRACKER BARREL, country fried shrimp platter",287.0,12.62,21.4,16.77,0.3
36606,"CRACKER BARREL, farm raised catfish platter",266.0,22.94,5.31,17.05,1.6
36607,"CRACKER BARREL, steak fries",255.0,3.26,30.87,13.18,3.5
36608,"CRACKER BARREL, grilled sirloin steak",203.0,31.52,0.0,8.52,
36609,"CRACKER BARREL, macaroni n' cheese plate, from kid's menu",192.0,6.46,15.58,11.51,0.7
36610,"DENNY'S, french fries",282.0,3.41,35.2,14.13,3.5
36611,"DENNY'S, mozzarella cheese sticks",324.0,13.56,27.22,17.87,1.6
36612,"DENNY'S, golden fried shrimp",319.0,13.88,20.93,20.01,1.5
36613,"DENNY'S, macaroni & cheese, from kid's menu",150.0,5.19,21.16,4.92,1.2
36614,"DENNY'S, chicken nuggets, star shaped, from kid's menu",377.0,16.27,13.59,28.57,0.8
36615,"DENNY'S, top sirloin steak",182.0,28.9,0.14,7.34,
36617,"Restaurant, Chinese, lemon chicken",252.0,11.87,20.61,13.55,1.0
36618,"Restaurant, Chinese, general tso's chicken",295.0,12.9,23.99,16.36,0.9
36619,"Restaurant, Chinese, kung pao chicken",129.0,9.76,6.87,6.98,1.5
36620,"Restaurant, Chinese, shrimp and vegetables",78.0,5.9,4.52,4.05,1.4
36621,"Restaurant, Chinese, sweet and sour chicken",250.0,10.1,23.86,12.65,1.0
36622,"Restaurant, Chinese, sweet and sour pork",270.0,8.91,23.34,15.66,1.0
36623,"Restaurant, Chinese, chicken chow mein",85.0,6.76,8.29,2.8,1.0
36624,"Restaurant, Chinese, vegetable chow mein, without meat or noodles",43.0,1.34,5.74,1.68,1.2
36625,"Restaurant, Chinese, vegetable lo mein, without meat",121.0,4.77,20.16,2.35,1.3
36626,"Restaurant, Chinese, chicken and vegetables",95.0,8.18,5.38,4.56,0.9
36629,"Restaurant, Chinese, orange chicken",262.0,14.46,22.46,12.68,0.8
36630,"Restaurant, Italian, spaghetti with meat sauce",121.0,5.79,16.4,3.59,1.6
36631,"OLIVE GARDEN, spaghetti with meat sauce",121.0,5.8,17.19,3.28,1.7
36632,"CARRABBA'S ITALIAN GRILL, spaghetti with meat sauce",122.0,5.87,15.71,3.92,1.5
36633,"Restaurant, Chinese, sesame chicken",293.0,14.33,26.88,14.25,0.7
42040,"Syrups, grenadine",268.0,0.0,66.91,0.0,0.0
42055,"Beverages, fruit-flavored drink, dry powdered mix, low calorie, with aspartame",218.0,0.45,87.38,0.04,0.1
42063,"Pectin, liquid",11.0,0.0,2.1,0.0,2.1
42074,"Frozen novelties, ice cream type, vanilla ice cream, light, no sugar added, chocolate coated",221.0,6.4,26.11,10.1,0.8
42116,"Creamy dressing, made with sour cream and/or buttermilk and oil, reduced calorie",160.0,1.5,7.0,14.0,0.0
42117,"Imitation cheese, american or cheddar, low cholesterol",390.0,25.0,1.0,32.0,0.0
42119,"Babyfood, banana juice with low fat yogurt",89.0,2.5,17.54,0.8,0.4
42120,"Babyfood, mixed fruit juice with low fat yogurt",76.0,2.4,14.68,0.8,0.4
42128,"Turkey ham, sliced, extra lean, prepackaged or deli-sliced",124.0,19.6,2.93,3.8,0.0
42129,"Bologna, beef and pork, low fat",230.0,11.5,2.6,19.3,0.0
42131,"Milk dessert, frozen, milk-fat free, chocolate",167.0,4.3,37.7,1.0,0.0
42135,"Whipped topping, frozen, low fat",224.0,3.0,23.6,13.1,0.0
42136,"Cream substitute, powdered, light",431.0,1.9,73.4,15.7,0.0
42137,"Salad dressing, peppercorn dressing, commercial, regular",564.0,1.2,3.5,61.4,0.0
42138,"Mayonnaise, reduced-calorie or diet, cholesterol-free",333.0,0.9,6.7,33.3,0.0
42139,"Granola bar, soft, milk chocolate coated, peanut butter",536.0,9.6,54.1,31.2,3.8
42140,"Salad dressing, italian dressing, reduced calorie",200.0,0.3,6.7,20.0,0.2
42141,"Cream substitute, liquid, light",71.0,0.8,9.1,3.5,0.0
42148,"Candies, MARS SNACKFOOD US, M&M's Peanut Butter Chocolate Candies",529.0,10.16,56.89,29.32,4.0
42150,"Babyfood, apple yogurt dessert, strained",96.0,0.8,19.5,1.6,0.5
42151,"Vegetable oil-butter spread, reduced calorie",465.0,0.0,0.0,53.0,0.0
42153,"Salad dressing, blue or roquefort cheese dressing, light",86.0,2.1,13.2,2.7,0.0
42155,"Cheese, monterey, low fat",313.0,28.2,0.7,21.6,0.0
42157,"Creamy dressing, made with sour cream and/or buttermilk and oil, reduced calorie, fat-free",107.0,1.4,20.0,2.7,0.0
42158,"Creamy dressing, made with sour cream and/or buttermilk and oil, reduced calorie, cholesterol-free",140.0,1.0,16.0,8.0,0.0
42161,"Bologna, beef, low fat",204.0,11.8,5.2,14.8,0.0
42171,"Salad dressing, french dressing, reduced calorie",227.0,0.4,27.0,13.0,0.0
42173,"Turkey and pork sausage, fresh, bulk, patty or link, cooked",307.0,22.7,0.7,23.0,0.0
42178,"Mayonnaise, made with tofu",322.0,5.95,3.06,31.79,1.1
42179,"Frankfurter, beef, low fat",233.0,12.0,1.6,9.5,0.0
42183,"Candies, MARS SNACKFOOD US, TWIX chocolate fudge cookie bars",550.0,7.3,56.0,33.3,3.0
42185,"Frozen yogurts, chocolate, nonfat milk, sweetened without sugar",107.0,4.4,19.7,0.8,2.0
42186,"Frozen yogurts, chocolate",127.0,3.0,21.6,3.6,2.3
42187,"Frozen yogurts, flavors other than chocolate",127.0,3.0,21.6,3.6,0.0
42189,"Milk, buttermilk, fluid, cultured, reduced fat",56.0,4.1,5.3,2.0,0.0
42190,"Pork sausage rice links, brown and serve, cooked",407.0,13.7,2.36,37.63,0.0
42192,"Salad dressing, blue or roquefort cheese dressing, fat-free",115.0,1.52,25.6,1.01,1.8
42193,"Salad Dressing, mayonnaise-like, fat-free",84.0,0.2,15.5,2.7,1.9
42196,"Candies, MARS SNACKFOOD US, MILKY WAY Midnight Bar",443.0,3.2,71.22,17.5,2.9
42200,Papad,371.0,25.56,59.87,3.25,18.6
42204,"Rice cake, cracker (include hain mini rice cakes)",392.0,7.1,81.1,4.3,4.2
42205,"Cheese, pasteurized process, cheddar or American, fat-free",148.0,22.5,13.4,0.8,0.0
42227,"Candies, MARS SNACKFOOD US, M&M's Almond Chocolate Candies",522.0,7.53,60.5,27.76,5.6
42230,"Salad Dressing, coleslaw dressing, reduced fat",329.0,0.0,40.0,20.0,0.4
42231,"Oil, flaxseed, cold pressed",884.0,0.11,0.0,99.98,0.0
42235,"Cheese, cottage, lowfat, 1% milkfat, lactose reduced",74.0,12.4,3.2,1.0,0.6
42236,"Cereals ready-to-eat, frosted oat cereal with marshmallows",400.0,7.1,84.7,3.33,4.3
42237,"Cereals ready-to-eat, WEETABIX whole grain cereal",371.0,11.43,81.5,2.86,11.4
42240,"Cereals ready-to-eat, POST, HONEY BUNCHES OF OATS, with almonds",409.0,7.7,79.6,7.3,5.5
42256,"Margarine-like, vegetable oil spread, stick or tub, sweetened",534.0,0.0,16.7,52.0,0.0
42258,"Cheese product, pasteurized process, cheddar, reduced fat",240.0,17.6,10.6,14.1,0.0
42259,"Snacks, popcorn, home-prepared, oil-popped, unsalted",500.0,9.0,58.1,28.1,10.0
42261,"Cereals ready-to-eat, POST, GREAT GRAINS Crunchy Pecan Cereal",403.0,9.0,73.0,10.5,9.7
42265,"Cereals ready-to-eat, POST, GREAT GRAINS, Raisin, Date & Pecan",378.0,7.9,74.3,7.1,9.3
42266,"Babyfood, juice, apple-sweet potato",48.0,0.3,11.4,0.1,0.5
42267,"Babyfood, juice, orange-carrot",43.0,0.5,9.9,0.1,0.4
42270,"Beverages, Orange juice drink",54.0,0.2,13.41,0.0,0.2
42272,"Snacks, granola bar, with coconut, chocolate coated",531.0,5.2,55.2,32.2,6.2
42278,"Babyfood, vegetable and brown rice, strained",69.0,1.9,12.1,1.5,1.1
42279,"Babyfood, peas and brown rice",64.0,3.4,11.49,0.5,2.5
42280,"Frankfurter, meat and poultry, low fat",121.0,15.5,8.4,2.8,0.1
42281,"Gums, seed gums (includes locust bean, guar)",332.0,4.6,77.3,0.5,77.3
42283,"Snacks, potato chips, white, restructured, baked",469.0,5.0,71.4,18.2,4.8
42284,"Babyfood, baked product, finger snacks cereal fortified",421.0,6.4,76.68,9.9,2.3
42285,"Babyfood, cereal, brown rice, dry, instant",406.0,8.7,85.98,3.0,6.5
42286,"Babyfood, green beans and turkey, strained",51.0,4.1,5.35,1.5,1.4
42289,"Oil, corn and canola",884.0,0.0,0.0,100.0,0.0
42290,"Milk, fluid, nonfat, calcium fortified (fat free or skim)",35.0,3.4,4.85,0.18,0.0
42291,"Peanut butter, reduced sodium",590.0,24.0,21.83,49.9,6.6
42297,"Cereals ready-to-eat, POST GREAT GRAINS Banana Nut Crunch",390.0,9.8,70.9,8.8,11.2
42303,"Cheese, muenster, low fat",271.0,24.7,3.5,17.6,0.0
42304,"Cheese, mozzarella, nonfat",141.0,31.7,3.5,0.0,1.8
42307,"Margarine-like, butter-margarine blend, 80% fat, stick, without salt",718.0,0.9,0.6,80.7,0.0
42309,"Margarine-like, vegetable oil-butter spread, reduced calorie, tub, with salt",450.0,1.0,1.0,50.0,0.0
42316,"Babyfood, carrots, toddler",26.0,0.6,5.23,0.3,2.3
43004,"Babyfood, dessert, banana pudding, strained",68.0,1.0,14.14,0.8,0.8
43006,"Babyfood, fruit, tutti frutti, strained",66.0,0.4,15.48,0.3,0.6
43007,"Babyfood, fruit, tutti frutti, junior",69.0,0.4,16.0,0.4,0.4
43008,"Babyfood, dinner, chicken and rice",51.0,1.6,9.2,0.9,1.1
43015,"Salad dressing, caesar dressing, regular",542.0,2.17,3.3,57.85,0.5
43016,"Salad dressing, coleslaw",390.0,0.9,23.8,33.4,0.1
43017,"Salad dressing, green goddess, regular",427.0,1.9,7.36,43.33,0.1
43019,"Salad dressing, sweet and sour",15.0,0.1,3.7,0.0,0.0
43020,"Salad dressing, blue or roquefort cheese, low calorie",99.0,5.1,2.9,7.2,0.0
43021,"Salad dressing, caesar, low calorie",110.0,0.3,18.6,4.4,0.1
43026,"Syrups, sugar free",52.0,0.8,12.13,0.0,0.7
43027,"Jellies, no sugar (with sodium saccharin), any flavors",121.0,0.55,29.6,0.0,2.2
43028,"Jams and preserves, no sugar (with sodium saccharin), any flavor",132.0,0.3,53.42,0.3,2.5
43031,"Candies, chocolate covered, caramel with nuts",470.0,9.5,60.67,21.0,4.3
43046,"Candies, nougat, with almonds",398.0,3.33,92.39,1.67,3.3
43057,"Candies, gum drops, no sugar or low calorie (sorbitol)",354.0,0.0,88.1,0.2,0.0
43058,"Candies, hard, dietetic or low calorie (sorbitol)",394.0,0.0,98.6,0.0,0.0
43059,"Candies, chocolate covered, low sugar or low calorie",590.0,12.39,37.68,43.27,3.5
43060,"Chewing gum, sugarless",268.0,0.0,94.8,0.4,2.4
43075,"Fluid replacement, electrolyte solution (include PEDIALYTE)",10.0,0.0,2.45,0.0,0.0
43078,"Beverage, milkshake mix, dry, not chocolate",329.0,23.5,52.9,2.6,1.6
43098,"Pie fillings, cherry, low calorie",53.0,0.82,11.98,0.16,1.2
43100,"Breakfast bars, oats, sugar, raisins, coconut (include granola bar)",464.0,9.8,66.7,17.6,3.1
43109,"Pretzels, soft",338.0,8.2,69.39,3.1,1.7
43112,"Beans, chili, barbecue, ranch style, cooked",97.0,5.0,16.9,1.0,4.2
43114,"Vermicelli, made from soy",331.0,0.1,82.32,0.1,3.9
43125,"Beans, liquid from stewed kidney beans",47.0,1.8,2.8,3.2,0.1
43128,"Chicken, meatless",224.0,23.64,3.64,12.73,3.6
43130,"Frankfurter, meatless",233.0,19.61,7.7,13.73,3.9
43131,"Luncheon slices, meatless",189.0,17.78,4.44,11.11,1.1
43132,"Meatballs, meatless",197.0,21.0,8.0,9.0,4.6
43134,Vegetarian fillets,290.0,23.0,9.0,18.0,6.1
43135,"Sandwich spread, meatless",149.0,8.0,9.0,9.0,3.3
43137,Vegetarian meatloaf or patties,197.0,21.0,8.0,9.0,4.6
43142,"Radishes, hawaiian style, pickled",28.0,1.1,5.2,0.3,2.2
43143,"Cabbage, japanese style, fresh, pickled",30.0,1.6,5.67,0.1,3.1
43144,"Cabbage, mustard, salted",28.0,1.1,5.63,0.1,3.1
43146,"Eggplant, pickled",49.0,0.9,9.77,0.7,2.5
43154,"Alcoholic beverage, wine, cooking",50.0,0.5,6.3,0.0,0.0
43155,"Alcoholic beverage, wine, light",49.0,0.07,1.17,0.0,0.0
43158,"Sweeteners, tabletop, saccharin (sodium saccharin)",360.0,0.94,89.11,0.0,0.0
43205,"Beverage, instant breakfast powder, chocolate, not reconstituted",353.0,19.9,66.2,1.4,0.4
43212,"Bacon bits, meatless",476.0,32.0,28.6,25.9,10.2
43214,"Butter replacement, without fat, powder",373.0,2.0,89.0,1.0,0.0
43215,"Salad dressing, buttermilk, lite",202.0,1.25,21.33,12.42,1.1
43216,"Sweeteners, tabletop, fructose, dry, powder",368.0,0.0,100.0,0.0,0.0
43217,"Tomato sauce, canned, no salt added",24.0,1.2,5.31,0.3,1.5
43218,"Cereals ready-to-eat, ALPEN",352.0,11.2,75.7,3.3,9.1
43241,"Cereals ready-to-eat, FAMILIA",388.0,9.5,73.8,6.3,8.5
43245,"Cereals ready-to-eat, wheat and bran, presweetened with nuts and fruits",385.0,7.1,76.2,5.6,9.7
43260,"Beverage, instant breakfast powder, chocolate, sugar-free, not reconstituted",358.0,35.8,41.0,5.1,2.0
43261,"Yogurt, fruit variety, nonfat",95.0,4.4,19.0,0.2,0.0
43268,"Whipped cream substitute, dietetic, made from powdered mix",100.0,0.9,10.6,6.0,0.0
43269,"Frozen novelties, ice cream type, sundae, prepackaged",185.0,4.3,29.4,6.0,0.3
43273,"Cheese, cottage, with vegetables",95.0,10.9,3.0,4.2,0.1
43274,"Cheese, cream, low fat",201.0,7.85,8.13,15.28,0.0
43275,"Cheese, pasteurized process, American, low fat",180.0,24.6,3.5,7.0,0.0
43276,"Cheese spread, cream cheese base",295.0,7.1,3.5,28.6,0.0
43278,"Cheese, american cheddar, imitation",239.0,16.7,11.6,14.0,0.0
43282,"Quail, cooked, total edible",227.0,25.1,0.0,14.1,0.0
43283,"Pheasant, cooked, total edible",239.0,32.4,0.0,12.1,0.0
43285,"Eggs, scrambled, frozen mixture",131.0,13.1,7.5,5.6,0.0
43287,"Dove, cooked (includes squab)",213.0,23.9,0.0,13.0,0.0
43297,"Pork, oriental style, dehydrated",615.0,11.8,1.4,62.4,0.0
43299,"Soybean, curd cheese",151.0,12.5,6.9,8.1,0.0
43311,"Potatoes, canned, drained solids, no salt added",62.0,1.4,13.6,0.2,2.4
43312,"Vegetables, mixed (corn, lima beans, peas, green beans, carrots) canned, no salt added",37.0,1.4,7.31,0.2,3.1
43325,"Pork, cured, ham, boneless, low sodium, extra lean and regular, roasted",165.0,22.0,0.5,7.7,0.0
43326,"Pork, cured, ham, low sodium, lean and fat, cooked",172.0,22.3,0.3,8.3,0.0
43327,"Pork, cured, ham, boneless, low sodium, extra lean (approximately 5% fat), roasted",145.0,20.9,1.5,5.5,0.0
43329,"Salad dressing, mayonnaise and mayonnaise-type, low calorie",263.0,0.9,23.9,19.0,0.0
43331,"Salad dressing, bacon and tomato",326.0,1.8,2.0,35.0,0.2
43340,"Cheese, parmesan, low sodium",451.0,41.6,3.7,29.99,0.0
43344,"Jams, preserves, marmalade, reduced sugar",151.0,0.0,37.6,0.1,1.5
43345,"Beverages, fruit-flavored drink, powder, with high vitamin C with other added vitamins, low calorie",227.0,0.25,91.0,0.16,2.2
43346,"Frozen novelties, juice type, orange",95.0,0.5,23.17,0.0,0.1
43352,"Cheese, cottage, lowfat, 1% milkfat, no sodium added",72.0,12.4,2.7,1.0,0.0
43355,"Mayonnaise, low sodium, low calorie or diet",231.0,0.3,16.0,19.2,0.0
43364,"Snacks, tortilla chips, unsalted, white corn",503.0,7.79,65.32,23.36,5.3
43365,"Tomato and vegetable juice, low sodium",22.0,0.6,4.59,0.1,0.8
43366,"Turkey, wing, smoked, cooked, with skin, bone removed",221.0,27.4,0.0,12.41,0.0
43367,"Turkey, drumstick, smoked, cooked, with skin, bone removed",208.0,27.9,0.0,9.8,0.0
43369,"Beverages, Chocolate-flavored drink, whey and milk based",49.0,0.64,10.68,0.4,0.6
43373,"Babyfood, dinner, chicken and noodle with vegetables, toddler",66.0,3.8,8.89,1.7,0.6
43378,"Pork, cured, bacon, cooked, broiled, pan-fried or roasted, reduced sodium",541.0,37.04,1.43,41.78,0.0
43379,"Cheese, pasteurized process, swiss, low fat",165.0,25.5,4.3,5.1,0.0
43382,"Cranberry juice, unsweetened",46.0,0.39,12.2,0.13,0.1
43384,"Beef, bologna, reduced sodium",310.0,11.7,2.0,28.4,0.0
43387,"Turnip greens, canned, no salt added",19.0,1.36,2.81,0.3,1.3
43390,"Turkey, light or dark meat, smoked, cooked, with skin, bone removed",208.0,28.1,0.0,9.7,0.0
43391,"Turkey, light or dark meat, smoked, cooked, skin and bone removed",170.0,29.3,0.0,5.0,0.0
43392,"Hearts of palm, raw",115.0,2.7,25.61,0.2,1.5
43393,"Cereals ready-to-eat, POST, Shredded Wheat n' Bran, spoon-size",339.0,10.93,80.65,2.06,14.7
43396,"Cheese, cottage, lowfat, 1% milkfat, with vegetables",67.0,10.9,3.0,1.0,0.0
43398,"Cheese, pasteurized process, cheddar or American, low sodium",376.0,22.2,1.6,31.19,0.0
43401,"Beverages, coffee, instant, with whitener, reduced calorie",509.0,1.96,59.94,29.1,0.5
43404,"Beverages, cranberry-apple juice drink, low calorie, with vitamin C added",19.0,0.1,4.7,0.0,0.1
43405,"Cheese, swiss, low sodium",374.0,28.4,3.4,27.4,0.0
43406,Yeast extract spread,185.0,23.88,20.42,0.9,6.5
43408,"Babyfood, juice, pear",47.0,0.0,11.86,0.0,0.1
43410,"Chicken, meatless, breaded, fried",234.0,21.28,8.51,12.77,4.3
43417,"Babyfood, meat, beef with vegetables, toddler",68.0,3.5,8.72,2.1,1.8
43432,"Babyfood, dinner, macaroni, beef and tomato sauce, toddler",81.0,4.34,11.53,1.9,1.1
43441,"Rolls, pumpernickel",276.0,10.8,51.87,2.8,5.4
43447,"Snacks, corn-based, extruded, chips, unsalted",557.0,6.6,57.4,33.4,4.4
43449,"Beans, baked, canned, no salt added",105.0,4.8,20.49,0.4,5.5
43450,"Frozen novelties, juice type, juice with cream",115.0,1.41,24.11,1.41,0.1
43476,Tofu yogurt,94.0,3.5,15.96,1.8,0.2
43479,"Alcoholic beverage, rice (sake)",134.0,0.5,5.0,0.0,0.0
43483,"Millet, puffed",354.0,13.0,80.0,3.4,2.7
43495,"Cereals ready-to-eat, OAT BRAN FLAKES, HEALTH VALLEY",380.0,10.0,78.0,3.0,8.0
43497,"Jellyfish, dried, salted",36.0,5.5,0.0,1.4,0.0
43506,"Frozen novelties, ice cream type, chocolate or caramel covered, with nuts",323.0,4.4,30.9,20.2,0.6
43507,"Frankfurter, low sodium",312.0,12.0,1.8,28.51,0.0
43514,"Frozen novelties, ice type, pop, with low calorie sweetener",24.0,0.0,5.92,0.0,0.0
43523,"Babyfood, mixed fruit yogurt, strained",75.0,0.8,16.23,0.8,0.4
43528,"Beverages, ABBOTT, ENSURE PLUS, ready-to-drink",141.0,5.16,19.88,4.52,0.0
43529,"Babyfood, rice and apples, dry",396.0,6.7,86.89,2.4,3.0
43535,"Babyfood, juice, apple - cherry",47.0,0.2,11.2,0.1,0.3
43536,"Babyfood, dessert, peach yogurt",76.0,0.9,17.6,0.18,0.4
43537,"Babyfood, dessert, blueberry yogurt, strained",77.0,0.5,17.05,0.7,0.4
43539,"Babyfood, dessert, banana yogurt, strained",78.0,1.1,17.35,0.52,0.5
43541,"Ice creams, chocolate, rich",251.0,4.72,19.78,16.98,0.9
43543,"Milk, imitation, non-soy",46.0,1.6,5.3,2.0,0.0
43544,"Babyfood, cereal, rice with pears and apple, dry, instant fortified",389.0,6.6,88.5,0.9,2.6
43546,"Babyfood, banana no tapioca, strained",91.0,1.0,21.34,0.2,1.6
43550,"Babyfood, banana apple dessert, strained",68.0,0.3,16.3,0.2,1.0
43566,"Snacks, tortilla chips, light (baked with less oil)",465.0,8.7,73.4,15.2,5.7
43570,"Cereals ready-to-eat, POST, HONEY BUNCHES OF OATS, honey roasted",401.0,7.12,81.19,5.46,4.2
43572,"Popcorn, microwave, low fat and sodium",429.0,12.6,73.39,9.5,14.2
43585,"Babyfood, fruit supreme dessert",73.0,0.5,17.18,0.2,2.0
43589,"Cheese, swiss, low fat",179.0,28.4,3.4,5.1,0.0
43595,"Breakfast bar, corn flake crust with fruit",377.0,4.4,72.9,7.5,2.1
43597,"Cheese, mozzarella, low sodium",280.0,27.5,3.1,17.1,0.0
43598,"Mayonnaise dressing, no cholesterol",688.0,0.0,0.3,77.8,0.0
44005,"Oil, corn, peanut, and olive",884.0,0.0,0.0,100.0,0.0
44018,"Sweeteners, tabletop, fructose, liquid",279.0,0.0,76.1,0.0,0.1
44048,"Cheese food, pasteurized process, American, imitation, without added vitamin D",257.0,4.08,16.18,19.5,0.0
44055,"Celery flakes, dried",319.0,11.3,63.7,2.1,27.8
44061,"Puddings, chocolate flavor, low calorie, instant, dry mix",356.0,5.3,78.2,2.4,6.1
44074,"Babyfood, grape juice, no sugar, canned",62.0,0.0,15.38,0.0,0.0
44110,"Jellies, reduced sugar, home preserved",179.0,0.3,46.1,0.03,0.8
44158,"Pie fillings, blueberry, canned",181.0,0.41,44.38,0.2,2.6
44203,"Beverages, Cocktail mix, non-alcoholic, concentrated, frozen",287.0,0.08,71.6,0.01,0.0
44258,"Puddings, chocolate flavor, low calorie, regular, dry mix",365.0,10.08,74.42,3.0,10.1
44259,"Puddings, all flavors except chocolate, low calorie, regular, dry mix",351.0,1.6,86.04,0.1,0.9
44260,"Puddings, all flavors except chocolate, low calorie, instant, dry mix",350.0,0.81,84.66,0.9,0.8
48052,Vital wheat gluten,370.0,75.16,13.79,1.85,0.6
80200,"Frog legs, raw",73.0,16.4,0.0,0.3,0.0
83110,"Fish, mackerel, salted",305.0,18.5,0.0,25.1,0.0
90240,"Mollusks, scallop, (bay and sea), cooked, steamed",111.0,20.54,5.41,0.84,0.0
90480,"Syrup, Cane",269.0,0.0,73.14,0.0,0.0
90560,"Mollusks, snail, raw",90.0,16.1,2.0,1.4,0.0
93600,"Turtle, green, raw",89.0,19.8,0.0,0.5,0.0
